data,codice_articolo,cliente,quantita,prezzo_unitario
2025-06-05,,,3,79.00
2025-05-14,P007,C0080,3,79.00
2025-08-04,P014,C0113,2,8.90
2025-07-18,P012,C0437,1,19.99
2025-04-22,P005,C0183,20,19.99
2025-10-11,P012,C0414,4,8.90
2025-11-09,P019,C0299,2,35.00
2025-09-27,P010,C0384,0,49.90
2025-06-11,P014,C0027,3,49.90
2025-08-02,P007,C0411,1,49.90
2025-12-15,P008,C0424,4,19.99
2025-04-26,P002,C0188,1,19.99
2025-03-02,P011,C0013,2,79.00
2025-11-16,P020,C0364,3,35.00
2025-12-06,P015,C0435,5,79.00
2025-02-27,P016,C0029,20,8.90
2025-11-24,P012,C0104,1,12.50
2025-01-19,P005,C0034,4,79.00
2025-01-21,P018,C0257,5,19.99
2025-05-16,P007,C0070,10,8.90
2025-08-08,P008,C0439,2,12.50
2025-05-12,P014,C0301,3,19.99
2025-06-29,P006,C0128,1,35.00
2025-06-13,P007,C0496,1,79.00
2025-04-13,P011,C0342,5,79.00
2025-07-30,P004,C0495,3,19.99
2025-05-16,P004,C0399,3,24.75
2025-07-21,P016,C0053,1,24.75
2025-07-09,P015,C0068,5,49.90
2025-09-20,P003,C0446,1,79.00
2025-07-03,P001,C0365,10,19.99
2025-09-15,P013,C0161,1,79.00
2025-11-13,P012,C0405,4,79.00
2025-05-03,P007,C0434,2,12.50
2025-03-02,P016,C0201,2,79.00
2025-05-28,P013,C0085,0,35.00
2025-09-10,P012,C0136,1,12.50
2025-09-06,P015,C0424,2,35.00
2025-10-06,P005,C0146,5,24.75
2025-08-24,P013,C0136,10,24.75
2025-05-26,P010,C0189,4,35.00
2025-05-04,P005,C0142,4,19.99
2025-09-27,P007,C0298,10,24.75
2025-08-11,P007,C0304,4,35.00
2025-07-03,P010,C0116,2,79.00
2025-07-06,P010,C0330,2,8.90
2025-05-21,P015,C0346,3,8.90
2025-10-22,P003,C0018,10,24.75
2025-05-15,P016,C0407,5,79.00
2025-11-29,P011,C0200,1,19.99
2025-11-24,P014,C0289,4,49.90
2025-03-30,P016,C0242,4,12.50
2025-07-19,P014,C0436,1,79.00
2025-10-02,P012,C0027,5,12.50
2025-02-16,P016,C0382,3,19.99
2025-05-03,P006,C0175,5,49.90
2025-09-04,P018,C0201,1,19.99
2025-02-13,P006,C0224,5,49.90
2025-06-06,P003,C0497,3,79.00
2025-10-21,P019,C0240,1,8.90
2025-07-10,P010,C0102,3,35.00
2025-10-11,P013,C0463,1,24.75
2025-07-04,P017,C0141,1,12.50
2025-09-21,P010,C0274,1,49.90
2025-01-06,P003,C0411,5,35.00
2025-05-18,P011,C0447,1,49.90
2025-08-24,P017,C0487,1,35.00
2025-07-31,P012,C0296,4,19.99
2025-06-01,P005,C0452,2,49.90
2025-11-29,P012,C0123,3,24.75
2025-03-14,P005,C0141,1,8.90
2025-01-10,P001,C0126,3,35.00
2025-08-29,P015,C0066,2,79.00
2025-09-19,P001,C0435,3,19.99
2025-03-18,P014,C0388,4,35.00
2025-05-17,P001,C0297,20,79.00
2025-06-11,P020,C0234,1,19.99
2025-06-27,P020,C0041,3,49.90
2025-11-02,P008,C0204,5,8.90
2025-12-16,P006,C0398,2,49.90
2025-10-19,P020,C0240,10,12.50
2025-09-12,P011,C0272,3,19.99
2025-03-16,P013,C0445,3,35.00
2025-01-31,P004,C0036,2,79.00
2025-01-05,P013,C0247,5,8.90
2025-10-05,P017,C0353,1,24.75
2025-12-11,P005,C0389,1,12.50
2025-11-27,P007,C0124,3,19.99
2025-06-02,P011,C0051,2,49.90
2025-11-21,P004,C0002,5,79.00
2025-08-21,P006,C0381,3,35.00
2025-12-17,P018,C0162,4,49.90
2025-08-04,P018,C0451,4,24.75
2025-01-19,P001,C0452,2,12.50
2025-07-27,P008,C0347,2,79.00
2025-01-21,P007,C0177,5,49.90
2025-10-25,P013,C0380,3,8.90
2025-04-26,P003,C0012,10,79.00
2025-04-15,P005,C0274,20,19.99
2025-07-26,P002,C0064,4,79.00
2025-12-02,P005,C0333,3,24.75
2025-08-09,P001,C0118,1,49.90
2025-06-27,P006,C0327,1,24.75
2025-06-21,P017,C0219,4,24.75
2025-02-02,P017,C0267,1,8.90
2025-08-24,P014,C0456,10,79.00
2025-03-27,P002,C0040,10,24.75
2025-11-02,P013,C0210,1,35.00
2025-11-10,P011,C0440,4,24.75
2025-06-04,P007,C0433,1,12.50
2025-10-11,P017,C0338,3,35.00
2025-09-08,P008,C0272,3,24.75
2025-03-22,P018,C0123,2,49.90
2025-02-05,P017,C0179,5,12.50
2025-03-17,P009,C0166,2,35.00
2025-08-08,P017,C0143,2,19.99
2025-12-31,P020,C0082,10,49.90
2025-11-04,P004,C0438,5,8.90
2025-04-10,P001,C0043,5,35.00
2025-05-25,P001,C0076,20,24.75
2025-09-12,P006,C0497,1,12.50
2025-05-03,P005,C0099,4,24.75
2025-03-20,P017,C0077,1,49.90
2025-04-24,P020,C0248,3,12.50
2025-12-26,P004,C0273,1,79.00
2025-06-19,P008,C0419,1,35.00
2025-06-27,P014,C0490,3,35.00
2025-07-09,P017,C0182,20,79.00
2025-01-27,P002,C0488,2,79.00
2025-04-16,P004,C0131,3,8.90
2025-07-29,P009,C0261,1,24.75
2025-07-27,P013,C0443,1,24.75
2025-05-11,P009,C0357,1,24.75
2025-10-24,P005,C0333,2,8.90
2025-07-10,P005,C0385,3,24.75
2025-11-28,P018,C0011,4,12.50
2025-10-22,P003,C0299,2,12.50
2025-04-09,P010,C0118,2,79.00
2025-10-04,P020,C0303,1,19.99
2025-10-02,P003,C0475,3,35.00
2025-01-21,P003,C0090,3,49.90
2025-03-10,P018,C0180,1,49.90
2025-08-15,P002,C0067,4,35.00
2025-04-07,P003,C0210,1,79.00
2025-01-22,P019,C0295,1,19.99
2025-02-23,P005,C0034,3,8.90
2025-08-13,P012,C0359,2,49.90
2025-12-16,P010,C0192,1,12.50
2025-09-21,P004,C0424,2,49.90
2025-10-14,P019,C0495,1,35.00
2025-12-06,P002,C0064,2,8.90
2025-08-20,P005,C0307,10,8.90
2025-07-04,P002,C0309,3,24.75
2025-06-29,P012,C0318,2,19.99
2025-02-19,P005,C0125,2,79.00
2025-08-01,P017,C0071,-2,19.99
2025-08-27,P014,C0442,4,79.00
2025-06-17,P018,C0143,2,19.99
2025-06-17,P003,C0224,1,35.00
2025-10-04,P002,C0469,1,35.00
2025-06-22,P005,C0004,20,79.00
2025-06-24,P014,C0488,5,79.00
2025-08-26,P005,C0029,4,35.00
2025-09-15,P001,C0069,4,12.50
2025-03-25,P018,C0383,2,79.00
2025-02-28,P013,C0181,4,12.50
2025-01-28,P016,C0301,1,8.90
2025-07-01,P010,C0061,2,19.99
2025-09-06,P017,C0337,10,8.90
2025-07-11,P003,C0093,1,12.50
2025-09-09,P005,C0092,2,35.00
2025-03-12,P019,C0451,3,12.50
2025-04-30,P013,C0138,2,49.90
2025-01-20,P002,C0351,4,79.00
2025-04-03,P012,C0099,2,49.90
2025-11-16,P016,C0193,1,12.50
2025-02-23,P019,C0155,3,19.99
2025-10-19,P019,C0291,2,49.90
2025-02-20,P010,C0085,3,35.00
2025-04-02,P008,C0059,3,12.50
2025-01-20,P019,C0475,2,19.99
2025-10-17,P010,C0039,2,8.90
2025-08-17,P001,C0376,3,35.00
2025-10-29,P019,C0439,4,19.99
2025-11-19,P002,C0121,3,35.00
2025-01-15,P016,C0133,2,12.50
2025-12-12,P007,C0266,20,79.00
2025-04-24,P005,C0223,3,12.50
2025-08-27,P005,C0129,20,79.00
2025-08-08,P003,C0230,1,49.90
2025-03-28,P018,C0186,2,49.90
2025-08-31,P006,C0492,3,79.00
2025-12-11,P016,C0222,2,35.00
2025-08-03,P020,C0060,2,24.75
2025-12-23,P010,C0484,3,24.75
2025-09-21,P016,C0463,2,8.90
2025-06-12,P020,C0316,3,12.50
2025-01-02,P001,C0003,5,19.99
2025-06-02,P016,C0352,1,49.90
2025-01-18,P005,C0118,3,24.75
2025-07-24,P011,C0214,1,49.90
2025-08-09,P012,C0194,1,79.00
2025-10-22,P016,C0112,1,19.99
2025-06-27,P012,C0197,2,35.00
2025-06-05,P016,C0020,1,12.50
2025-08-20,P001,C0155,4,24.75
2025-07-07,P012,C0376,1,12.50
2025-07-23,P008,C0460,5,19.99
2025-05-04,P003,C0080,4,24.75
2025-03-21,P010,C0228,4,19.99
2025-08-28,P018,C0058,3,19.99
2025-02-04,P015,C0384,2,49.90
2025-09-13,P005,C0231,5,12.50
2025-04-21,P007,C0111,1,8.90
2025-02-15,P016,C0465,5,12.50
2025-10-30,P020,C0430,1,35.00
2025-11-08,P014,C0182,1,19.99
2025-04-20,P006,C0331,4,24.75
2025-01-30,P002,C0312,3,35.00
2025-04-30,P012,C0342,2,12.50
2025-01-24,P004,C0212,1,79.00
2025-05-02,P010,C0484,1,24.75
2025-05-01,P007,C0033,4,79.00
2025-05-28,P009,C0109,2,8.90
2025-05-03,P002,C0269,1,19.99
2025-06-29,P015,C0029,-2,12.50
2025-08-20,P011,C0033,4,79.00
2025-11-18,P007,C0398,4,12.50
2025-04-02,P009,C0189,4,79.00
2025-02-09,P010,C0118,3,79.00
2025-04-21,P001,C0353,10,19.99
2025-11-04,P014,C0358,1,19.99
2025-12-20,P018,C0149,4,79.00
2025-01-18,P019,C0095,3,79.00
2025-07-12,P020,C0125,3,12.50
2025-02-20,P007,C0088,5,8.90
2025-08-08,P018,C0347,1,24.75
2025-03-02,P015,C0098,5,49.90
2025-10-25,P014,C0202,3,49.90
2025-06-19,P019,C0218,2,8.90
2025-05-19,P006,C0184,1,49.90
2025-10-05,P010,C0224,5,19.99
2025-02-19,P016,C0069,3,19.99
2025-03-27,P004,C0241,4,35.00
2025-10-12,P015,C0261,2,24.75
2025-09-01,P010,C0072,4,79.00
2025-12-04,P001,C0448,4,12.50
2025-08-01,P012,C0496,2,79.00
2025-01-29,P019,C0342,3,12.50
2025-03-24,P006,C0274,3,49.90
2025-01-15,P009,C0284,1,35.00
2025-06-08,P007,C0485,1,8.90
2025-11-27,P005,C0385,1,8.90
2025-07-27,P001,C0313,3,24.75
2025-01-16,P006,C0314,2,35.00
2025-04-03,P013,C0102,3,49.90
2025-11-17,P004,C0422,10,8.90
2025-08-31,P009,C0139,4,12.50
2025-06-20,P004,C0170,1,49.90
2025-10-29,P015,C0033,4,35.00
2025-02-02,P014,C0214,2,8.90
2025-03-02,P008,C0019,2,19.99
2025-11-15,P004,C0025,3,35.00
2025-11-30,P003,C0468,1,24.75
2025-09-06,P016,C0109,5,8.90
2025-09-15,P020,C0240,4,8.90
2025-09-30,P018,C0232,10,79.00
2025-07-22,P012,C0073,3,19.99
2025-04-07,P015,C0368,2,19.99
2025-01-21,P020,C0487,3,35.00
2025-07-22,P008,C0038,3,79.00
2025-07-05,P013,C0452,1,79.00
2025-01-02,P001,C0145,0,24.75
2025-12-16,P007,C0212,3,12.50
2025-09-15,P014,C0202,0,12.50
2025-01-20,P001,C0129,1,19.99
2025-01-18,P018,C0451,5,49.90
2025-02-22,P004,C0020,3,24.75
2025-09-25,P010,C0104,1,19.99
2025-10-22,P009,C0450,3,24.75
2025-10-05,P018,C0214,2,12.50
2025-02-21,P003,C0090,2,19.99
2025-03-06,P011,C0470,20,19.99
2025-05-17,P012,C0397,10,19.99
2025-01-06,P016,C0326,1,79.00
2025-03-15,P018,C0266,1,49.90
2025-05-24,P018,C0063,3,79.00
2025-04-22,P015,C0464,10,8.90
2025-08-27,P011,C0279,2,12.50
2025-01-21,P006,C0325,2,35.00
2025-01-23,P007,C0442,10,19.99
2025-06-07,P015,C0247,3,49.90
2025-07-27,P004,C0445,2,8.90
2025-09-24,P014,C0091,2,49.90
2025-10-13,P017,C0318,4,8.90
2025-06-02,P019,C0357,20,49.90
2025-07-28,P010,C0108,2,79.00
2025-03-29,P014,C0144,2,8.90
2025-02-05,P001,C0140,4,19.99
2025-02-08,P018,C0233,2,19.99
2025-12-19,P003,C0463,1,19.99
2025-04-29,P009,C0172,4,24.75
2025-08-24,P016,C0485,4,8.90
2025-08-04,P008,C0085,2,49.90
2025-03-06,P019,C0258,10,12.50
2025-07-27,P011,C0411,1,24.75
2025-03-23,P013,C0178,5,19.99
2025-12-29,P009,C0368,2,12.50
2025-08-04,P016,C0162,2,24.75
2025-12-12,P014,C0246,4,12.50
2025-09-19,P015,C0076,4,24.75
2025-02-20,P018,C0031,4,8.90
2025-03-23,P001,C0386,5,19.99
2025-04-29,P004,C0305,10,19.99
2025-05-17,P008,C0484,1,19.99
2025-05-27,P015,C0370,3,8.90
2025-02-26,P004,C0397,2,24.75
2025-05-10,P013,C0206,3,12.50
2025-07-17,P019,C0206,2,35.00
2025-05-10,P007,C0474,4,49.90
2025-01-22,P020,C0003,3,49.90
2025-09-28,P017,C0202,1,79.00
2025-01-20,P005,C0340,4,12.50
2025-03-09,P012,C0384,2,49.90
2025-02-24,P001,C0140,4,19.99
2025-07-25,P018,C0262,5,8.90
2025-05-03,P001,C0393,1,12.50
2025-01-09,P012,C0249,2,35.00
2025-06-11,,C0076,10,19.99
2025-09-04,P017,C0172,1,24.75
2025-08-11,P018,C0187,2,35.00
2025-10-27,P008,C0174,5,8.90
2025-05-01,P020,C0203,2,19.99
2025-11-24,P006,C0208,3,49.90
2025-04-28,P009,C0009,4,8.90
2025-11-25,P006,C0025,2,8.90
2025-08-25,P015,C0447,3,12.50
2025-07-27,P008,C0072,10,35.00
2025-01-02,P014,C0021,4,35.00
2025-12-13,P011,C0370,1,24.75
2025-01-18,P017,C0301,3,8.90
2025-01-08,P006,C0244,4,49.90
2025-07-25,P019,C0173,2,49.90
2025-07-05,P013,C0442,3,35.00
2025-04-12,P020,C0362,1,35.00
2025-12-06,P013,C0155,1,79.00
2025-05-28,P018,C0206,3,35.00
2025-04-30,P012,C0492,2,35.00
2025-09-18,P016,C0325,3,24.75
2025-09-26,P017,C0164,1,35.00
2025-02-01,P005,C0316,3,8.90
2025-01-05,P005,C0146,1,24.75
2025-07-29,P003,C0162,10,35.00
2025-03-24,P009,C0197,1,24.75
2025-05-17,P003,C0317,2,8.90
2025-09-06,P006,C0230,1,8.90
2025-08-11,P007,C0099,3,12.50
2025-04-20,P007,C0395,1,24.75
2025-01-03,P017,C0493,4,49.90
2025-01-11,P020,C0417,2,79.00
2025-02-10,P010,C0172,10,19.99
2025-02-06,P019,C0298,2,35.00
2025-04-26,P019,C0329,5,79.00
2025-01-28,P003,C0144,1,19.99
2025-02-05,P019,C0135,1,24.75
2025-07-27,P017,C0448,2,12.50
2025-04-21,P014,C0093,1,49.90
2025-12-26,P001,C0123,1,79.00
2025-12-11,P009,C0032,2,79.00
2025-08-09,P018,C0165,1,35.00
2025-12-23,P019,C0165,4,8.90
2025-02-07,P005,C0331,1,49.90
2025-11-06,P007,C0171,10,24.75
2025-08-29,P015,C0210,4,79.00
2025-06-23,P019,C0256,1,12.50
2025-01-31,P011,C0006,5,35.00
2025-10-02,P004,C0155,5,79.00
2025-04-13,P011,C0172,4,24.75
2025-01-11,P005,C0229,2,12.50
2025-12-03,P014,C0330,2,35.00
2025-10-05,P020,C0248,2,8.90
2025-01-19,P007,C0355,10,24.75
2025-11-05,P002,C0139,2,35.00
2025-02-06,P015,C0421,3,19.99
2025-01-27,P012,C0453,20,79.00
2025-09-19,P007,C0099,3,79.00
2025-05-14,P008,C0368,1,8.90
2025-04-22,P008,C0299,5,35.00
2025-09-19,P009,C0358,2,35.00
2025-03-14,P006,C0163,3,24.75
2025-07-09,P011,C0241,2,35.00
2025-08-29,P007,C0142,1,19.99
2025-03-26,P007,C0443,3,8.90
2025-01-04,P020,C0022,10,35.00
2025-05-19,P006,C0019,10,12.50
2025-10-19,P004,C0175,1,35.00
2025-12-28,P015,C0454,10,19.99
2025-12-23,P010,C0153,2,8.90
2025-06-15,P020,C0043,1,49.90
2025-08-29,P005,C0364,2,24.75
2025-03-04,P014,C0195,4,24.75
2025-08-08,P012,C0406,4,79.00
2025-06-30,P013,C0265,5,35.00
2025-06-10,P010,C0472,2,8.90
2025-12-29,P002,C0350,3,19.99
2025-02-10,P010,C0129,20,79.00
2025-04-12,P006,C0178,1,24.75
2025-05-28,P003,C0445,3,24.75
2025-08-02,P002,C0334,2,19.99
2025-05-22,P011,C0323,5,79.00
2025-07-30,P009,C0098,3,12.50
2025-12-21,P019,C0480,3,24.75
2025-04-01,P013,C0420,2,35.00
2025-01-23,P003,C0485,2,12.50
2025-01-08,P005,C0347,1,19.99
2025-12-02,P012,C0330,1,19.99
2025-12-25,P014,C0267,1,79.00
2025-11-30,P002,C0095,0,79.00
2025-02-18,P014,C0490,2,49.90
2025-11-22,P004,C0219,2,12.50
2025-05-07,P009,C0378,5,49.90
2025-06-28,P006,C0478,3,35.00
2025-04-11,P007,C0500,1,79.00
2025-07-26,P008,C0010,3,35.00
2025-10-22,P011,C0269,2,19.99
2025-01-18,P018,C0404,5,49.90
2025-12-03,P018,C0030,1,19.99
2025-12-04,P011,C0027,1,8.90
2025-08-31,P010,C0433,2,79.00
2025-09-28,P004,C0395,2,8.90
2025-11-04,P017,C0086,3,35.00
2025-03-20,P019,C0015,4,79.00
2025-03-01,P007,C0171,2,12.50
2025-08-10,P001,C0386,2,8.90
2025-10-16,P002,C0136,-2,24.75
2025-09-24,P003,C0111,2,24.75
2025-03-13,P019,C0081,1,19.99
2025-07-29,P010,C0074,5,24.75
2025-12-29,P008,C0428,4,24.75
2025-11-06,P010,C0450,2,49.90
2025-04-25,P014,C0327,1,35.00
2025-12-07,P017,C0488,1,8.90
2025-10-01,P013,C0274,10,19.99
2025-02-19,P005,C0386,10,12.50
2025-09-03,P013,C0271,3,12.50
2025-04-28,P012,C0477,1,49.90
2025-12-01,P014,C0013,1,24.75
2025-01-09,P020,C0166,2,12.50
2025-08-26,P014,C0488,1,35.00
2025-02-07,P004,C0244,3,8.90
2025-03-04,P011,C0154,2,24.75
2025-12-09,P014,C0221,4,8.90
2025-02-10,P011,C0388,2,12.50
2025-08-13,P007,C0382,1,24.75
2025-12-13,P016,C0107,3,24.75
2025-11-22,P019,C0205,3,35.00
2025-10-24,P016,C0066,3,35.00
2025-12-05,P015,C0169,1,49.90
2025-08-13,P014,C0372,1,19.99
2025-02-15,P020,C0111,3,79.00
2025-11-18,P017,C0320,4,24.75
2025-06-18,P013,C0078,1,12.50
2025-05-24,P006,C0442,1,49.90
2025-12-20,P007,C0189,1,49.90
2025-11-17,P002,C0458,1,8.90
2025-03-16,P005,C0097,4,19.99
2025-03-05,P019,C0386,2,24.75
2025-06-23,P009,C0025,1,79.00
2025-06-13,P006,C0308,10,8.90
2025-02-16,P013,C0301,5,35.00
2025-08-26,P007,C0476,1,12.50
2025-10-30,P013,C0168,1,35.00
2025-01-25,P007,C0429,2,12.50
2025-10-12,P015,C0398,2,19.99
2025-04-21,P007,C0410,3,12.50
2025-06-28,P006,C0006,1,12.50
2025-03-11,P019,C0239,3,79.00
2025-05-22,P016,C0226,-2,35.00
2025-11-22,P019,C0382,1,19.99
2025-11-02,P009,C0335,1,8.90
2025-02-22,P008,C0396,1,35.00
2025-12-06,P018,C0099,1,19.99
2025-06-18,P011,C0136,2,19.99
2025-06-03,P009,C0261,2,8.90
2025-06-05,P009,C0214,2,35.00
2025-11-11,P017,C0347,2,24.75
2025-02-25,P008,C0319,3,79.00
2025-03-26,P010,C0392,5,8.90
2025-10-04,P003,C0362,1,79.00
2025-05-14,P004,C0279,4,19.99
2025-08-18,P019,C0275,1,35.00
2025-05-29,P012,C0014,2,19.99
2025-12-04,P013,C0381,4,19.99
2025-06-13,P005,C0491,2,8.90
2025-07-28,P012,C0043,4,19.99
2025-01-29,P018,C0187,3,49.90
2025-04-09,P019,C0124,1,12.50
2025-12-29,P002,C0110,2,79.00
2025-01-03,P007,C0001,10,8.90
2025-09-27,P007,C0268,2,79.00
2025-07-15,P007,C0033,2,35.00
2025-03-28,P013,C0204,2,79.00
2025-10-21,P011,C0297,2,8.90
2025-10-29,P002,C0394,3,49.90
2025-09-26,P019,C0214,1,8.90
2025-03-01,P015,C0425,2,12.50
2025-10-06,P004,C0355,4,35.00
2025-02-19,P013,C0398,1,49.90
2025-01-28,P006,C0134,2,19.99
2025-03-04,P007,C0048,2,8.90
2025-05-14,P004,C0365,1,8.90
2025-10-26,P011,C0494,3,8.90
2025-12-14,P007,C0188,1,35.00
2025-04-12,P011,C0030,1,12.50
2025-02-04,P001,C0472,1,12.50
2025-12-20,P001,C0054,1,19.99
2025-01-23,P019,C0397,5,24.75
2025-09-29,P008,C0184,4,49.90
2025-02-17,P011,C0369,10,24.75
2025-12-21,P004,C0192,3,24.75
2025-02-21,P006,C0472,2,49.90
2025-06-13,P019,C0321,4,12.50
2025-10-24,P009,C0355,5,35.00
2025-05-01,P018,C0329,1,79.00
2025-12-14,P011,C0373,1,35.00
2025-12-14,P007,C0170,4,8.90
2025-04-04,P006,C0100,2,8.90
2025-10-29,P005,C0383,5,8.90
2025-08-19,P016,C0097,20,49.90
2025-07-07,P015,C0179,5,19.99
2025-04-17,P011,C0474,3,49.90
2025-06-10,P011,C0397,3,12.50
2025-04-04,P016,C0057,2,79.00
2025-04-16,P011,C0392,1,19.99
2025-01-09,P008,C0013,4,35.00
2025-05-22,P012,C0398,1,12.50
2025-07-08,P020,C0243,1,8.90
2025-04-05,P013,C0283,1,12.50
2025-12-20,P016,C0308,1,19.99
2025-11-23,P013,C0221,1,8.90
2025-02-16,P010,C0338,3,24.75
2025-10-14,P009,C0016,4,24.75
2025-08-29,P006,C0357,5,8.90
2025-06-14,P014,C0302,2,24.75
2025-11-08,P007,C0117,3,24.75
2025-09-08,P007,C0123,5,8.90
2025-11-25,P001,C0098,2,12.50
2025-11-06,P004,C0147,10,8.90
2025-09-16,P020,C0467,4,8.90
2025-12-26,P015,C0182,4,19.99
2025-09-02,P003,C0110,10,24.75
2025-07-02,P014,C0031,4,24.75
2025-12-15,P012,C0134,3,19.99
2025-09-22,P005,C0385,1,8.90
2025-07-04,P003,C0322,2,35.00
2025-12-04,P006,C0338,1,8.90
2025-03-19,P015,C0131,1,79.00
2025-09-30,P007,C0238,1,24.75
2025-06-05,P013,C0254,2,12.50
2025-03-06,P013,C0174,5,24.75
2025-07-17,P011,C0401,2,35.00
2025-01-31,P011,C0119,2,49.90
2025-11-30,P005,C0256,2,49.90
2025-10-23,P013,C0126,2,79.00
2025-11-22,P017,C0481,3,79.00
2025-12-02,P008,C0289,2,49.90
2025-06-08,P009,C0296,2,79.00
2025-07-02,P008,C0270,20,19.99
2025-01-12,P017,C0049,2,49.90
2025-05-01,P020,C0411,5,12.50
2025-07-13,P018,C0276,4,12.50
2025-06-19,P019,C0456,4,49.90
2025-04-18,P007,C0439,2,35.00
2025-06-30,P018,C0374,1,79.00
2025-01-11,P006,C0230,5,35.00
2025-12-19,P004,C0113,1,79.00
2025-10-05,P008,C0275,2,19.99
2025-08-09,P011,C0211,1,24.75
2025-11-25,P015,C0284,2,24.75
2025-09-20,P001,C0457,10,49.90
2025-10-17,P004,C0178,1,24.75
2025-12-23,P008,C0471,20,24.75
2025-02-20,P011,C0398,1,24.75
2025-04-03,P007,C0010,5,79.00
2025-06-14,P001,C0452,2,12.50
2025-12-29,P003,C0054,4,12.50
2025-07-04,P013,C0281,2,19.99
2025-03-09,P001,C0120,5,49.90
2025-01-16,P005,C0070,2,19.99
2025-12-14,P012,C0415,2,35.00
2025-11-11,P002,C0016,5,24.75
2025-05-17,P010,C0009,5,35.00
2025-11-08,P008,C0172,10,79.00
2025-06-23,P018,C0356,5,35.00
2025-09-21,P018,C0132,3,79.00
2025-07-21,P008,C0321,1,8.90
2025-08-30,P002,C0149,2,24.75
2025-12-06,P012,C0290,3,19.99
2025-09-05,P012,C0264,3,24.75
2025-07-12,P007,C0244,2,19.99
2025-09-20,P016,C0490,4,79.00
2025-01-01,P004,C0300,4,79.00
2025-07-30,P002,C0002,1,49.90
2025-09-02,P005,C0251,2,19.99
2025-08-19,P013,C0246,2,79.00
2025-11-11,P001,C0356,1,79.00
2025-08-07,P012,C0374,1,8.90
2025-08-28,P012,C0105,2,8.90
2025-01-10,P013,C0369,2,19.99
2025-02-04,P011,C0134,1,12.50
2025-09-25,P003,C0072,2,12.50
2025-10-29,P001,C0466,5,8.90
2025-04-28,P016,C0432,2,79.00
2025-12-29,P015,C0193,4,79.00
2025-09-20,P009,C0215,2,79.00
2025-09-24,P006,C0086,1,49.90
2025-02-23,P016,C0298,2,79.00
2025-10-01,P013,C0052,2,24.75
2025-04-16,P010,C0040,5,8.90
2025-12-07,P006,C0223,5,35.00
2025-05-10,P005,C0272,2,35.00
2025-09-11,P016,C0026,3,8.90
2025-05-04,P003,C0157,5,8.90
2025-12-15,P007,C0104,1,79.00
2025-09-07,P017,C0169,3,12.50
2025-05-10,P015,C0229,2,24.75
2025-12-09,P002,C0314,1,19.99
2025-11-17,P002,C0323,3,19.99
2025-11-30,P003,C0167,1,49.90
2025-04-06,P020,C0391,1,8.90
2025-02-22,P007,C0080,2,24.75
2025-06-26,P007,C0056,3,49.90
2025-03-24,P018,C0235,5,19.99
2025-06-13,P002,C0208,5,8.90
2025-09-23,P012,C0082,1,79.00
2025-06-12,P005,C0300,1,49.90
2025-11-19,P002,C0098,2,8.90
2025-08-18,P018,C0156,1,8.90
2025-11-21,P020,C0056,2,8.90
2025-06-16,P001,C0139,10,8.90
2025-10-10,P007,C0002,1,12.50
2025-02-02,P001,C0241,1,24.75
2025-01-26,P019,C0491,3,19.99
2025-11-17,P009,C0217,4,12.50
2025-11-28,P015,C0121,4,24.75
2025-09-07,P002,C0373,1,24.75
2025-04-11,P012,C0366,5,35.00
2025-05-11,P017,C0270,10,79.00
2025-01-27,P017,C0027,20,8.90
2025-12-29,P001,C0260,3,79.00
2025-11-08,P009,C0028,1,8.90
2025-11-12,P015,C0433,10,35.00
2025-12-18,P006,C0134,3,79.00
2025-05-21,P002,C0248,4,24.75
2025-01-05,P018,C0439,1,19.99
2025-01-14,P016,C0168,3,24.75
2025-02-24,P018,C0312,4,24.75
2025-09-15,P020,C0481,5,8.90
2025-12-21,P003,C0197,2,12.50
2025-07-20,P012,C0489,2,79.00
2025-06-09,P011,C0300,0,12.50
2025-05-16,P019,C0271,2,19.99
2025-12-01,P004,C0320,4,35.00
2025-08-02,P018,C0487,1,79.00
2025-09-05,P019,C0481,2,24.75
2025-05-01,P010,C0452,10,12.50
2025-01-23,P005,C0233,4,79.00
2025-12-25,P007,C0198,2,79.00
2025-03-29,P011,C0079,1,8.90
2025-01-29,P008,C0368,1,19.99
2025-09-27,P019,C0085,-2,8.90
2025-08-29,P019,C0487,2,79.00
2025-07-12,P011,C0361,10,12.50
2025-02-23,P007,C0281,1,8.90
2025-06-13,P008,C0121,2,49.90
2025-06-11,P012,C0267,5,12.50
2025-12-08,P020,C0459,2,79.00
2025-09-07,P003,C0204,2,19.99
2025-06-27,P017,C0308,20,24.75
2025-04-08,P007,C0425,2,12.50
2025-12-29,P016,C0336,2,8.90
2025-11-23,P009,C0372,3,49.90
2025-11-07,P012,C0062,3,49.90
2025-11-13,P020,C0335,1,79.00
2025-10-22,P003,C0329,2,24.75
2025-06-19,,C0418,4,12.50
2025-05-08,P008,C0224,2,19.99
2025-02-26,P015,C0175,2,12.50
2025-11-12,P017,C0084,2,35.00
2025-07-11,P011,C0267,2,24.75
2025-02-04,P006,C0194,1,24.75
2025-06-24,P013,C0378,1,19.99
2025-09-17,P018,C0356,10,8.90
2025-02-15,P018,C0061,3,24.75
2025-07-21,P012,C0082,3,24.75
2025-06-08,P012,C0287,0,8.90
2025-01-31,P002,C0063,1,8.90
2025-12-24,P004,C0264,4,79.00
2025-04-28,P016,C0351,4,8.90
2025-08-16,P008,C0470,5,79.00
2025-06-28,P020,C0446,10,24.75
2025-04-28,P014,C0081,5,79.00
2025-01-15,P017,C0115,4,79.00
2025-11-04,P002,C0263,2,24.75
2025-11-17,P004,C0064,1,24.75
2025-05-10,P012,C0236,2,24.75
2025-08-07,P011,C0234,1,49.90
2025-04-27,P011,C0219,3,49.90
2025-09-23,P019,C0173,10,8.90
2025-03-01,P013,C0069,10,79.00
2025-06-13,P006,C0095,3,8.90
2025-02-08,P001,C0109,1,19.99
2025-08-23,P014,C0159,1,35.00
2025-02-09,P005,C0010,5,19.99
2025-02-24,P011,C0466,1,12.50
2025-05-24,P009,C0136,4,19.99
2025-05-25,P020,C0187,2,19.99
2025-01-18,P019,C0003,10,12.50
2025-09-02,P005,C0333,1,35.00
2025-02-04,P009,C0460,3,79.00
2025-11-30,P007,C0168,3,8.90
2025-07-02,P004,C0331,4,49.90
2025-01-20,P010,C0115,4,8.90
2025-08-22,P002,C0426,5,12.50
2025-09-12,P017,C0004,3,49.90
2025-01-18,P011,C0340,1,24.75
2025-07-01,P018,C0483,3,19.99
2025-12-23,P016,C0226,3,8.90
2025-01-07,P020,C0385,3,79.00
2025-03-22,P018,C0217,1,79.00
2025-02-04,P001,C0375,2,24.75
2025-12-22,P011,C0461,5,35.00
2025-10-17,P004,C0479,5,19.99
2025-11-02,P006,C0135,1,12.50
2025-09-09,P019,C0065,3,35.00
2025-07-30,P007,C0277,2,19.99
2025-05-14,P008,C0193,3,8.90
2025-07-06,P008,C0207,3,19.99
2025-06-23,P010,C0356,0,35.00
2025-08-11,P003,C0336,2,12.50
2025-10-22,P018,C0473,2,8.90
2025-07-08,P008,C0236,1,19.99
2025-12-02,P001,C0174,2,24.75
2025-03-23,P003,C0412,1,19.99
2025-07-13,P018,C0095,2,49.90
2025-09-14,P006,C0340,4,8.90
2025-01-15,P020,C0319,4,12.50
2025-09-23,P006,C0497,3,12.50
2025-12-23,P007,C0388,1,12.50
2025-04-25,P003,C0177,20,79.00
2025-03-15,P009,C0389,2,24.75
2025-11-25,P001,C0277,4,24.75
2025-01-22,P006,C0423,10,8.90
2025-05-04,P001,C0392,2,79.00
2025-09-05,P009,C0233,3,19.99
2025-03-07,P011,C0043,1,8.90
2025-11-28,P011,C0041,1,24.75
2025-11-25,P017,C0209,4,24.75
2025-05-17,P008,C0484,4,35.00
2025-03-03,P003,C0014,3,19.99
2025-08-07,P007,C0334,4,35.00
2025-03-13,P012,C0386,2,12.50
2025-06-12,P004,C0021,2,8.90
2025-01-25,P001,C0276,10,79.00
2025-10-03,P020,C0250,1,24.75
2025-10-20,P013,C0070,1,79.00
2025-10-31,P008,C0276,1,24.75
2025-02-10,P011,C0329,1,49.90
2025-04-08,P009,C0306,3,19.99
2025-02-10,P011,C0182,5,19.99
2025-03-01,P004,C0220,3,24.75
2025-12-28,P016,C0264,4,35.00
2025-03-12,P018,C0107,1,79.00
2025-06-05,P005,C0243,2,79.00
2025-02-22,P003,C0255,2,12.50
2025-05-11,P010,C0182,4,49.90
2025-10-12,P018,C0119,1,49.90
2025-03-11,P006,C0497,20,19.99
2025-04-09,P006,C0215,10,35.00
2025-11-28,P004,C0484,2,8.90
2025-06-03,P006,C0073,2,79.00
2025-10-06,P001,C0052,4,49.90
2025-12-28,P002,C0468,5,12.50
2025-10-08,P014,C0045,2,49.90
2025-04-09,P019,C0498,2,8.90
2025-09-22,P019,C0457,2,19.99
2025-03-17,P018,C0173,10,35.00
2025-12-19,P003,C0398,5,12.50
2025-02-08,P017,C0024,1,35.00
2025-02-09,P013,C0227,1,8.90
2025-03-08,P011,C0355,5,79.00
2025-11-21,P014,C0491,3,24.75
2025-05-18,P016,C0410,3,79.00
2025-12-24,P017,C0283,3,79.00
2025-02-23,P001,C0224,2,49.90
2025-12-29,P003,C0230,2,8.90
2025-01-27,P002,C0003,2,8.90
2025-10-01,P016,C0277,3,24.75
2025-08-28,P019,C0115,4,8.90
2025-04-23,P006,C0429,2,8.90
2025-08-07,P018,C0401,1,8.90
2025-07-28,P017,C0290,2,49.90
2025-07-25,P017,C0009,3,24.75
2025-03-26,P004,C0027,2,24.75
2025-12-06,P008,C0125,2,49.90
2025-07-02,P018,C0249,1,49.90
2025-09-10,P014,C0425,2,12.50
2025-05-26,P005,C0134,1,24.75
2025-08-14,P014,C0474,3,79.00
2025-07-19,P018,C0187,3,49.90
2025-10-25,P018,C0050,2,19.99
2025-10-04,P010,C0394,1,35.00
2025-08-11,P002,C0248,3,8.90
2025-03-22,P001,C0356,1,49.90
2025-11-29,P015,C0418,2,49.90
2025-09-25,P014,C0085,2,35.00
2025-02-27,P019,C0264,-2,24.75
2025-11-04,P006,C0294,1,8.90
2025-03-21,P010,C0210,1,12.50
2025-09-25,P008,C0366,2,79.00
2025-08-28,P019,C0229,1,35.00
2025-04-15,P006,C0054,5,19.99
2025-04-02,P004,C0373,3,24.75
2025-08-17,P001,C0345,4,35.00
2025-04-15,P018,C0190,5,8.90
2025-03-06,P015,C0364,1,24.75
2025-12-07,P017,C0185,1,49.90
2025-04-15,P017,C0394,4,8.90
2025-11-07,P017,C0424,1,12.50
2025-11-05,P006,C0225,4,79.00
2025-08-27,P016,C0031,4,49.90
2025-05-24,P019,C0048,4,19.99
2025-05-18,P005,C0019,1,35.00
2025-08-17,P001,C0466,2,49.90
2025-10-25,P007,C0007,1,79.00
2025-08-20,P007,C0003,1,19.99
2025-04-19,P008,C0065,5,79.00
2025-02-12,P020,C0467,4,8.90
2025-10-05,P006,C0040,3,79.00
2025-09-08,P019,C0311,-2,8.90
2025-01-23,P011,C0422,2,19.99
2025-09-04,P012,C0066,5,19.99
2025-12-12,P017,C0289,3,79.00
2025-07-25,P016,C0120,2,79.00
2025-04-21,P019,C0497,5,24.75
2025-01-27,P018,C0206,4,79.00
2025-07-13,P010,C0381,3,19.99
2025-10-06,P005,C0244,2,19.99
2025-04-10,P011,C0317,-2,8.90
2025-06-27,P016,C0474,5,12.50
2025-02-28,P002,C0152,3,19.99
2025-06-23,P014,C0432,3,49.90
2025-08-28,P018,C0466,1,12.50
2025-05-22,P018,C0499,3,8.90
2025-08-05,P001,C0461,5,35.00
2025-01-18,P016,C0104,2,35.00
2025-04-09,P001,C0481,3,8.90
2025-05-23,P002,C0155,3,49.90
2025-06-27,P003,C0078,1,24.75
2025-09-02,P019,C0301,2,12.50
2025-11-16,P005,C0014,2,19.99
2025-06-15,P020,C0104,1,19.99
2025-07-09,P005,C0043,2,35.00
2025-06-22,P010,C0319,1,79.00
2025-07-09,P002,C0113,1,79.00
2025-04-18,P011,C0091,5,24.75
2025-01-26,P015,C0031,3,8.90
2025-03-05,P001,C0411,1,8.90
2025-12-19,P015,C0037,1,35.00
2025-06-24,P017,C0453,2,12.50
2025-04-15,P011,C0137,4,12.50
2025-09-06,P008,C0055,3,24.75
2025-09-23,P006,C0125,2,49.90
2025-10-08,P012,C0003,10,19.99
2025-07-28,P006,C0243,4,35.00
2025-08-03,P007,C0112,3,35.00
2025-12-04,P017,C0018,3,79.00
2025-08-02,P016,C0189,10,79.00
2025-05-27,P013,C0059,10,24.75
2025-10-24,P013,C0319,4,24.75
2025-03-01,P001,C0496,2,35.00
2025-10-29,P003,C0442,3,49.90
2025-05-04,P005,C0037,2,8.90
2025-10-09,P005,C0107,5,8.90
2025-03-02,P016,C0484,5,12.50
2025-08-15,P019,C0310,3,19.99
2025-06-15,P015,C0081,4,8.90
2025-04-28,P013,C0326,2,24.75
2025-09-18,P018,C0072,1,49.90
2025-08-12,P019,C0160,3,8.90
2025-04-07,P001,C0499,2,79.00
2025-06-04,P009,C0344,1,8.90
2025-08-05,P018,C0067,3,35.00
2025-06-27,P005,C0316,1,49.90
2025-02-06,P020,C0236,10,8.90
2025-03-14,P020,C0478,3,8.90
2025-11-22,P019,C0319,1,8.90
2025-08-25,P003,C0168,1,35.00
2025-04-11,P010,C0041,4,19.99
2025-10-10,P016,C0059,10,35.00
2025-02-13,P007,C0491,1,79.00
2025-01-19,P010,C0133,2,35.00
2025-03-25,P010,C0031,1,19.99
2025-02-20,P010,C0345,5,19.99
2025-06-04,P007,C0067,3,35.00
2025-11-27,P007,C0214,3,79.00
2025-02-24,P005,C0497,4,49.90
2025-07-11,P010,C0094,1,24.75
2025-03-13,P016,C0421,2,12.50
2025-02-21,P007,C0411,1,49.90
2025-07-27,P020,C0243,1,24.75
2025-09-26,P008,C0057,4,79.00
2025-10-20,P011,C0047,1,49.90
2025-08-04,P011,C0071,10,8.90
2025-05-08,P006,C0351,1,8.90
2025-11-02,P019,C0358,10,35.00
2025-11-12,P005,C0251,1,49.90
2025-11-04,P014,C0340,1,8.90
2025-10-26,P017,C0336,1,35.00
2025-01-22,P019,C0488,0,35.00
2025-06-12,P002,C0421,2,24.75
2025-06-30,P010,C0142,3,79.00
2025-08-18,P001,C0492,2,8.90
2025-07-28,P001,C0315,2,19.99
2025-04-13,P014,C0185,2,24.75
2025-09-03,P016,C0140,3,8.90
2025-04-09,P016,C0017,3,12.50
2025-03-19,P012,C0157,3,19.99
2025-11-17,P013,C0312,1,19.99
2025-02-10,P007,C0321,10,79.00
2025-05-22,P001,C0137,0,79.00
2025-05-08,P010,C0320,5,35.00
2025-03-14,P010,C0469,2,19.99
2025-06-08,P003,C0324,1,35.00
2025-08-10,P009,C0450,1,19.99
2025-01-31,P003,C0023,-2,8.90
2025-12-08,P004,C0415,4,19.99
2025-08-23,P006,C0185,-2,19.99
2025-05-05,P006,C0248,5,35.00
2025-10-26,P013,C0401,5,79.00
2025-11-25,P001,C0154,5,79.00
2025-12-16,P001,C0272,2,12.50
2025-02-20,P018,C0225,1,24.75
2025-07-20,P016,C0381,2,19.99
2025-07-28,P017,C0147,2,24.75
2025-07-15,P001,C0039,2,35.00
2025-03-31,P011,C0323,3,79.00
2025-02-03,P011,C0009,4,8.90
2025-03-17,P020,C0033,1,8.90
2025-09-04,P006,C0468,5,49.90
2025-03-26,P015,C0462,1,19.99
2025-01-23,P009,C0023,4,24.75
2025-12-25,P015,C0391,2,49.90
2025-12-11,P008,C0195,1,49.90
2025-09-25,P013,C0341,4,19.99
2025-10-01,P016,C0021,3,19.99
2025-12-13,P001,C0127,2,35.00
2025-09-28,P007,C0260,2,49.90
2025-09-29,P018,C0278,20,35.00
2025-03-30,P017,C0496,1,19.99
2025-05-05,P014,C0311,3,19.99
2025-01-20,P012,C0349,5,35.00
2025-05-18,P001,C0413,20,79.00
2025-05-11,P018,C0343,20,35.00
2025-08-14,P019,C0365,2,8.90
2025-02-27,P001,C0409,3,79.00
2025-06-27,P018,C0425,3,8.90
2025-02-16,P016,C0077,3,79.00
2025-04-25,P018,C0295,4,35.00
2025-09-07,P010,C0206,3,19.99
2025-07-25,P015,C0306,5,35.00
2025-01-13,P005,C0470,4,49.90
2025-04-06,P014,C0107,1,12.50
2025-04-12,P019,C0107,2,79.00
2025-05-27,P009,C0284,1,8.90
2025-12-22,P016,C0450,1,35.00
2025-01-09,P013,C0207,2,49.90
2025-03-29,P004,C0272,2,8.90
2025-04-29,P010,C0495,1,12.50
2025-11-18,P005,C0374,2,24.75
2025-01-22,P007,C0119,1,35.00
2025-03-28,P010,C0334,4,19.99
2025-03-15,P013,C0459,2,19.99
2025-05-20,P009,C0093,2,12.50
2025-04-03,P010,C0297,1,8.90
2025-09-02,P002,C0166,3,49.90
2025-01-12,P015,C0041,4,8.90
2025-09-29,P005,C0044,20,49.90
2025-11-19,P015,C0449,2,19.99
2025-09-20,P020,C0052,3,24.75
2025-12-12,P003,C0079,3,49.90
2025-06-27,P015,C0033,10,12.50
2025-04-08,P019,C0219,2,24.75
2025-10-24,P020,C0426,3,8.90
2025-04-27,P003,C0473,1,19.99
2025-09-22,P005,C0470,1,49.90
2025-11-05,P006,C0129,2,19.99
2025-01-08,P012,C0269,1,35.00
2025-10-17,P019,C0401,2,8.90
2025-05-06,P006,C0382,2,49.90
2025-03-19,P020,C0471,1,49.90
2025-01-02,P015,C0182,10,19.99
2025-08-04,P006,C0248,1,19.99
2025-07-02,P012,C0133,3,79.00
2025-04-26,P001,C0041,2,35.00
2025-11-11,P003,C0138,5,79.00
2025-07-17,P002,C0238,1,8.90
2025-11-27,P009,C0227,1,24.75
2025-07-21,P006,C0203,4,12.50
2025-05-16,P011,C0105,3,24.75
2025-12-18,P018,C0302,5,79.00
2025-01-21,P016,C0413,1,79.00
2025-04-05,P004,C0330,10,12.50
2025-07-02,P006,C0064,4,24.75
2025-10-22,P009,C0219,4,19.99
2025-12-28,P020,C0408,2,8.90
2025-09-10,P003,C0244,1,79.00
2025-01-29,P007,C0248,3,24.75
2025-03-14,P016,C0201,10,35.00
2025-08-21,P011,C0438,2,12.50
2025-04-18,P004,C0080,1,35.00
2025-01-31,P011,C0402,1,24.75
2025-11-06,P005,C0194,2,24.75
2025-10-19,P006,C0463,20,49.90
2025-01-02,P020,C0230,4,12.50
2025-01-04,P017,C0451,5,79.00
2025-03-13,P004,C0381,10,49.90
2025-05-26,P018,C0406,5,8.90
2025-10-12,P017,C0144,2,79.00
2025-08-04,P006,C0475,2,12.50
2025-10-09,P016,C0417,4,24.75
2025-08-03,P005,C0192,1,79.00
2025-05-23,P009,C0429,3,12.50
2025-11-02,P018,C0433,1,8.90
2025-08-21,P016,C0358,3,19.99
2025-08-09,P010,C0160,2,8.90
2025-05-13,P008,C0216,1,12.50
2025-08-19,P008,C0059,2,35.00
2025-09-09,,C0383,2,35.00
2025-01-01,P009,C0480,3,19.99
2025-02-27,P010,C0357,1,8.90
2025-08-18,P017,C0314,4,19.99
2025-10-23,P014,C0009,1,19.99
2025-03-08,P010,C0315,5,12.50
2025-11-03,P015,C0094,0,12.50
2025-08-16,P014,C0106,5,49.90
2025-10-03,P017,C0055,3,8.90
2025-11-05,P009,C0110,5,12.50
2025-09-15,P007,C0429,10,24.75
2025-10-03,P006,C0024,3,79.00
2025-05-18,P001,C0262,5,79.00
2025-12-31,P011,C0420,3,12.50
2025-10-28,P003,C0428,2,19.99
2025-10-17,P017,C0443,2,8.90
2025-01-02,P009,C0444,3,79.00
2025-12-22,P008,C0378,4,79.00
2025-02-05,P005,C0051,4,79.00
2025-12-10,P020,C0346,20,35.00
2025-04-09,P015,C0043,4,49.90
2025-04-29,P002,C0172,2,79.00
2025-08-03,P010,C0361,10,8.90
2025-11-16,P015,C0260,1,49.90
2025-02-11,P018,C0408,1,35.00
2025-06-07,P010,C0197,-2,8.90
2025-07-06,P009,C0270,1,49.90
2025-05-21,P008,C0194,2,19.99
2025-07-27,P019,C0158,3,35.00
2025-09-13,P016,C0059,20,35.00
2025-01-28,P006,C0455,3,19.99
2025-06-15,P014,C0052,2,79.00
2025-04-10,P012,C0034,4,35.00
2025-03-29,P020,C0121,10,19.99
2025-05-23,P002,C0034,2,19.99
2025-09-30,P006,C0228,3,19.99
2025-11-09,P017,C0139,4,19.99
2025-09-02,P001,C0249,4,8.90
2025-08-29,P002,C0263,1,49.90
2025-05-04,P015,C0272,2,24.75
2025-02-22,P014,C0246,3,35.00
2025-07-18,P010,C0428,2,79.00
2025-03-12,P004,C0071,5,79.00
2025-08-08,P016,C0462,3,35.00
2025-12-15,P014,C0161,1,24.75
2025-03-18,P003,C0343,2,19.99
2025-05-23,P019,C0276,1,24.75
2025-03-16,P019,C0180,1,24.75
2025-08-06,P020,C0230,3,49.90
2025-04-05,P005,C0305,3,24.75
2025-10-12,P016,C0449,2,79.00
2025-09-13,P007,C0378,5,12.50
2025-11-19,P001,C0385,3,35.00
2025-07-28,P002,C0178,1,12.50
2025-07-17,P006,C0201,1,49.90
2025-05-11,P009,C0492,3,35.00
2025-08-26,P004,C0075,1,24.75
2025-09-13,P009,C0120,2,35.00
2025-05-17,P012,C0204,3,8.90
2025-03-19,P015,C0168,2,19.99
2025-03-09,P004,C0387,1,35.00
2025-01-21,P017,C0032,4,12.50
2025-06-04,P006,C0234,1,79.00
2025-02-18,P001,C0206,4,12.50
2025-06-26,P005,C0446,1,49.90
2025-06-30,P018,C0488,4,49.90
2025-02-09,P004,C0189,1,35.00
2025-07-07,P015,C0062,4,12.50
2025-10-20,P009,C0324,1,79.00
2025-01-20,P019,C0457,2,19.99
2025-11-02,P017,C0009,2,49.90
2025-07-20,P007,C0230,2,8.90
2025-04-01,P007,C0187,3,8.90
2025-11-11,P006,C0268,10,35.00
2025-05-08,P012,C0240,4,79.00
2025-04-28,P003,C0117,1,35.00
2025-11-22,P001,C0036,1,49.90
2025-02-24,P010,C0294,3,12.50
2025-05-23,P016,C0486,2,12.50
2025-01-26,P008,C0450,3,35.00
2025-03-22,P004,C0466,10,35.00
2025-09-18,P014,C0042,1,8.90
2025-11-06,P012,C0401,1,24.75
2025-09-04,P006,C0262,1,12.50
2025-07-05,P016,C0115,1,12.50
2025-05-08,P008,C0050,5,24.75
2025-01-23,P003,C0075,3,8.90
2025-10-23,P002,C0387,10,12.50
2025-12-24,P003,C0089,10,49.90
2025-06-30,P016,C0078,1,49.90
2025-03-11,P005,C0437,3,19.99
2025-12-21,P004,C0112,4,35.00
2025-03-10,P005,C0232,5,12.50
2025-12-28,P013,C0401,3,19.99
2025-11-08,P019,C0477,4,8.90
2025-08-29,P012,C0292,4,19.99
2025-01-12,P007,C0377,2,49.90
2025-10-10,P019,C0145,3,8.90
2025-08-15,P012,C0186,3,49.90
2025-09-13,P016,C0190,10,35.00
2025-01-12,P001,C0346,20,35.00
2025-05-10,P013,C0404,3,79.00
2025-12-16,P011,C0005,5,24.75
2025-01-01,P009,C0351,2,49.90
2025-10-16,P006,C0293,10,35.00
2025-06-12,P007,C0007,4,24.75
2025-05-09,P015,C0297,4,35.00
2025-03-24,P009,C0272,1,19.99
2025-02-20,P004,C0063,1,19.99
2025-07-26,P019,C0049,10,79.00
2025-02-16,P017,C0320,2,12.50
2025-08-10,P010,C0045,2,79.00
2025-01-02,P015,C0277,1,12.50
2025-11-18,P014,C0361,10,49.90
2025-01-06,P009,C0023,3,12.50
2025-09-16,P015,C0051,3,35.00
2025-01-14,P015,C0333,2,19.99
2025-03-27,P007,C0064,-2,79.00
2025-04-11,P019,C0399,2,24.75
2025-04-11,P010,C0079,1,24.75
2025-01-09,P016,C0040,4,8.90
2025-08-23,P010,C0020,10,49.90
2025-02-13,P008,C0419,1,19.99
2025-12-19,P001,C0088,5,49.90
2025-02-23,P011,C0269,1,49.90
2025-01-28,P006,C0174,3,12.50
2025-10-06,P019,C0463,1,79.00
2025-02-20,P003,C0022,2,35.00
2025-05-31,P020,C0349,10,8.90
2025-07-05,P007,C0309,3,24.75
2025-08-19,P013,C0060,1,49.90
2025-02-10,P001,C0108,2,19.99
2025-03-11,P007,C0136,4,35.00
2025-06-17,P009,C0141,2,12.50
2025-12-03,P019,C0190,2,35.00
2025-04-21,P011,C0126,2,12.50
2025-04-11,P018,C0387,1,79.00
2025-11-16,P012,C0491,1,12.50
2025-10-29,P001,C0451,0,49.90
2025-10-14,P011,C0037,1,35.00
2025-05-22,P013,C0380,1,8.90
2025-03-27,P008,C0381,2,8.90
2025-06-16,P018,C0225,5,19.99
2025-08-14,P018,C0284,3,19.99
2025-08-10,P008,C0239,1,19.99
2025-05-26,P016,C0466,3,19.99
2025-09-05,P018,C0442,3,49.90
2025-09-04,P004,C0235,5,12.50
2025-03-16,P002,C0248,3,12.50
2025-09-01,P005,C0297,1,79.00
2025-02-18,P004,C0025,1,8.90
2025-11-01,P013,C0368,1,49.90
2025-06-30,P013,C0167,4,19.99
2025-08-03,P007,C0071,2,24.75
2025-02-18,P001,C0141,3,19.99
2025-02-06,P019,C0069,3,49.90
2025-08-15,P011,C0180,4,49.90
2025-12-21,P020,C0141,1,19.99
2025-08-20,P005,C0139,4,12.50
2025-10-11,P015,C0096,10,79.00
2025-10-18,P007,C0181,1,35.00
2025-11-27,P001,C0406,1,79.00
2025-02-12,P009,C0207,20,8.90
2025-02-05,P001,C0484,2,49.90
2025-09-07,P011,C0075,3,35.00
2025-10-25,P004,C0222,3,12.50
2025-11-14,P014,C0050,3,12.50
2025-07-14,P008,C0062,1,24.75
2025-08-27,P019,C0390,1,35.00
2025-03-08,P011,C0313,3,8.90
2025-02-19,P006,C0415,3,49.90
2025-10-13,P009,C0400,10,35.00
2025-04-09,P018,C0019,4,8.90
2025-07-18,P014,C0354,1,8.90
2025-05-18,P014,C0150,10,19.99
2025-04-10,P015,C0411,20,79.00
2025-11-06,P012,C0237,2,19.99
2025-12-11,P006,C0355,2,19.99
2025-03-30,P007,C0291,1,12.50
2025-06-11,P003,C0028,10,79.00
2025-06-16,P003,C0432,3,49.90
2025-07-16,P009,C0104,2,79.00
2025-02-21,P010,C0480,1,12.50
2025-06-10,P004,C0198,3,49.90
2025-04-19,P009,C0053,1,24.75
2025-02-11,P004,C0105,5,8.90
2025-10-03,P009,C0219,2,79.00
2025-01-22,P007,C0425,5,8.90
2025-03-01,P007,C0427,4,8.90
2025-08-23,P005,C0335,2,24.75
2025-11-20,P003,C0394,10,35.00
2025-05-11,P019,C0114,2,35.00
2025-01-20,P015,C0286,1,49.90
2025-08-15,P020,C0326,5,8.90
2025-10-22,P007,C0022,1,19.99
2025-10-01,P006,C0332,3,12.50
2025-08-14,P007,C0204,1,79.00
2025-08-10,P020,C0204,3,79.00
2025-12-31,P020,C0497,1,8.90
2025-12-28,P008,C0067,2,49.90
2025-10-21,P013,C0438,3,35.00
2025-11-18,P009,C0356,4,79.00
2025-12-11,P011,C0128,2,24.75
2025-08-31,P003,C0065,4,24.75
2025-05-22,P017,C0326,1,49.90
2025-09-09,P012,C0438,3,8.90
2025-09-19,P016,C0408,3,49.90
2025-08-24,P005,C0304,1,49.90
2025-10-28,P012,C0177,1,79.00
2025-06-22,P001,C0349,3,35.00
2025-11-16,P016,C0196,5,12.50
2025-12-04,P003,C0100,4,49.90
2025-11-26,P009,C0232,1,12.50
2025-11-21,P016,C0491,3,79.00
2025-08-09,P013,C0101,10,79.00
2025-01-08,P009,C0028,4,49.90
2025-01-30,P019,C0324,1,49.90
2025-09-09,P017,C0483,4,24.75
2025-10-10,P003,C0119,10,19.99
2025-04-02,P018,C0172,3,49.90
2025-09-23,P005,C0019,4,79.00
2025-10-04,P002,C0149,2,49.90
2025-03-06,P008,C0209,20,49.90
2025-06-01,P008,C0280,2,19.99
2025-05-22,P009,C0075,5,12.50
2025-01-16,P015,C0303,3,12.50
2025-08-21,P020,C0221,1,49.90
2025-04-20,P012,C0237,3,49.90
2025-01-13,P018,C0318,3,8.90
2025-11-22,P012,C0159,3,24.75
2025-09-03,P007,C0317,1,19.99
2025-12-07,P005,C0031,1,19.99
2025-05-02,P002,C0103,2,19.99
2025-07-03,P018,C0234,2,19.99
2025-09-08,P019,C0024,4,49.90
2025-03-31,P018,C0300,2,35.00
2025-06-30,P013,C0130,1,24.75
2025-08-28,P005,C0013,1,35.00
2025-11-04,P017,C0399,5,24.75
2025-12-21,P016,C0221,3,8.90
2025-08-26,P011,C0242,1,24.75
2025-04-23,P006,C0437,10,24.75
2025-04-07,P013,C0225,2,12.50
2025-03-20,P008,C0035,1,35.00
2025-04-21,P001,C0002,-2,49.90
2025-12-06,P009,C0459,3,49.90
2025-08-27,P016,C0156,4,35.00
2025-03-12,P002,C0194,3,79.00
2025-04-03,P001,C0187,4,8.90
2025-04-26,P011,C0073,3,24.75
2025-06-01,P017,C0112,3,24.75
2025-11-16,P004,C0467,4,19.99
2025-04-06,P005,C0085,4,35.00
2025-11-13,P002,C0426,3,8.90
2025-08-03,P001,C0362,2,49.90
2025-07-03,P007,C0263,4,24.75
2025-03-31,P012,C0083,1,24.75
2025-10-21,P005,C0489,3,24.75
2025-10-08,P011,C0412,10,12.50
2025-05-16,P001,C0423,1,24.75
2025-01-12,P020,C0209,1,12.50
2025-10-04,P019,C0366,2,79.00
2025-07-27,P013,C0473,3,19.99
2025-09-26,P012,C0375,1,35.00
2025-10-09,P014,C0015,4,19.99
2025-05-21,P017,C0246,1,79.00
2025-07-15,P018,C0078,3,8.90
2025-01-07,P019,C0015,4,79.00
2025-06-19,P011,C0463,2,24.75
2025-10-09,P011,C0250,1,8.90
2025-10-06,P011,C0316,4,79.00
2025-01-04,P014,C0191,1,79.00
2025-04-13,P006,C0434,2,24.75
2025-05-11,P017,C0178,2,79.00
2025-04-17,P011,C0299,5,12.50
2025-01-08,P006,C0132,0,49.90
2025-07-22,P003,C0167,1,79.00
2025-12-12,P007,C0207,2,19.99
2025-04-29,P014,C0495,2,35.00
2025-10-27,P008,C0445,5,35.00
2025-09-05,P020,C0192,2,19.99
2025-02-24,P002,C0462,3,24.75
2025-03-20,P006,C0289,20,8.90
2025-04-06,P018,C0138,2,12.50
2025-04-27,P015,C0342,3,79.00
2025-08-21,P006,C0308,1,24.75
2025-04-06,P008,C0072,2,79.00
2025-12-21,P002,C0487,10,79.00
2025-02-25,P020,C0063,3,24.75
2025-10-07,P004,C0271,3,8.90
2025-09-30,P017,C0012,1,19.99
2025-12-05,P001,C0101,1,24.75
2025-09-19,P020,C0140,1,24.75
2025-05-13,P001,C0255,3,8.90
2025-12-12,P015,C0063,4,24.75
2025-10-11,P005,C0055,3,19.99
2025-03-19,P018,C0197,1,12.50
2025-10-14,P001,C0200,1,19.99
2025-12-06,P020,C0276,1,79.00
2025-10-04,P016,C0294,1,79.00
2025-04-26,P017,C0088,1,79.00
2025-07-21,P011,C0107,2,8.90
2025-10-22,P018,C0260,3,79.00
2025-07-09,P005,C0034,10,79.00
2025-12-22,P006,C0437,5,79.00
2025-08-25,P012,C0267,1,12.50
2025-12-15,P018,C0083,3,35.00
2025-06-08,P019,C0060,3,79.00
2025-07-10,P014,C0081,1,79.00
2025-04-11,P003,C0287,1,12.50
2025-07-21,P019,C0028,3,8.90
2025-01-28,P011,C0353,10,12.50
2025-03-31,P012,C0256,1,19.99
2025-10-22,P005,C0230,1,8.90
2025-12-16,P003,C0286,1,12.50
2025-12-30,P016,C0382,4,8.90
2025-01-12,P018,C0040,1,8.90
2025-06-18,P007,C0406,5,79.00
2025-01-13,P005,C0121,4,79.00
2025-03-22,P003,C0144,1,35.00
2025-08-22,P018,C0155,20,12.50
2025-07-18,P005,C0021,4,24.75
2025-12-11,P001,C0359,4,49.90
2025-06-21,P003,C0228,2,19.99
2025-12-30,P015,C0467,2,35.00
2025-10-27,P013,C0261,10,35.00
2025-08-27,P018,C0446,5,79.00
2025-09-28,P012,C0454,4,49.90
2025-02-18,P013,C0308,10,35.00
2025-06-10,P005,C0224,4,49.90
2025-08-06,P019,C0470,1,12.50
2025-05-22,P002,C0450,1,79.00
2025-11-18,P002,C0414,20,35.00
2025-09-26,P004,C0144,1,12.50
2025-01-17,P007,C0263,1,79.00
2025-03-21,P012,C0399,4,8.90
2025-02-03,P015,C0370,5,35.00
2025-11-26,P002,C0172,1,19.99
2025-04-18,P016,C0313,4,19.99
2025-11-11,P001,C0018,4,79.00
2025-01-28,P011,C0297,2,35.00
2025-05-15,P008,C0215,5,8.90
2025-09-15,P006,C0196,1,79.00
2025-03-28,P007,C0387,2,35.00
2025-05-27,P010,C0261,4,24.75
2025-06-22,P004,C0078,4,79.00
2025-11-10,P005,C0485,3,8.90
2025-10-09,P017,C0206,10,79.00
2025-11-04,P012,C0387,2,35.00
2025-12-11,P015,C0477,3,12.50
2025-01-20,P012,C0022,3,24.75
2025-02-01,P018,C0102,1,19.99
2025-09-01,P016,C0033,1,79.00
2025-04-26,P010,C0410,3,35.00
2025-08-05,P008,C0084,5,24.75
2025-05-14,P018,C0391,3,12.50
2025-12-29,P013,C0186,3,24.75
2025-01-12,P005,C0286,3,8.90
2025-12-25,P013,C0488,10,12.50
2025-04-04,P005,C0447,1,79.00
2025-02-05,P014,C0174,3,24.75
2025-04-19,P002,C0106,10,24.75
2025-02-20,P011,C0257,3,79.00
2025-02-09,P013,C0370,-2,19.99
2025-03-22,P015,C0169,20,12.50
2025-09-06,P004,C0278,2,24.75
2025-08-28,P004,C0160,5,24.75
2025-07-18,P011,C0283,1,24.75
2025-06-25,P001,C0209,1,35.00
2025-03-21,P016,C0200,3,19.99
2025-03-03,P020,C0288,4,35.00
2025-05-16,P003,C0259,4,49.90
2025-03-21,P015,C0141,5,8.90
2025-07-03,P007,C0121,10,35.00
2025-09-24,P011,C0024,1,49.90
2025-02-24,P006,C0482,3,19.99
2025-10-03,P003,C0290,4,49.90
2025-07-22,P010,C0357,2,19.99
2025-11-27,P008,C0414,5,35.00
2025-12-08,P008,C0079,3,19.99
2025-05-18,P016,C0318,4,49.90
2025-04-30,P004,C0209,1,19.99
2025-02-13,P016,C0447,5,49.90
2025-02-12,P001,C0023,3,35.00
2025-03-20,P010,C0061,1,8.90
2025-08-16,P016,C0432,3,12.50
2025-04-08,P018,C0254,3,19.99
2025-09-23,P006,C0211,5,19.99
2025-05-29,P006,C0214,4,19.99
2025-02-20,P018,C0384,3,24.75
2025-11-18,P002,C0188,1,49.90
2025-07-10,P006,C0198,4,8.90
2025-09-08,P017,C0435,3,49.90
2025-07-26,P012,C0337,5,79.00
2025-10-24,P011,C0490,1,8.90
2025-02-22,P008,C0295,1,19.99
2025-11-04,P002,C0206,4,12.50
2025-05-26,P020,C0101,10,49.90
2025-09-20,P003,C0271,4,19.99
2025-03-09,P013,C0186,10,49.90
2025-02-19,P002,C0336,3,8.90
2025-04-04,P015,C0286,1,24.75
2025-05-17,P018,C0261,3,79.00
2025-10-06,P009,C0395,2,12.50
2025-10-22,P009,C0309,3,19.99
2025-02-14,P004,C0185,3,19.99
2025-02-16,P019,C0347,10,8.90
2025-03-13,P012,C0103,2,8.90
2025-10-10,P003,C0036,5,35.00
2025-01-22,P015,C0191,10,19.99
2025-04-18,P014,C0385,10,49.90
2025-06-03,P020,C0109,1,12.50
2025-03-09,P011,C0341,2,19.99
2025-01-22,P011,C0026,1,8.90
2025-11-12,P006,C0267,2,35.00
2025-04-18,P012,C0192,1,79.00
2025-03-13,P014,C0288,1,8.90
2025-12-10,P006,C0278,3,49.90
2025-09-06,P018,C0105,5,12.50
2025-09-03,P020,C0190,2,12.50
2025-06-30,P009,C0130,3,24.75
2025-09-24,P012,C0341,1,8.90
2025-11-15,P017,C0108,4,24.75
2025-10-21,P008,C0426,1,8.90
2025-11-12,P005,C0459,1,49.90
2025-10-03,P014,C0382,3,19.99
2025-05-24,P009,C0363,1,8.90
2025-05-09,P012,C0212,4,35.00
2025-08-09,P005,C0130,3,35.00
2025-08-09,P014,C0231,1,79.00
2025-03-21,P006,C0105,1,24.75
2025-09-04,P014,C0488,5,19.99
2025-04-14,P006,C0321,2,19.99
2025-08-01,P008,C0097,1,19.99
2025-03-26,P018,C0163,1,79.00
2025-05-28,P007,C0407,2,49.90
2025-06-03,P013,C0117,3,49.90
2025-12-15,P017,C0114,2,49.90
2025-06-16,P019,C0264,4,24.75
2025-08-19,P012,C0062,3,79.00
2025-02-08,P006,C0167,2,49.90
2025-01-24,P017,C0477,2,19.99
2025-12-08,P001,C0387,20,49.90
2025-03-08,P008,C0498,5,19.99
2025-02-18,P018,C0265,2,12.50
2025-06-30,P009,C0413,1,12.50
2025-06-04,P014,C0462,1,12.50
2025-02-17,P013,C0473,2,79.00
2025-01-27,P009,C0344,10,49.90
2025-12-01,P019,C0187,1,12.50
2025-08-31,P013,C0402,3,35.00
2025-06-05,P013,C0383,2,24.75
2025-06-08,P017,C0069,2,24.75
2025-12-05,P009,C0035,4,79.00
2025-10-26,P016,C0364,2,19.99
2025-11-03,P018,C0471,4,24.75
2025-02-06,P019,C0005,4,19.99
2025-10-04,P017,C0489,2,24.75
2025-06-16,P005,C0385,3,19.99
2025-02-09,P003,C0375,5,79.00
2025-12-20,P016,C0202,5,19.99
2025-12-25,P017,C0301,3,12.50
2025-08-04,P008,C0045,4,19.99
2025-06-13,P005,C0166,4,19.99
2025-12-11,P017,C0328,1,35.00
2025-05-19,P012,C0014,1,19.99
2025-06-13,P018,C0215,10,8.90
2025-04-18,P008,C0310,3,19.99
2025-06-17,P005,C0341,1,8.90
2025-08-28,P010,C0127,2,79.00
2025-05-14,P012,C0346,1,8.90
2025-08-07,P003,C0422,4,49.90
2025-06-01,P010,C0165,1,24.75
2025-11-15,P017,C0171,2,8.90
2025-05-19,P004,C0223,4,12.50
2025-06-21,P005,C0218,1,79.00
2025-06-08,P006,C0311,3,19.99
2025-01-25,P020,C0471,20,35.00
2025-06-27,P016,C0466,2,79.00
2025-12-05,P009,C0290,3,12.50
2025-01-28,P011,C0487,5,79.00
2025-08-08,P004,C0046,10,49.90
2025-12-07,P003,C0466,1,79.00
2025-08-05,P006,C0229,2,12.50
2025-11-02,P012,C0354,3,35.00
2025-05-17,P012,C0422,2,8.90
2025-05-08,P010,C0420,1,12.50
2025-05-08,P010,C0479,3,8.90
2025-01-27,P006,C0497,4,79.00
2025-07-04,P012,C0306,4,24.75
2025-10-04,P002,C0103,3,8.90
2025-05-07,P012,C0111,5,49.90
2025-03-26,P013,C0066,3,35.00
2025-04-04,P003,C0375,2,8.90
2025-05-04,P005,C0319,1,49.90
2025-01-06,P006,C0348,5,24.75
2025-12-26,P006,C0313,3,49.90
2025-03-04,P006,C0392,20,8.90
2025-01-07,P004,C0009,3,79.00
2025-12-31,P004,C0146,2,49.90
2025-07-23,P005,C0045,3,19.99
2025-03-10,P014,C0437,1,19.99
2025-09-25,P009,C0371,20,19.99
2025-10-22,P008,C0446,3,24.75
2025-10-16,P020,C0172,1,19.99
2025-12-04,P001,C0487,1,24.75
2025-12-24,P016,C0278,2,12.50
2025-05-26,P016,C0113,5,24.75
2025-09-25,P009,C0017,3,24.75
2025-03-24,P004,C0177,2,49.90
2025-11-14,P003,C0432,2,8.90
2025-10-24,P012,C0009,2,12.50
2025-02-10,P005,C0342,4,35.00
2025-03-06,P018,C0415,5,35.00
2025-08-08,P008,C0002,2,49.90
2025-05-31,P011,C0070,3,49.90
2025-06-09,P013,C0318,1,12.50
2025-08-10,P016,C0167,1,35.00
2025-08-27,P006,C0275,5,8.90
2025-09-20,P006,C0299,-2,79.00
2025-06-03,P004,C0295,10,19.99
2025-01-21,P005,C0426,3,35.00
2025-08-22,P006,C0077,1,49.90
2025-05-09,P007,C0153,2,35.00
2025-07-16,P001,C0182,2,19.99
2025-03-28,P007,C0323,1,49.90
2025-01-21,P011,C0361,4,49.90
2025-06-30,P015,C0496,4,19.99
2025-10-17,P007,C0207,1,49.90
2025-12-12,P019,C0373,1,79.00
2025-08-03,P009,C0294,5,79.00
2025-09-02,P002,C0323,10,35.00
2025-11-07,P005,C0370,1,79.00
2025-06-09,P006,C0466,5,49.90
2025-06-27,P004,C0204,5,79.00
2025-02-08,P012,C0488,3,35.00
2025-02-28,P019,C0064,5,35.00
2025-04-28,P013,C0356,4,12.50
2025-04-16,P014,C0316,2,24.75
2025-05-03,P020,C0186,1,12.50
2025-01-10,P015,C0352,2,19.99
2025-03-06,P002,C0206,10,49.90
2025-05-14,P015,C0493,1,19.99
2025-04-02,P010,C0093,5,12.50
2025-05-04,P019,C0326,4,19.99
2025-01-02,P010,C0303,3,24.75
2025-04-19,P012,C0330,1,24.75
2025-12-05,P008,C0010,2,8.90
2025-02-14,P008,C0086,4,49.90
2025-12-30,P005,C0285,2,35.00
2025-11-18,P018,C0235,3,35.00
2025-05-01,P010,C0087,4,19.99
2025-12-10,P005,C0243,5,19.99
2025-04-07,P003,C0206,4,19.99
2025-04-29,P007,C0028,4,79.00
2025-01-26,P015,C0136,2,24.75
2025-05-11,P007,C0097,5,35.00
2025-08-25,P019,C0247,0,24.75
2025-11-10,P017,C0292,5,12.50
2025-06-30,P020,C0009,3,24.75
2025-04-12,P015,C0123,10,8.90
2025-07-01,P009,C0168,5,24.75
2025-10-15,P008,C0135,2,12.50
2025-09-24,P015,C0263,3,24.75
2025-06-28,P001,C0128,2,49.90
2025-01-29,P018,C0260,5,19.99
2025-02-23,P013,C0376,2,19.99
2025-12-24,P005,C0028,2,8.90
2025-03-11,P017,C0466,3,49.90
2025-02-23,P012,C0268,4,49.90
2025-10-24,P010,C0158,2,8.90
2025-11-06,P014,C0180,5,8.90
2025-02-25,P001,C0267,4,35.00
2025-05-01,P006,C0390,2,35.00
2025-10-14,P020,C0452,20,8.90
2025-12-12,P003,C0082,4,49.90
2025-04-07,P011,C0262,4,35.00
2025-05-28,P009,C0418,2,19.99
2025-08-13,P010,C0124,3,49.90
2025-11-29,P009,C0467,2,49.90
2025-07-18,P015,C0450,2,8.90
2025-01-01,P005,C0230,3,49.90
2025-07-27,P003,C0119,1,12.50
2025-12-08,P014,C0231,2,8.90
2025-09-12,P003,C0226,1,24.75
2025-01-19,P015,C0279,10,79.00
2025-07-25,P009,C0137,3,24.75
2025-07-19,P020,C0141,1,49.90
2025-08-16,P019,C0389,3,79.00
2025-11-01,P013,C0332,3,35.00
2025-03-20,P017,C0272,3,79.00
2025-04-03,P002,C0247,1,24.75
2025-05-09,P010,C0170,2,35.00
2025-10-05,P002,C0044,1,79.00
2025-05-20,P013,C0174,5,8.90
2025-03-14,P014,C0372,2,35.00
2025-05-28,P017,C0136,3,19.99
2025-03-20,P002,C0430,3,8.90
2025-03-18,P015,C0193,2,12.50
2025-01-23,P017,C0008,3,35.00
2025-03-21,P007,C0262,1,79.00
2025-01-08,P008,C0265,2,79.00
2025-11-05,P020,C0478,1,12.50
2025-04-17,P009,C0144,2,35.00
2025-06-14,P014,C0243,3,8.90
2025-07-07,P005,C0494,3,12.50
2025-04-16,P020,C0186,1,19.99
2025-01-14,P004,C0151,10,24.75
2025-06-04,P019,C0091,2,79.00
2025-08-01,P015,C0267,2,24.75
2025-05-17,P015,C0294,5,8.90
2025-07-27,P013,C0179,2,49.90
2025-10-04,P018,C0425,2,19.99
2025-09-08,P019,C0210,10,8.90
2025-08-08,P003,C0500,1,12.50
2025-06-16,P010,C0159,3,35.00
2025-08-20,P007,C0332,2,49.90
2025-12-19,P001,C0192,10,8.90
2025-12-11,P007,C0158,3,24.75
2025-01-03,P011,C0222,2,79.00
2025-04-30,P013,C0171,4,19.99
2025-10-27,P005,C0014,2,49.90
2025-11-16,P019,C0134,5,8.90
2025-08-30,P005,C0481,3,79.00
2025-01-15,P010,C0479,1,79.00
2025-04-08,P007,C0324,1,24.75
2025-09-15,P008,C0395,3,8.90
2025-03-28,P020,C0342,2,79.00
2025-10-20,P010,C0363,1,49.90
2025-07-09,P003,C0261,1,24.75
2025-04-09,P010,C0015,1,19.99
2025-09-29,P005,C0041,10,49.90
2025-05-10,P011,C0488,2,12.50
2025-02-05,P004,C0369,4,49.90
2025-04-28,P012,C0427,-2,79.00
2025-06-04,P005,C0197,1,24.75
2025-05-19,P017,C0144,1,24.75
2025-04-21,P008,C0353,1,8.90
2025-11-15,P013,C0051,2,12.50
2025-04-20,P007,C0078,1,35.00
2025-03-28,P012,C0401,10,12.50
2025-01-10,P018,C0015,2,49.90
2025-08-05,P007,C0283,1,8.90
2025-08-11,P012,C0413,2,12.50
2025-03-09,P005,C0486,3,49.90
2025-08-15,P011,,2,49.90
2025-01-04,P019,C0433,10,12.50
2025-10-31,P015,C0392,2,8.90
2025-01-12,P002,C0170,4,49.90
2025-11-24,P016,C0393,2,35.00
2025-10-04,P008,C0487,5,19.99
2025-04-27,P018,C0281,4,35.00
2025-12-03,P012,C0197,2,35.00
2025-01-02,P011,C0266,5,8.90
2025-11-28,P016,C0072,3,35.00
2025-05-02,P001,C0036,1,79.00
2025-05-09,P006,C0286,2,12.50
2025-11-15,P006,C0183,10,24.75
2025-10-01,P016,C0398,1,49.90
2025-10-15,P020,C0450,2,79.00
2025-06-17,P001,C0182,1,79.00
2025-02-15,P016,C0244,3,24.75
2025-07-02,P006,C0142,1,35.00
2025-07-14,P014,C0234,2,35.00
2025-01-31,P006,C0034,2,24.75
2025-11-15,P010,C0165,3,19.99
2025-04-15,P008,C0426,3,19.99
2025-01-29,P001,C0114,5,8.90
2025-01-25,P010,C0382,10,35.00
2025-11-16,P004,C0415,1,24.75
2025-01-29,P007,C0258,4,35.00
2025-09-05,P008,C0208,10,79.00
2025-07-30,P003,C0002,5,19.99
2025-10-30,P013,C0397,2,24.75
2025-07-14,P010,C0263,3,12.50
2025-03-10,P005,C0273,4,35.00
2025-06-24,P015,C0260,5,24.75
2025-05-08,P014,C0040,4,19.99
2025-11-16,P003,C0240,5,8.90
2025-06-25,P001,C0055,10,8.90
2025-05-10,P007,C0272,10,24.75
2025-11-18,P014,C0002,5,49.90
2025-10-24,P002,C0265,3,35.00
2025-08-23,P011,C0137,1,24.75
2025-12-13,P018,C0415,10,24.75
2025-08-05,P009,C0168,1,8.90
2025-10-03,P013,C0024,5,79.00
2025-03-09,P005,C0428,2,24.75
2025-03-11,P008,C0025,4,35.00
2025-06-26,P017,C0454,1,49.90
2025-08-10,P006,C0063,5,24.75
2025-02-09,P003,C0128,2,79.00
2025-04-10,P018,C0129,1,19.99
2025-10-07,P007,C0124,5,8.90
2025-01-22,P016,C0067,2,24.75
2025-09-03,P007,C0229,4,24.75
2025-02-21,P009,C0113,2,24.75
2025-12-05,P008,C0462,1,19.99
2025-04-06,P017,C0113,3,79.00
2025-05-02,P007,C0074,2,8.90
2025-11-01,P017,C0331,2,79.00
2025-02-18,P013,C0123,3,12.50
2025-12-08,P009,C0243,3,49.90
2025-10-12,P005,C0047,5,24.75
2025-07-11,P003,C0275,3,24.75
2025-12-11,P020,C0146,4,8.90
2025-10-29,P001,C0470,3,12.50
2025-03-19,P001,C0136,1,8.90
2025-06-11,P004,C0264,1,49.90
2025-12-28,P003,C0055,5,79.00
2025-10-26,P013,C0180,2,8.90
2025-02-18,P016,C0358,10,35.00
2025-10-14,P004,C0066,3,8.90
2025-07-16,P008,C0006,10,35.00
2025-02-28,P015,C0025,20,24.75
2025-05-12,P018,C0449,3,19.99
2025-06-11,P003,C0459,1,35.00
2025-01-08,P009,C0456,3,19.99
2025-07-15,P005,C0034,3,12.50
2025-04-24,P007,C0013,3,19.99
2025-04-14,P003,C0081,2,79.00
2025-10-09,P013,C0017,-2,12.50
2025-01-14,P015,C0464,2,24.75
2025-05-31,P010,C0259,1,79.00
2025-12-06,P011,C0017,2,35.00
2025-07-09,P013,C0404,1,79.00
2025-07-25,P007,C0200,2,24.75
2025-07-11,P011,C0362,1,8.90
2025-03-21,P007,C0291,1,24.75
2025-08-12,P015,C0218,4,12.50
2025-10-27,P003,C0128,1,19.99
2025-08-16,P001,C0412,10,35.00
2025-09-17,P020,C0044,0,24.75
2025-01-22,P019,C0480,1,79.00
2025-04-05,P014,C0338,2,79.00
2025-04-09,P002,C0293,4,19.99
2025-01-18,P001,C0238,1,79.00
2025-08-23,P003,C0063,3,12.50
2025-04-12,P007,C0164,2,35.00
2025-10-30,P020,C0183,5,24.75
2025-05-28,P005,C0358,0,8.90
2025-05-16,P012,C0014,10,49.90
2025-04-08,P014,C0021,2,24.75
2025-01-19,P014,C0138,4,19.99
2025-06-13,P017,C0370,5,35.00
2025-05-10,P019,C0222,2,24.75
2025-06-13,P019,C0485,1,35.00
2025-09-29,P009,C0145,1,19.99
2025-03-07,P011,C0121,2,24.75
2025-07-20,P018,C0444,2,24.75
2025-06-23,P012,C0474,2,24.75
2025-04-22,P004,C0387,1,49.90
2025-10-16,P010,C0214,3,24.75
2025-09-29,P017,C0418,1,12.50
2025-01-17,P014,C0431,10,24.75
2025-05-11,P001,C0083,2,24.75
2025-11-11,P018,C0487,2,8.90
2025-08-29,P010,C0075,10,8.90
2025-11-02,P008,C0103,3,12.50
2025-01-25,P009,C0416,10,79.00
2025-12-20,P005,C0319,2,49.90
2025-09-26,P012,C0305,4,49.90
2025-02-04,P020,C0189,3,79.00
2025-06-11,P009,C0277,3,8.90
2025-09-23,P016,C0426,4,79.00
2025-01-28,P001,C0300,2,49.90
2025-01-14,P003,C0376,1,24.75
2025-03-27,P009,C0310,1,49.90
2025-04-28,P009,C0127,2,8.90
2025-01-26,P014,C0031,3,35.00
2025-07-19,P006,C0440,2,24.75
2025-03-05,P006,C0401,10,12.50
2025-01-15,P004,C0105,3,35.00
2025-09-18,P012,C0384,3,8.90
2025-08-27,P001,C0314,1,12.50
2025-12-02,P011,C0439,2,19.99
2025-11-20,P003,C0473,5,8.90
2025-03-25,P004,C0202,1,12.50
2025-07-31,P007,C0110,20,8.90
2025-07-23,P001,C0255,2,24.75
2025-05-31,P002,C0450,1,8.90
2025-01-23,P003,C0200,5,8.90
2025-03-05,P007,C0038,10,35.00
2025-07-09,P015,C0320,3,12.50
2025-01-19,P004,C0115,1,79.00
2025-07-07,P004,C0064,5,8.90
2025-03-02,P002,C0202,4,35.00
2025-09-08,P010,C0457,1,49.90
2025-09-23,P009,C0280,2,8.90
2025-12-11,P014,C0342,2,12.50
2025-03-04,P017,C0100,1,79.00
2025-02-09,P011,C0290,10,12.50
2025-04-26,P015,C0323,3,12.50
2025-03-20,P002,C0304,4,8.90
2025-10-06,P016,C0099,1,35.00
2025-03-16,P016,C0178,4,24.75
2025-03-09,P008,C0066,1,49.90
2025-10-30,P008,C0353,2,49.90
2025-12-28,P019,C0234,4,35.00
2025-08-10,P017,C0343,4,24.75
2025-11-06,P002,C0323,5,12.50
2025-03-03,P015,C0216,1,49.90
2025-11-07,P012,C0071,4,49.90
2025-09-25,P004,C0105,3,35.00
2025-02-17,P014,C0327,1,8.90
2025-03-22,P018,C0245,1,35.00
2025-04-27,P003,C0455,3,35.00
2025-05-30,P007,C0145,3,19.99
2025-12-25,P009,C0443,10,19.99
2025-03-26,P004,C0368,4,19.99
2025-09-16,P016,C0333,10,35.00
2025-08-18,P013,C0188,4,19.99
2025-12-11,P006,C0305,1,24.75
2025-08-29,P017,C0389,1,79.00
2025-06-29,P017,C0453,3,19.99
2025-04-27,P011,C0046,0,19.99
2025-02-06,P006,C0495,4,19.99
2025-04-14,P018,C0492,1,8.90
2025-07-20,P011,C0101,2,19.99
2025-04-02,P004,C0297,4,12.50
2025-08-13,P011,C0123,5,49.90
2025-04-12,P020,C0103,3,19.99
2025-11-15,P018,C0002,1,49.90
2025-09-07,P010,C0223,-2,24.75
2025-03-15,P010,C0339,2,12.50
2025-10-10,P010,C0350,5,49.90
2025-10-23,P004,C0362,1,79.00
2025-04-26,P008,C0011,2,8.90
2025-05-07,P008,C0263,1,24.75
2025-04-23,P002,C0018,1,24.75
2025-04-07,P005,C0190,1,79.00
2025-02-10,P019,C0294,20,12.50
2025-04-04,P019,C0061,1,19.99
2025-12-18,P020,C0485,4,24.75
2025-12-13,P003,C0318,3,24.75
2025-09-15,P020,C0370,2,79.00
2025-11-26,P004,C0269,1,19.99
2025-11-10,P008,C0378,1,24.75
2025-12-11,P017,C0045,0,79.00
2025-10-10,P003,C0072,1,24.75
2025-07-02,P001,C0016,1,49.90
2025-09-04,P017,C0140,3,24.75
2025-12-23,P014,C0455,3,19.99
2025-06-17,P015,C0324,10,79.00
2025-06-13,P016,C0342,1,19.99
2025-09-17,P014,C0137,5,8.90
2025-04-25,P016,C0082,1,49.90
2025-11-20,P012,C0245,4,79.00
2025-03-21,P017,C0449,-2,35.00
2025-05-03,P012,C0256,2,24.75
2025-05-07,P018,C0310,3,49.90
2025-07-26,P001,C0446,3,12.50
2025-06-24,P020,C0364,1,24.75
2025-12-16,P003,C0489,-2,79.00
2025-08-18,P014,C0448,2,24.75
2025-02-27,P018,C0314,2,24.75
2025-06-09,P005,C0090,4,35.00
2025-11-27,P016,C0141,5,79.00
2025-12-19,P009,C0331,2,8.90
2025-10-29,P016,C0166,3,8.90
2025-05-24,P017,C0294,2,35.00
2025-06-28,P017,C0161,1,8.90
2025-12-23,P006,C0242,5,19.99
2025-10-09,P012,C0321,3,79.00
2025-11-29,P012,C0228,4,49.90
2025-06-01,P017,C0053,2,12.50
2025-02-28,P004,C0104,1,35.00
2025-05-06,P006,C0494,2,35.00
2025-07-02,P015,C0211,4,8.90
2025-10-09,P018,C0342,5,12.50
2025-02-07,P020,C0144,5,24.75
2025-11-07,P009,C0228,4,8.90
2025-09-18,P012,C0295,4,8.90
2025-04-10,P010,C0462,5,8.90
2025-08-25,P016,C0303,1,49.90
2025-05-26,P011,C0247,1,12.50
2025-01-27,P020,C0144,1,19.99
2025-09-27,P015,C0497,2,19.99
2025-12-01,P010,C0372,2,79.00
2025-02-11,P008,C0191,4,12.50
2025-06-07,P001,C0466,2,35.00
2025-05-27,P015,C0224,3,8.90
2025-09-21,P013,C0493,4,79.00
2025-06-11,P003,C0115,10,35.00
2025-12-24,P016,C0206,3,8.90
2025-04-29,P008,C0002,3,8.90
2025-07-26,P002,C0435,1,79.00
2025-07-07,P016,C0416,3,35.00
2025-12-06,P012,C0125,1,19.99
2025-11-13,P007,C0147,5,8.90
2025-03-17,P016,C0035,1,79.00
2025-03-26,P014,C0009,2,24.75
2025-03-17,P007,C0437,1,24.75
2025-03-13,P004,C0433,2,8.90
2025-04-18,P016,C0228,1,8.90
2025-10-18,P015,C0059,1,19.99
2025-05-21,P004,C0237,10,24.75
2025-03-14,P006,C0035,5,19.99
2025-02-17,P011,C0171,4,19.99
2025-06-23,P014,C0132,-2,79.00
2025-02-11,P004,C0010,10,24.75
2025-04-20,P014,C0236,2,24.75
2025-05-12,P008,C0178,5,12.50
2025-02-26,P012,C0081,3,12.50
2025-12-24,P013,C0146,1,8.90
2025-01-11,P003,C0099,1,79.00
2025-08-04,P020,C0101,2,35.00
2025-01-03,P011,C0161,2,12.50
2025-06-14,P009,C0150,5,8.90
2025-02-24,P011,C0209,2,19.99
2025-12-23,P006,C0334,1,79.00
2025-05-23,P010,C0380,5,79.00
2025-09-14,P010,C0243,1,24.75
2025-04-07,P011,C0217,2,12.50
2025-09-16,P010,C0313,3,19.99
2025-09-23,P015,C0389,4,19.99
2025-08-25,P006,C0147,4,49.90
2025-02-10,P008,C0089,2,19.99
2025-08-14,P004,C0142,2,12.50
2025-02-08,P014,C0250,5,24.75
2025-08-07,P010,C0210,2,49.90
2025-09-27,P001,C0271,1,8.90
2025-08-17,P017,C0189,3,24.75
2025-04-15,P019,C0468,3,79.00
2025-02-16,P011,C0293,3,8.90
2025-01-13,P001,C0122,10,79.00
2025-11-20,P007,C0143,1,24.75
2025-02-23,P008,C0045,1,19.99
2025-02-24,P013,C0262,3,19.99
2025-10-09,P017,C0188,2,12.50
2025-08-08,P002,C0224,3,35.00
2025-05-28,P019,C0173,3,49.90
2025-09-02,P013,C0196,5,49.90
2025-08-21,P018,C0379,2,8.90
2025-10-26,P004,C0039,2,24.75
2025-03-09,P017,C0419,2,35.00
2025-10-13,P011,C0190,1,49.90
2025-08-06,P002,C0372,5,35.00
2025-02-17,P014,C0414,3,79.00
2025-10-17,P008,C0226,4,19.99
2025-11-09,P013,C0245,1,79.00
2025-11-01,P018,C0096,1,35.00
2025-03-15,P007,C0190,20,12.50
2025-07-02,P009,C0284,1,8.90
2025-03-08,P018,C0083,1,12.50
2025-05-25,P008,C0447,5,8.90
2025-12-03,P013,C0289,4,8.90
2025-08-17,P012,C0249,1,8.90
2025-08-07,P007,C0391,4,12.50
2025-07-21,P018,C0401,3,79.00
2025-08-21,P009,C0260,10,35.00
2025-11-27,P019,C0150,1,12.50
2025-07-07,P013,C0267,2,49.90
2025-06-01,P007,C0224,4,19.99
2025-11-02,P020,C0305,5,24.75
2025-07-26,P011,C0069,10,8.90
2025-03-11,P018,C0418,3,8.90
2025-09-08,P006,C0235,1,49.90
2025-12-08,P004,C0273,3,35.00
2025-08-20,P009,C0323,5,24.75
2025-11-20,P011,C0025,2,79.00
2025-03-09,P016,C0487,1,49.90
2025-08-30,P020,C0405,2,8.90
2025-05-27,P014,C0030,0,79.00
2025-10-05,P018,C0133,2,12.50
2025-05-05,P016,C0270,3,35.00
2025-07-11,P013,C0353,2,8.90
2025-09-08,P004,C0107,4,12.50
2025-11-17,P013,C0143,5,35.00
2025-11-26,P014,C0173,10,19.99
2025-02-04,P017,C0193,4,12.50
2025-09-15,P012,C0043,1,8.90
2025-05-22,P015,C0123,20,35.00
2025-08-22,P008,C0062,2,12.50
2025-04-02,P007,C0092,10,24.75
2025-04-02,P009,C0453,2,8.90
2025-03-25,P007,C0242,1,19.99
2025-05-29,P010,C0199,10,79.00
2025-11-10,P020,C0035,2,24.75
2025-08-18,P015,C0022,4,8.90
2025-05-03,P004,C0046,4,49.90
2025-01-30,P002,C0106,1,12.50
2025-11-23,P008,C0119,1,19.99
2025-10-23,P006,C0302,3,8.90
2025-06-27,P004,C0090,1,35.00
2025-01-31,P017,C0219,2,12.50
2025-01-02,P007,C0145,5,35.00
2025-01-06,P003,C0287,1,24.75
2025-06-16,P017,C0121,1,8.90
2025-10-13,P003,C0279,3,24.75
2025-07-08,P006,C0314,2,79.00
2025-08-31,P007,C0418,3,24.75
2025-09-17,P013,C0437,1,24.75
2025-07-22,P008,C0086,10,79.00
2025-04-14,P020,C0392,10,12.50
2025-01-19,P014,C0204,1,12.50
2025-09-17,P013,C0027,1,12.50
2025-08-06,P007,C0099,1,19.99
2025-05-17,P012,C0264,-2,35.00
2025-06-23,P002,C0324,1,35.00
2025-06-23,P015,C0088,2,35.00
2025-07-03,P016,C0020,1,19.99
2025-03-08,P010,C0159,4,8.90
2025-02-04,P002,C0359,2,35.00
2025-01-06,P003,C0311,1,35.00
2025-04-08,P009,C0490,4,12.50
2025-03-18,P020,C0073,2,79.00
2025-04-20,P015,C0117,5,19.99
2025-07-27,P013,C0193,3,35.00
2025-04-04,P001,C0365,1,19.99
2025-08-14,P019,C0055,3,35.00
2025-02-03,P011,C0037,3,35.00
2025-04-06,P016,C0343,4,8.90
2025-06-22,P019,C0275,4,24.75
2025-08-18,P018,C0200,3,79.00
2025-02-08,P010,C0273,1,12.50
2025-08-18,P005,C0291,3,24.75
2025-05-31,P003,C0343,1,12.50
2025-07-13,P007,C0111,4,19.99
2025-05-12,P006,C0378,4,8.90
2025-09-09,P019,C0364,2,8.90
2025-11-30,P009,C0174,20,35.00
2025-12-10,P006,C0417,1,35.00
2025-11-30,P013,C0223,1,19.99
2025-12-26,P016,C0294,2,8.90
2025-02-08,P013,C0013,5,12.50
2025-05-13,P009,C0192,1,12.50
2025-10-08,P004,C0025,1,49.90
2025-10-13,P014,C0110,4,19.99
2025-09-04,P010,C0381,3,8.90
2025-10-18,P003,C0064,1,12.50
2025-12-13,P015,C0065,2,24.75
2025-06-13,P001,C0369,1,35.00
2025-04-14,P007,C0205,1,24.75
2025-07-02,P014,C0307,4,79.00
2025-05-23,P011,C0323,3,79.00
2025-07-21,P007,C0211,4,8.90
2025-03-04,P009,C0317,3,24.75
2025-10-17,P015,C0028,2,49.90
2025-11-13,P001,C0471,4,79.00
2025-05-19,P012,C0471,2,49.90
2025-07-28,P007,C0289,0,8.90
2025-01-22,P003,C0196,3,49.90
2025-08-10,P018,C0352,2,12.50
2025-05-17,P014,C0486,3,19.99
2025-12-31,P011,C0432,1,8.90
2025-02-24,P019,C0419,2,19.99
2025-04-25,P007,C0478,1,49.90
2025-10-24,P011,C0234,20,19.99
2025-04-29,P020,C0437,2,79.00
2025-10-17,P020,C0133,3,35.00
2025-04-11,P011,C0492,2,79.00
2025-07-21,P019,C0032,3,35.00
2025-05-02,P020,C0047,1,8.90
2025-07-27,P017,C0171,1,49.90
2025-09-09,P008,C0294,4,12.50
2025-11-15,P010,C0222,1,35.00
2025-09-15,P005,C0193,2,24.75
2025-12-01,P003,C0320,1,19.99
2025-02-22,P006,C0323,4,12.50
2025-04-07,P003,C0347,1,12.50
2025-09-04,P002,C0389,4,24.75
2025-05-14,P008,C0280,2,12.50
2025-01-03,P014,C0095,10,35.00
2025-05-12,P011,C0358,2,35.00
2025-11-09,P006,C0059,5,49.90
2025-11-05,P001,C0141,2,35.00
2025-07-03,P006,C0395,1,24.75
2025-02-21,P009,C0305,1,49.90
2025-01-19,P013,C0047,1,19.99
2025-01-30,P009,C0284,2,19.99
2025-07-19,P012,C0258,1,12.50
2025-10-22,P020,C0177,2,12.50
2025-02-07,P010,C0263,1,79.00
2025-04-07,P008,C0107,1,79.00
2025-11-03,P015,C0151,0,8.90
2025-01-03,P005,C0474,10,35.00
2025-05-05,P002,C0385,2,12.50
2025-08-13,P014,C0175,2,35.00
2025-02-12,P002,C0261,0,8.90
2025-03-25,P017,C0074,3,12.50
2025-07-23,P005,C0070,10,35.00
2025-05-24,P017,C0078,3,79.00
2025-07-10,P011,C0177,2,49.90
2025-12-01,P020,C0461,1,8.90
2025-06-03,P002,C0138,2,79.00
2025-10-21,P010,C0248,5,8.90
2025-08-29,P006,C0050,2,19.99
2025-09-18,P009,C0175,2,12.50
2025-09-14,P018,C0345,1,24.75
2025-12-28,P012,C0500,2,24.75
2025-04-25,P003,C0283,4,49.90
2025-08-30,P004,C0057,10,8.90
2025-09-11,P012,C0167,3,19.99
2025-12-03,P014,C0252,5,79.00
2025-06-14,P006,C0007,1,12.50
2025-05-08,P009,C0047,3,12.50
2025-12-19,P002,C0367,3,79.00
2025-07-22,P010,C0463,20,35.00
2025-03-05,P012,C0412,1,79.00
2025-03-05,P001,C0437,3,49.90
2025-07-18,P002,C0267,2,12.50
2025-09-13,P012,C0061,4,19.99
2025-09-29,P004,C0009,1,12.50
2025-11-13,P010,C0360,2,19.99
2025-10-04,P002,C0313,2,35.00
2025-08-15,P016,C0011,10,49.90
2025-04-30,P004,C0388,1,49.90
2025-10-23,P010,C0044,1,79.00
2025-01-18,P007,C0202,10,19.99
2025-06-10,P003,C0080,3,49.90
2025-09-23,P006,C0017,1,49.90
2025-06-01,P019,C0300,1,79.00
2025-08-07,P007,C0190,5,8.90
2025-11-08,P008,C0173,1,12.50
2025-08-19,P002,C0067,3,19.99
2025-07-09,P010,C0004,5,8.90
2025-08-18,P015,C0167,2,79.00
2025-01-14,P019,C0485,5,49.90
2025-07-10,P007,C0382,1,19.99
2025-11-14,P008,C0397,2,35.00
2025-12-27,P011,C0170,5,8.90
2025-03-19,P015,C0153,1,79.00
2025-11-06,P007,C0327,2,8.90
2025-07-15,P007,C0392,2,49.90
2025-06-13,P005,C0320,2,79.00
2025-08-24,P006,C0113,3,79.00
2025-08-14,P008,C0385,1,12.50
2025-06-15,P011,C0243,4,79.00
2025-02-21,P007,C0206,4,49.90
2025-12-04,P006,C0226,3,24.75
2025-03-05,P020,C0484,10,19.99
2025-06-02,P016,C0450,2,24.75
2025-02-27,P010,C0077,5,49.90
2025-05-24,P005,C0242,3,12.50
2025-07-08,P007,C0154,4,49.90
2025-02-19,P018,C0283,3,49.90
2025-06-27,P014,C0365,4,35.00
2025-01-19,P016,C0240,3,8.90
2025-11-15,P004,C0041,5,8.90
2025-06-07,P012,C0299,2,49.90
2025-05-15,P002,C0126,1,12.50
2025-10-26,P007,C0144,2,12.50
2025-03-01,P005,C0426,1,12.50
2025-04-15,P010,C0108,2,35.00
2025-09-10,P010,C0313,4,24.75
2025-12-27,P007,C0395,1,79.00
2025-05-25,P018,C0463,1,8.90
2025-10-19,P013,C0167,2,12.50
2025-11-04,P014,C0404,1,49.90
2025-03-07,P005,C0061,2,8.90
2025-08-26,P009,C0053,1,35.00
2025-05-23,P012,C0436,20,24.75
2025-12-08,P003,C0260,3,79.00
2025-05-20,P004,C0135,4,8.90
2025-06-25,P012,C0323,5,35.00
2025-10-12,P016,C0041,5,35.00
2025-01-16,P014,C0500,1,12.50
2025-10-04,P014,C0026,1,8.90
2025-12-06,P012,C0250,1,49.90
2025-08-03,P018,C0484,4,8.90
2025-05-21,P015,C0037,1,35.00
2025-06-04,P020,C0212,3,12.50
2025-04-01,P020,C0392,2,19.99
2025-12-08,P013,C0330,1,79.00
2025-11-16,P002,C0186,5,24.75
2025-11-01,P015,C0438,1,8.90
2025-09-16,P019,C0320,10,24.75
2025-08-24,P005,C0302,2,49.90
2025-02-13,P004,C0068,2,8.90
2025-08-21,P012,C0077,3,79.00
2025-08-10,P018,C0328,5,8.90
2025-12-15,P018,C0264,2,24.75
2025-06-07,P020,C0029,1,12.50
2025-07-03,P012,C0343,4,24.75
2025-07-26,P006,C0303,2,49.90
2025-04-11,P004,C0442,3,49.90
2025-12-19,P020,C0052,5,24.75
2025-06-29,P007,C0450,3,49.90
2025-02-26,P018,C0236,3,19.99
2025-06-08,P011,C0276,1,49.90
2025-05-24,P006,C0068,1,35.00
2025-06-03,P012,C0487,-2,24.75
2025-04-15,P013,C0463,4,8.90
2025-10-19,P006,C0380,3,35.00
2025-12-12,P012,C0240,2,12.50
2025-01-01,P016,C0446,2,49.90
2025-11-20,P001,C0230,3,79.00
2025-03-22,P019,C0335,3,12.50
2025-12-12,P016,C0058,10,79.00
2025-01-21,P014,C0048,1,79.00
2025-11-12,P020,C0316,4,12.50
2025-12-29,P014,C0036,3,19.99
2025-12-24,P020,C0004,3,35.00
2025-02-05,P006,C0072,5,8.90
2025-04-03,P010,C0425,3,79.00
2025-03-24,P019,C0246,3,12.50
2025-01-31,P018,C0484,5,49.90
2025-03-23,P008,C0336,1,49.90
2025-08-12,P009,C0260,-2,79.00
2025-06-04,P005,C0113,1,24.75
2025-05-29,P002,C0414,1,35.00
2025-03-07,P017,C0448,1,79.00
2025-11-12,P001,C0310,2,12.50
2025-11-21,P017,C0325,4,35.00
2025-09-28,P005,C0216,3,24.75
2025-11-09,P009,C0274,5,49.90
2025-07-28,P005,C0441,1,12.50
2025-04-13,P016,,1,19.99
2025-05-22,P013,C0287,2,8.90
2025-02-13,P017,C0081,1,79.00
2025-12-27,P007,C0475,3,8.90
2025-06-25,P007,C0078,3,79.00
2025-02-07,P016,C0143,2,19.99
2025-03-25,P001,C0064,2,12.50
2025-02-21,P006,C0450,1,49.90
2025-05-05,P017,C0319,4,8.90
2025-01-29,P014,C0324,4,12.50
2025-04-15,P001,C0258,1,19.99
2025-03-16,P004,C0320,1,35.00
2025-10-22,P008,C0487,0,12.50
2025-02-25,P012,C0157,1,35.00
2025-05-05,P019,C0290,4,12.50
2025-10-15,P005,C0175,3,24.75
2025-04-19,P008,C0431,2,79.00
2025-05-11,P010,C0497,2,24.75
2025-02-05,P006,C0060,3,19.99
2025-04-11,P006,C0354,2,24.75
2025-05-04,P006,C0251,2,12.50
2025-07-10,P019,C0479,1,8.90
2025-12-29,P006,C0394,3,24.75
2025-10-14,P010,C0470,1,49.90
2025-09-16,P020,C0198,5,19.99
2025-07-01,P004,C0101,2,19.99
2025-12-22,P008,C0496,10,49.90
2025-08-12,P015,C0313,2,79.00
2025-08-26,P019,C0170,5,49.90
2025-03-05,P004,C0438,10,35.00
2025-09-07,P018,C0477,1,35.00
2025-04-12,P003,C0310,1,19.99
2025-12-09,P002,C0314,3,49.90
2025-04-20,P014,C0045,5,24.75
2025-03-28,P011,C0463,1,19.99
2025-01-22,P009,C0386,1,24.75
2025-11-12,P010,C0191,3,8.90
2025-07-19,P018,C0183,3,35.00
2025-12-26,P011,C0357,2,35.00
2025-07-28,P013,C0356,2,24.75
2025-02-06,P015,C0136,4,19.99
2025-05-28,P009,C0364,1,49.90
2025-12-19,P011,C0231,2,49.90
2025-09-30,P018,C0407,1,12.50
2025-02-23,P017,C0494,10,12.50
2025-08-03,P011,C0469,1,12.50
2025-02-06,P002,C0121,10,24.75
2025-08-29,P001,C0484,4,19.99
2025-02-09,P010,C0005,2,8.90
2025-09-29,P004,C0195,3,19.99
2025-11-25,P001,C0157,2,19.99
2025-12-24,P018,C0475,10,19.99
2025-12-07,P020,C0026,2,24.75
2025-06-23,P001,C0332,1,49.90
2025-12-26,P018,C0335,1,12.50
2025-06-02,P018,C0396,2,35.00
2025-07-03,P010,C0428,2,24.75
2025-05-24,P012,C0004,1,35.00
2025-06-14,P006,C0133,4,35.00
2025-10-09,P008,C0155,1,19.99
2025-10-23,P009,C0029,2,19.99
2025-12-15,P002,C0247,1,79.00
2025-06-29,P016,C0230,4,24.75
2025-11-15,P017,C0203,1,24.75
2025-04-18,P001,C0012,2,19.99
2025-07-04,P017,C0397,3,79.00
2025-01-20,P006,C0331,1,12.50
2025-11-29,P001,C0174,5,12.50
2025-11-24,P012,C0318,4,12.50
2025-02-22,P004,C0205,2,12.50
2025-01-17,P020,C0475,3,49.90
2025-12-22,P007,C0258,2,8.90
2025-10-20,P012,C0063,1,79.00
2025-06-22,P013,C0364,5,19.99
2025-05-04,P020,C0387,10,24.75
2025-02-20,P005,C0219,10,49.90
2025-01-16,P008,C0370,20,49.90
2025-12-07,P005,C0344,2,35.00
2025-11-17,P008,C0167,20,49.90
2025-07-15,P002,C0296,3,8.90
2025-09-30,P006,C0162,2,8.90
2025-12-23,P017,C0236,2,24.75
2025-11-13,P004,C0280,2,19.99
2025-06-26,P017,C0083,4,79.00
2025-04-06,P019,C0455,4,24.75
2025-02-26,P018,C0075,5,49.90
2025-10-04,P014,C0085,1,24.75
2025-02-17,P011,C0096,10,49.90
2025-11-04,P006,C0414,3,19.99
2025-06-12,P010,C0113,3,35.00
2025-03-31,P014,C0119,10,19.99
2025-05-13,P019,C0439,1,49.90
2025-01-17,P001,C0204,3,8.90
2025-04-16,P014,C0275,2,12.50
2025-12-07,P019,C0196,2,12.50
2025-06-03,P005,C0360,2,12.50
2025-06-15,P002,C0034,2,24.75
2025-08-18,P015,C0402,1,19.99
2025-11-21,P017,C0425,10,8.90
2025-08-21,P007,C0266,1,8.90
2025-10-18,P001,C0048,4,79.00
2025-12-06,P010,C0386,5,24.75
2025-06-24,P003,C0187,3,19.99
2025-03-07,P003,C0389,5,79.00
2025-10-22,P003,C0180,2,12.50
2025-06-24,P005,C0077,1,35.00
2025-10-03,P003,C0081,3,8.90
2025-04-21,P007,C0175,2,19.99
2025-11-01,P018,C0495,1,8.90
2025-11-26,P012,C0115,3,12.50
2025-06-15,P018,C0476,2,24.75
2025-12-08,P013,C0125,3,49.90
2025-03-22,P008,C0020,2,79.00
2025-12-05,P012,C0462,1,79.00
2025-09-04,P011,C0179,5,19.99
2025-07-19,P012,C0249,3,19.99
2025-02-17,P001,C0079,20,24.75
2025-09-08,P017,C0222,5,35.00
2025-12-16,P017,C0044,2,8.90
2025-10-20,P003,C0077,1,12.50
2025-01-27,P014,C0211,4,19.99
2025-03-10,P009,C0294,1,19.99
2025-09-01,P020,C0461,5,35.00
2025-06-09,P009,C0155,20,79.00
2025-12-29,P013,C0319,1,12.50
2025-04-25,P001,C0433,2,8.90
2025-09-28,P003,C0022,1,24.75
2025-08-14,P010,C0464,4,24.75
2025-12-13,P020,C0327,4,35.00
2025-04-07,P019,C0394,1,35.00
2025-11-17,P007,C0338,5,35.00
2025-03-23,P003,C0102,3,12.50
2025-12-13,P005,C0321,5,35.00
2025-06-03,P017,C0246,2,79.00
2025-02-13,P017,C0327,3,79.00
2025-07-17,P016,C0182,1,12.50
2025-07-11,P018,C0361,2,49.90
2025-08-24,P008,C0422,5,12.50
2025-02-09,P018,C0455,1,49.90
2025-02-15,P006,C0023,3,8.90
2025-10-10,P001,C0371,5,19.99
2025-09-10,P010,C0461,1,8.90
2025-05-08,P002,C0442,4,12.50
2025-07-12,P009,C0211,4,35.00
2025-09-04,P011,C0402,4,8.90
2025-06-09,P020,C0478,4,8.90
2025-07-24,P007,C0402,1,24.75
2025-01-09,P015,C0165,3,24.75
2025-09-28,P017,C0025,4,19.99
2025-07-07,P001,C0234,4,79.00
2025-10-10,P006,C0462,1,49.90
2025-07-08,P020,C0430,2,8.90
2025-03-01,P017,C0225,2,24.75
2025-09-27,P019,C0139,10,12.50
2025-07-02,P002,C0408,5,79.00
2025-02-18,P019,C0493,2,8.90
2025-11-15,P012,C0187,4,35.00
2025-05-08,P008,C0067,2,12.50
2025-07-30,P017,C0329,1,35.00
2025-10-05,P004,C0097,2,8.90
2025-10-08,P015,C0257,4,49.90
2025-07-21,P017,C0072,1,12.50
2025-04-02,P013,C0296,2,35.00
2025-10-08,P017,C0255,3,12.50
2025-02-05,P013,C0409,1,49.90
2025-02-01,P009,C0154,4,79.00
2025-02-02,P017,C0305,5,49.90
2025-11-02,P003,C0412,1,8.90
2025-12-09,P013,C0269,3,79.00
2025-01-06,P008,C0335,1,8.90
2025-06-12,P016,C0022,3,19.99
2025-02-11,P008,C0446,1,8.90
2025-04-14,P020,C0334,4,24.75
2025-01-24,P018,C0125,2,8.90
2025-03-31,P017,C0017,5,35.00
2025-09-15,P003,C0153,1,12.50
2025-10-27,P015,C0099,2,8.90
2025-05-07,P007,C0249,2,79.00
2025-08-25,P003,C0206,2,49.90
2025-09-01,P008,C0409,-2,35.00
2025-02-20,P006,C0150,2,49.90
2025-03-28,P010,C0156,10,35.00
2025-02-08,P013,C0330,1,12.50
2025-11-20,P001,C0418,4,12.50
2025-05-21,P007,C0242,2,24.75
2025-06-17,P014,C0043,1,24.75
2025-02-12,P007,C0065,3,79.00
2025-08-02,P011,C0101,2,49.90
2025-12-11,P020,C0358,2,79.00
2025-06-17,P006,C0112,2,8.90
2025-04-06,P003,C0396,2,24.75
2025-07-31,P004,C0188,1,8.90
2025-12-29,P015,C0163,2,12.50
2025-05-01,P007,C0305,2,49.90
2025-07-12,P020,C0262,4,19.99
2025-10-26,P018,C0324,2,12.50
2025-08-24,P010,C0298,1,19.99
2025-10-30,P018,C0120,2,49.90
2025-08-12,P009,C0362,3,19.99
2025-12-03,P017,C0265,1,35.00
2025-09-23,P001,C0195,4,49.90
2025-04-30,P013,C0172,1,8.90
2025-05-19,P012,C0364,10,12.50
2025-06-25,P020,C0084,10,8.90
2025-03-04,P005,C0386,3,8.90
2025-01-02,P010,C0442,5,79.00
2025-08-01,P001,C0188,5,8.90
2025-10-26,P016,C0208,2,79.00
2025-01-12,P018,C0213,1,8.90
2025-02-07,P013,C0002,2,24.75
2025-11-19,P004,C0389,1,49.90
2025-04-26,P009,C0147,10,24.75
2025-01-07,P011,C0273,1,24.75
2025-07-01,P004,C0096,2,12.50
2025-04-20,P016,C0048,1,24.75
2025-07-09,P003,C0479,2,79.00
2025-10-13,P014,C0313,3,35.00
2025-12-03,P002,C0264,1,49.90
2025-01-12,P010,C0012,2,35.00
2025-07-16,P018,C0456,3,35.00
2025-10-04,P007,C0466,2,24.75
2025-05-16,P018,C0275,3,49.90
2025-12-18,P004,C0080,1,49.90
2025-02-05,P010,C0327,3,8.90
2025-11-01,P004,C0151,4,79.00
2025-01-04,P014,C0276,3,49.90
2025-11-28,P003,C0439,3,12.50
2025-03-14,P012,C0075,20,19.99
2025-01-17,P003,C0170,1,12.50
2025-06-16,P019,C0173,1,35.00
2025-02-24,P003,C0043,3,12.50
2025-12-09,P005,C0217,3,12.50
2025-10-24,P007,C0318,4,8.90
2025-03-16,P015,C0444,2,79.00
2025-08-26,P019,C0205,10,35.00
2025-04-14,P001,C0337,3,8.90
2025-12-14,P004,C0278,2,19.99
2025-10-23,P009,C0326,2,8.90
2025-02-28,P008,C0326,1,19.99
2025-05-22,P003,C0266,4,24.75
2025-09-19,P005,C0003,1,8.90
2025-08-05,P006,C0323,2,8.90
2025-04-01,P016,C0118,2,79.00
2025-01-01,P001,C0334,2,49.90
2025-09-17,P008,C0494,2,8.90
2025-07-17,P012,C0232,1,35.00
2025-03-09,P014,C0256,1,12.50
2025-03-23,P009,C0087,2,49.90
2025-08-19,P007,C0221,1,12.50
2025-08-23,P016,C0250,4,19.99
2025-05-10,P001,C0341,1,24.75
2025-11-28,P006,C0165,5,49.90
2025-09-04,P012,C0206,5,19.99
2025-04-25,P007,C0045,1,49.90
2025-02-07,P004,C0241,2,24.75
2025-06-04,P020,C0260,2,79.00
2025-08-18,P016,C0235,2,49.90
2025-02-26,P003,C0066,2,19.99
2025-04-06,P018,C0198,4,24.75
2025-01-17,P009,C0488,2,49.90
2025-06-26,P010,C0383,10,35.00
2025-11-08,P008,C0349,10,35.00
2025-04-09,P005,C0470,1,12.50
2025-10-07,P008,C0284,2,49.90
2025-04-23,P012,C0027,2,79.00
2025-02-28,P007,C0365,3,19.99
2025-07-14,P019,C0126,1,49.90
2025-10-08,P008,C0270,10,12.50
2025-02-25,P003,C0233,10,19.99
2025-05-10,P006,C0394,4,35.00
2025-02-27,P018,C0288,2,35.00
2025-09-16,P016,C0039,2,79.00
2025-06-08,P015,C0401,2,19.99
2025-11-13,P007,C0332,2,49.90
2025-08-28,P009,C0487,2,19.99
2025-03-18,P011,C0040,4,8.90
2025-09-18,P008,C0425,2,19.99
2025-03-12,P013,C0170,1,8.90
2025-07-14,P011,C0037,10,8.90
2025-10-18,P008,C0292,1,49.90
2025-04-20,P003,C0223,1,79.00
2025-07-10,P004,C0453,10,19.99
2025-06-06,P012,C0183,4,19.99
2025-08-28,P015,C0014,5,24.75
2025-07-30,P016,C0170,1,24.75
2025-04-01,P003,C0228,1,8.90
2025-11-22,P002,C0129,2,79.00
2025-06-28,P014,C0243,3,35.00
2025-04-28,P016,C0399,1,35.00
2025-01-03,P018,C0138,10,19.99
2025-10-05,P013,C0244,20,24.75
2025-05-14,P011,C0255,1,35.00
2025-07-26,P017,C0486,3,12.50
2025-05-12,P018,C0013,5,8.90
2025-03-07,P013,C0127,1,35.00
2025-05-08,P020,C0012,3,19.99
2025-08-20,P010,C0442,5,79.00
2025-08-09,P007,C0171,10,8.90
2025-01-16,P010,C0081,2,79.00
2025-04-21,P004,C0058,2,79.00
2025-05-30,P020,C0352,3,19.99
2025-06-20,P010,C0420,20,79.00
2025-10-25,P008,C0285,4,12.50
2025-11-30,P004,C0200,10,24.75
2025-02-11,P020,C0495,1,19.99
2025-03-30,P020,C0118,1,35.00
2025-12-02,P019,C0481,4,24.75
2025-03-02,P020,C0038,1,79.00
2025-09-25,P018,C0040,3,12.50
2025-08-02,P016,C0473,1,19.99
2025-11-21,P018,C0286,1,8.90
2025-11-17,P005,C0485,2,19.99
2025-12-13,P014,C0110,1,19.99
2025-04-05,P012,C0237,2,8.90
2025-08-17,P020,C0362,1,79.00
2025-11-17,P008,C0446,3,35.00
2025-05-21,P007,C0068,1,35.00
2025-06-09,P002,C0335,10,49.90
2025-03-07,P010,C0155,1,19.99
2025-08-21,P012,C0156,5,19.99
2025-05-12,P003,C0315,2,79.00
2025-07-03,P013,C0219,-2,49.90
2025-10-06,P005,C0175,1,12.50
2025-03-01,P014,C0271,3,49.90
2025-10-23,P004,C0167,1,49.90
2025-02-26,P018,C0249,3,49.90
2025-01-17,P017,C0132,5,19.99
2025-03-27,P002,C0372,4,79.00
2025-10-16,P018,C0276,1,24.75
2025-08-16,P011,C0116,1,79.00
2025-03-18,P009,C0148,4,35.00
2025-04-20,P004,C0124,1,19.99
2025-08-06,P010,C0367,2,19.99
2025-06-09,P020,C0416,2,49.90
2025-04-16,P009,C0002,1,49.90
2025-07-09,P017,C0496,1,12.50
2025-11-05,P010,C0087,2,49.90
2025-10-27,P020,C0476,1,24.75
2025-12-27,P002,C0240,2,35.00
2025-09-20,P014,C0302,4,12.50
2025-07-28,P001,C0157,4,49.90
2025-08-26,P004,C0190,4,24.75
2025-12-05,P020,C0367,1,8.90
2025-02-04,P006,C0052,1,24.75
2025-01-03,P010,C0020,10,8.90
2025-06-08,P001,C0251,2,24.75
2025-01-12,P020,C0221,2,79.00
2025-03-14,P013,C0242,4,8.90
2025-01-16,P003,C0435,1,24.75
2025-08-27,P005,C0338,1,8.90
2025-01-06,P016,C0111,2,19.99
2025-03-21,P020,C0288,2,19.99
2025-04-03,P018,C0414,2,12.50
2025-09-19,P007,C0070,4,49.90
2025-03-10,P006,C0098,1,79.00
2025-08-03,P003,C0138,1,49.90
2025-02-01,P006,C0333,10,79.00
2025-10-23,P005,C0419,1,79.00
2025-02-03,P001,C0116,3,19.99
2025-06-04,P009,C0149,3,35.00
2025-03-20,P004,C0285,4,79.00
2025-03-20,P018,C0102,4,35.00
2025-12-06,P017,C0255,3,19.99
2025-12-29,P004,C0273,1,19.99
2025-10-21,P018,C0423,4,8.90
2025-08-06,P011,C0457,10,8.90
2025-03-17,P008,C0019,1,24.75
2025-06-30,P010,C0164,3,8.90
2025-04-03,P005,C0114,1,8.90
2025-12-28,P007,C0283,-2,19.99
2025-07-14,P020,C0429,4,12.50
2025-10-01,P012,C0292,2,12.50
2025-03-12,P010,C0289,4,49.90
2025-10-24,P017,C0101,10,49.90
2025-11-26,P012,C0192,2,49.90
2025-04-26,P017,C0146,1,49.90
2025-09-22,P005,C0259,2,8.90
2025-06-27,P017,C0330,1,8.90
2025-10-27,P015,C0460,1,12.50
2025-11-05,P009,C0203,3,49.90
2025-09-08,P007,C0454,2,12.50
2025-02-02,P014,C0193,10,24.75
2025-06-03,P007,C0279,1,35.00
2025-09-18,P010,C0443,2,49.90
2025-07-12,P006,C0052,1,8.90
2025-01-20,P006,C0323,2,24.75
2025-05-08,P004,C0368,1,49.90
2025-02-15,P002,C0294,1,24.75
2025-12-28,P020,C0059,3,35.00
2025-04-10,P011,C0092,1,12.50
2025-03-26,P001,C0492,2,79.00
2025-07-12,P010,C0058,1,19.99
2025-05-07,P020,C0254,2,19.99
2025-03-07,P014,C0025,2,8.90
2025-02-17,P002,C0486,4,12.50
2025-03-28,P019,C0301,5,79.00
2025-10-05,P004,C0094,2,35.00
2025-05-13,P014,C0357,1,19.99
2025-03-01,P002,C0294,10,8.90
2025-06-08,P001,C0160,3,12.50
2025-04-30,P006,C0069,1,79.00
2025-10-25,P019,C0139,2,19.99
2025-11-18,P015,C0062,1,19.99
2025-07-22,P011,C0008,3,8.90
2025-04-16,P007,C0467,2,24.75
2025-03-21,P002,C0041,3,49.90
2025-04-02,P012,C0433,1,19.99
2025-12-13,P001,C0425,2,35.00
2025-05-30,P013,C0365,1,49.90
2025-07-17,P015,C0323,5,79.00
2025-12-19,P004,C0492,5,35.00
2025-12-17,P008,C0316,2,49.90
2025-09-18,P019,C0077,1,79.00
2025-02-08,P003,C0485,2,8.90
2025-06-08,P020,C0023,2,12.50
2025-05-11,P008,C0005,10,35.00
2025-04-26,P017,C0193,4,35.00
2025-12-06,P011,C0408,1,19.99
2025-05-26,P011,C0156,2,49.90
2025-06-27,P020,C0127,5,49.90
2025-06-14,P005,C0495,1,79.00
2025-12-02,P017,C0144,1,12.50
2025-01-01,P005,C0316,2,19.99
2025-05-25,P001,C0005,3,49.90
2025-03-22,P008,C0245,2,35.00
2025-05-12,P015,C0315,3,24.75
2025-12-23,P013,C0317,20,35.00
2025-05-08,P009,C0329,1,19.99
2025-02-01,P010,C0110,1,19.99
2025-10-04,P001,C0078,5,19.99
2025-12-02,P013,C0243,2,19.99
2025-09-18,P002,C0371,4,12.50
2025-05-20,P002,C0437,4,24.75
2025-04-27,P010,C0253,2,49.90
2025-11-15,P006,C0234,1,35.00
2025-07-26,P012,C0102,5,19.99
2025-10-17,P015,C0358,3,79.00
2025-09-16,P009,C0100,2,8.90
2025-11-28,P004,C0400,4,49.90
2025-07-01,P017,C0307,5,12.50
2025-04-09,P014,C0386,10,35.00
2025-08-29,P009,C0031,2,24.75
2025-02-03,P005,C0138,1,24.75
2025-09-05,P004,C0218,-2,49.90
2025-06-11,P006,C0170,4,79.00
2025-11-15,P002,C0380,4,8.90
2025-01-09,P018,C0053,1,49.90
2025-09-13,P002,C0230,10,19.99
2025-06-13,P016,C0492,3,24.75
2025-07-27,P012,C0006,4,79.00
2025-01-10,P011,C0195,2,19.99
2025-02-21,P002,C0295,2,8.90
2025-07-31,P010,C0216,2,19.99
2025-04-02,P001,C0322,4,79.00
2025-02-18,P009,C0342,4,24.75
2025-09-12,P015,C0247,10,24.75
2025-02-17,P016,C0097,3,8.90
2025-12-31,P006,C0175,5,79.00
2025-02-04,P001,C0414,3,8.90
2025-08-16,P015,C0227,1,24.75
2025-03-19,P012,C0029,2,79.00
2025-05-28,P010,C0319,2,19.99
2025-05-01,P005,C0188,2,79.00
2025-07-01,P016,C0423,2,49.90
2025-04-18,P017,C0116,2,8.90
2025-01-03,P007,C0219,10,35.00
2025-09-17,P005,C0069,4,12.50
2025-11-14,P007,C0203,3,8.90
2025-12-18,P015,C0052,2,35.00
2025-08-15,P005,C0059,2,19.99
2025-02-21,P019,C0481,3,49.90
2025-11-12,P007,C0066,1,12.50
2025-07-25,P017,C0344,10,79.00
2025-01-31,P001,C0216,1,49.90
2025-09-02,P020,C0128,3,35.00
2025-05-21,P001,C0242,1,8.90
2025-12-27,P017,C0421,2,35.00
2025-06-01,P012,C0103,3,79.00
2025-03-12,P015,C0283,1,12.50
2025-09-17,P005,C0324,2,19.99
2025-02-07,P007,C0045,10,79.00
2025-11-12,P006,C0418,2,19.99
2025-03-09,P005,C0333,4,79.00
2025-02-09,P003,C0026,20,35.00
2025-09-20,P002,C0321,2,24.75
2025-11-08,P016,C0308,3,35.00
2025-01-07,P004,C0361,1,19.99
2025-01-27,P006,C0469,1,8.90
2025-02-21,P001,C0360,2,19.99
2025-12-03,P011,C0033,2,12.50
2025-10-24,P003,C0388,1,49.90
2025-02-10,P005,C0041,4,79.00
2025-09-03,P007,C0227,1,35.00
2025-12-25,P018,C0032,2,35.00
2025-12-25,P005,C0270,1,49.90
2025-12-15,P003,C0200,4,8.90
2025-06-29,P013,C0470,2,19.99
2025-10-15,P010,C0121,1,8.90
2025-02-26,P004,C0241,5,12.50
2025-11-10,P016,C0103,3,8.90
2025-03-13,P020,C0055,5,8.90
2025-12-13,P014,C0338,5,35.00
2025-08-08,P020,C0153,1,12.50
2025-04-30,P013,C0082,3,12.50
2025-02-27,P010,C0159,1,12.50
2025-04-07,P004,C0340,10,35.00
2025-06-04,P008,C0014,1,19.99
2025-01-21,P009,C0342,5,19.99
2025-11-21,P019,C0225,4,79.00
2025-04-09,P014,C0147,4,35.00
2025-05-13,P019,C0224,3,35.00
2025-06-03,P004,C0005,2,12.50
2025-08-10,P019,C0054,1,19.99
2025-01-08,P020,C0343,2,79.00
2025-04-16,P019,C0188,5,19.99
2025-08-05,P016,C0257,1,12.50
2025-04-28,P010,C0077,2,24.75
2025-08-06,P003,C0424,2,49.90
2025-07-13,P019,C0199,2,49.90
2025-02-01,P018,C0310,1,49.90
2025-11-23,P010,C0134,2,35.00
2025-09-23,P011,C0067,2,35.00
2025-10-04,P003,C0152,5,49.90
2025-03-28,P019,C0175,20,19.99
2025-08-28,P006,C0398,2,79.00
2025-06-17,P015,C0358,2,12.50
2025-02-13,P002,C0348,4,12.50
2025-09-26,P008,C0054,10,8.90
2025-09-08,P006,C0211,2,79.00
2025-05-05,P005,C0235,2,35.00
2025-01-18,P007,C0206,1,8.90
2025-07-12,P017,C0316,10,19.99
2025-04-01,P013,C0044,5,79.00
2025-05-21,P002,C0334,2,79.00
2025-06-15,P019,C0226,4,24.75
2025-03-25,P008,C0429,10,12.50
2025-04-13,P012,C0312,5,79.00
2025-02-07,P011,C0024,10,19.99
2025-08-03,P006,C0365,3,19.99
2025-08-23,P003,C0414,1,19.99
2025-09-23,P010,C0305,3,12.50
2025-05-10,P006,C0036,2,79.00
2025-12-29,P009,C0348,1,35.00
2025-11-01,P001,C0090,1,8.90
2025-07-25,P014,C0249,5,19.99
2025-04-06,P005,C0288,10,12.50
2025-06-06,P016,C0359,4,79.00
2025-12-27,P019,C0287,3,12.50
2025-06-08,P003,C0090,1,49.90
2025-09-12,P013,C0366,4,35.00
2025-12-05,P008,C0415,2,79.00
2025-02-07,P007,C0338,4,24.75
2025-01-29,P009,C0065,2,19.99
2025-05-31,P004,C0058,1,19.99
2025-12-02,P020,,1,19.99
2025-03-10,P017,C0246,2,24.75
2025-10-02,P005,C0487,1,12.50
2025-09-19,P016,C0382,2,49.90
2025-05-13,P009,C0354,1,12.50
2025-06-23,P006,C0480,5,79.00
2025-06-17,P015,C0137,3,24.75
2025-02-06,P017,C0139,1,24.75
2025-11-29,P017,C0276,10,24.75
2025-01-18,P012,C0202,2,19.99
2025-06-13,P010,C0493,1,19.99
2025-12-05,P011,C0185,1,79.00
2025-01-20,P012,C0432,2,24.75
2025-04-02,P018,C0447,3,8.90
2025-01-21,P015,C0413,2,19.99
2025-01-15,P001,C0327,2,8.90
2025-08-23,P007,C0151,2,49.90
2025-07-01,P008,C0068,2,19.99
2025-11-29,P008,C0453,1,35.00
2025-02-19,P003,C0332,4,24.75
2025-02-27,P006,C0455,2,8.90
2025-07-17,P009,C0491,3,19.99
2025-10-24,P015,C0320,1,12.50
2025-09-10,P007,C0046,20,79.00
2025-07-21,P015,C0065,2,35.00
2025-02-15,P004,C0193,1,12.50
2025-09-21,P014,C0219,3,12.50
2025-02-07,P020,C0151,5,12.50
2025-08-26,P013,C0192,1,8.90
2025-02-27,P013,C0285,3,79.00
2025-11-03,P010,C0097,4,19.99
2025-11-19,P016,C0350,1,79.00
2025-06-17,P007,C0383,3,49.90
2025-08-26,P007,C0258,20,49.90
2025-07-02,P015,C0055,4,12.50
2025-03-28,P011,C0494,1,12.50
2025-12-20,P010,C0386,3,8.90
2025-07-01,P017,C0196,3,49.90
2025-06-18,P010,C0049,5,24.75
2025-10-26,P020,C0457,1,12.50
2025-10-21,P001,C0035,4,12.50
2025-12-17,P006,C0408,-2,24.75
2025-08-10,P020,C0235,1,8.90
2025-05-11,P001,C0291,1,35.00
2025-09-18,P017,C0493,1,8.90
2025-04-22,P011,C0331,10,12.50
2025-04-19,P005,C0013,5,12.50
2025-07-07,P011,C0016,2,35.00
2025-07-04,P005,C0278,2,12.50
2025-08-23,P020,C0196,1,49.90
2025-02-02,P015,C0434,1,12.50
2025-08-10,P007,C0091,2,35.00
2025-09-25,P003,C0245,1,24.75
2025-12-04,P014,C0308,4,8.90
2025-03-17,P007,C0148,1,79.00
2025-03-06,P017,C0021,4,49.90
2025-08-24,P012,C0314,5,79.00
2025-02-13,P006,C0104,1,49.90
2025-03-14,P015,C0063,10,79.00
2025-11-11,P009,C0156,4,79.00
2025-06-09,P016,C0289,1,49.90
2025-09-24,P017,C0255,1,8.90
2025-12-20,P007,C0393,2,24.75
2025-08-21,P013,C0309,2,35.00
2025-12-02,P020,C0057,2,79.00
2025-04-03,P015,C0012,2,79.00
2025-10-27,P004,C0254,10,79.00
2025-01-28,P002,C0482,1,24.75
2025-07-18,P015,C0173,3,19.99
2025-07-07,P005,C0391,1,8.90
2025-07-15,P007,C0240,2,19.99
2025-06-23,P002,C0290,4,24.75
2025-05-01,P007,C0473,10,49.90
2025-09-05,P009,C0462,4,49.90
2025-07-14,P016,C0482,1,24.75
2025-06-21,P016,C0325,4,79.00
2025-08-05,P002,C0017,1,49.90
2025-05-10,P002,C0384,3,49.90
2025-10-23,P013,C0211,3,12.50
2025-08-28,P008,C0493,4,12.50
2025-06-12,P003,C0491,2,12.50
2025-09-18,P019,C0372,2,12.50
2025-04-07,P017,C0446,20,12.50
2025-10-16,P013,C0326,1,8.90
2025-12-30,P002,C0348,0,8.90
2025-03-16,P017,C0274,1,49.90
2025-11-22,P010,C0170,2,79.00
2025-04-20,P013,C0304,2,19.99
2025-01-12,P001,C0079,5,79.00
2025-12-09,P018,C0397,2,79.00
2025-01-12,P009,C0262,2,79.00
2025-07-05,P011,C0052,4,12.50
2025-03-02,P008,C0323,3,12.50
2025-04-17,P008,C0011,4,19.99
2025-07-10,P012,C0473,4,12.50
2025-06-29,P015,C0250,2,19.99
2025-12-29,P020,C0017,2,35.00
2025-07-27,P005,C0054,5,49.90
2025-04-16,P007,C0099,2,19.99
2025-04-29,P006,C0183,1,24.75
2025-02-23,P012,C0037,3,24.75
2025-08-10,P014,C0077,2,35.00
2025-04-08,P004,C0190,3,35.00
2025-05-24,P001,C0458,1,12.50
2025-01-31,P001,C0246,5,79.00
2025-02-01,P012,C0471,3,12.50
2025-02-28,P016,C0009,3,8.90
2025-03-08,P015,C0185,5,79.00
2025-09-25,P008,C0397,1,49.90
2025-06-04,P011,C0024,1,35.00
2025-01-17,P010,C0278,2,12.50
2025-05-22,P017,C0428,2,8.90
2025-05-22,P006,C0095,1,19.99
2025-06-30,P002,C0282,2,19.99
2025-02-19,P001,C0420,5,12.50
2025-09-08,P007,C0057,1,12.50
2025-04-27,P006,C0149,2,79.00
2025-10-24,P001,C0062,3,49.90
2025-07-12,P014,C0467,1,8.90
2025-08-07,P003,C0138,1,49.90
2025-02-17,P002,C0094,4,35.00
2025-03-03,P009,C0256,5,35.00
2025-12-11,P016,C0026,3,8.90
2025-11-13,P019,C0426,10,79.00
2025-05-04,P005,C0172,4,79.00
2025-01-21,P008,C0239,1,49.90
2025-03-13,P004,C0492,1,12.50
2025-09-22,P013,C0081,5,49.90
2025-06-27,P002,C0211,1,8.90
2025-11-22,P006,C0271,2,79.00
2025-02-23,P012,C0193,2,79.00
2025-02-07,P005,C0262,3,19.99
2025-11-09,P014,C0339,10,35.00
2025-04-23,P013,C0317,5,24.75
2025-02-24,P008,C0342,5,79.00
2025-06-14,P020,C0490,2,79.00
2025-07-25,P017,C0430,20,8.90
2025-04-05,P016,C0344,2,24.75
2025-10-15,P007,C0004,1,79.00
2025-06-29,P019,C0400,1,24.75
2025-09-27,P011,C0140,2,35.00
2025-11-03,P014,C0172,2,35.00
2025-07-26,P017,C0379,1,8.90
2025-09-01,P005,C0333,1,19.99
2025-12-25,P004,C0390,5,19.99
2025-09-15,P019,C0305,1,49.90
2025-10-01,P007,C0006,1,35.00
2025-11-29,P006,C0485,3,79.00
2025-11-03,P016,C0376,2,8.90
2025-05-10,P018,C0488,1,8.90
2025-02-09,P010,C0126,1,24.75
2025-01-10,P009,C0168,1,12.50
2025-04-05,P002,C0322,1,35.00
2025-10-14,P002,C0113,3,19.99
2025-05-26,P007,C0441,1,79.00
2025-07-30,P019,C0077,4,79.00
2025-06-08,P017,C0147,2,8.90
2025-08-23,P016,C0274,1,24.75
2025-09-07,P007,C0388,3,24.75
2025-01-30,P005,C0328,4,8.90
2025-02-19,P019,C0090,5,8.90
2025-05-08,P019,C0084,3,24.75
2025-10-27,P012,C0363,3,8.90
2025-08-19,P015,C0014,3,24.75
2025-01-14,P015,C0359,1,79.00
2025-09-07,P005,C0012,3,35.00
2025-07-28,P008,C0498,2,79.00
2025-01-31,P007,C0485,0,35.00
2025-07-03,P011,C0345,5,49.90
2025-06-08,P003,C0228,1,19.99
2025-03-18,P018,C0130,4,49.90
2025-10-15,P001,C0306,2,24.75
2025-05-27,P005,C0008,1,49.90
2025-06-06,P018,C0402,2,8.90
2025-01-15,P006,C0087,2,12.50
2025-01-02,P016,C0216,2,49.90
2025-12-30,P008,C0426,5,19.99
2025-08-13,P020,C0340,3,35.00
2025-10-28,P017,C0109,0,12.50
2025-05-09,P006,C0289,1,12.50
2025-08-09,P016,C0498,5,49.90
2025-06-16,P012,C0100,3,8.90
2025-09-14,P012,C0267,2,79.00
2025-07-30,P015,C0051,2,35.00
2025-02-26,P006,C0412,10,19.99
2025-10-28,P014,C0202,1,8.90
2025-07-18,P018,C0218,3,8.90
2025-12-16,P002,C0368,1,79.00
2025-09-23,P008,C0405,5,35.00
2025-03-22,P001,C0271,5,12.50
2025-03-21,P008,C0385,3,8.90
2025-05-09,P009,C0189,3,35.00
2025-02-18,P009,C0119,2,8.90
2025-03-12,P019,C0343,1,12.50
2025-06-18,P013,C0461,1,19.99
2025-12-07,P014,C0403,4,19.99
2025-05-18,P019,C0163,5,8.90
2025-03-20,P018,C0445,2,19.99
2025-04-11,P004,C0490,4,79.00
2025-06-19,P011,C0348,5,8.90
2025-02-23,P002,C0289,20,19.99
2025-03-16,P019,C0185,1,35.00
2025-12-03,P012,C0023,5,24.75
2025-03-22,P004,C0439,1,12.50
2025-09-17,P014,C0330,1,79.00
2025-11-28,P005,C0481,1,79.00
2025-04-20,P012,C0211,1,8.90
2025-07-09,P017,C0062,20,79.00
2025-04-23,P011,C0469,2,79.00
2025-08-04,P008,C0491,3,12.50
2025-08-10,P002,C0482,3,49.90
2025-01-22,P012,C0330,5,35.00
2025-04-21,P018,C0405,1,79.00
2025-03-01,P009,C0067,2,8.90
2025-07-03,P010,C0103,2,79.00
2025-05-29,P016,C0115,1,79.00
2025-08-24,P019,C0486,2,24.75
2025-09-13,P019,C0357,3,19.99
2025-02-10,P018,C0272,1,19.99
2025-09-09,P011,C0412,2,49.90
2025-03-30,P011,C0445,2,19.99
2025-11-16,P010,C0292,1,35.00
2025-03-06,P007,C0065,4,19.99
2025-01-10,P013,C0053,2,8.90
2025-12-09,P006,C0333,2,79.00
2025-11-09,P020,C0340,3,12.50
2025-05-10,P005,C0278,3,79.00
2025-04-04,P001,C0409,3,19.99
2025-07-27,P016,C0244,2,12.50
2025-11-14,P012,C0499,3,12.50
2025-08-18,P017,C0239,5,79.00
2025-10-23,P011,C0244,10,35.00
2025-10-23,P017,C0202,4,19.99
2025-12-29,P006,C0152,1,19.99
2025-11-20,P018,C0060,1,24.75
2025-12-21,P003,C0023,2,19.99
2025-09-29,P015,C0486,1,79.00
2025-08-10,P005,C0177,1,24.75
2025-06-19,P003,C0347,2,12.50
2025-08-02,P014,C0199,2,35.00
2025-06-18,P002,C0337,4,79.00
2025-06-15,P006,C0398,2,49.90
2025-06-23,P018,C0389,2,24.75
2025-03-11,P016,C0207,2,12.50
2025-01-08,P003,C0484,1,79.00
2025-01-04,P003,C0247,3,19.99
2025-11-03,P020,C0063,3,8.90
2025-06-18,P008,C0306,2,12.50
2025-04-13,P017,C0304,1,24.75
2025-03-03,P008,C0321,1,49.90
2025-06-14,P004,C0290,4,49.90
2025-07-04,P014,C0417,1,24.75
2025-04-09,P015,C0094,5,35.00
2025-05-09,P010,C0100,5,35.00
2025-09-05,P012,C0490,5,19.99
2025-12-17,P013,C0132,4,12.50
2025-06-02,P010,C0030,5,8.90
2025-02-11,P002,C0457,2,79.00
2025-11-28,P002,C0266,1,24.75
2025-05-22,P008,C0145,5,49.90
2025-12-18,P014,C0440,1,8.90
2025-02-17,P006,C0208,2,24.75
2025-09-06,P001,C0417,4,19.99
2025-02-14,P009,C0134,2,49.90
2025-04-02,P020,C0134,1,19.99
2025-01-20,P007,C0054,2,12.50
2025-01-12,P013,C0342,5,12.50
2025-12-01,P010,C0182,1,19.99
2025-03-14,P016,C0418,3,19.99
2025-02-28,P010,C0065,1,24.75
2025-05-10,P016,C0425,3,35.00
2025-10-14,P015,C0130,1,12.50
2025-01-18,P016,C0237,5,8.90
2025-02-23,P020,C0261,1,8.90
2025-01-01,P019,C0022,4,12.50
2025-05-15,P017,C0316,2,12.50
2025-02-27,P011,C0089,0,24.75
2025-12-13,P005,C0499,1,12.50
2025-03-20,P003,C0318,4,12.50
2025-07-20,P002,C0192,1,8.90
2025-05-29,P004,C0246,2,49.90
2025-02-22,P004,C0490,1,24.75
2025-07-12,P002,C0483,3,8.90
2025-01-26,P007,C0428,2,8.90
2025-12-24,P009,C0237,1,19.99
2025-03-30,P017,C0458,3,35.00
2025-12-12,P014,C0033,1,24.75
2025-04-24,P010,C0086,2,35.00
2025-02-05,P008,C0241,1,24.75
2025-08-18,P003,C0286,1,24.75
2025-12-11,P007,C0343,3,12.50
2025-08-01,P003,C0113,20,79.00
2025-02-25,P018,C0338,10,49.90
2025-03-10,P018,C0041,1,79.00
2025-09-27,P009,C0325,1,19.99
2025-10-23,P002,C0313,10,24.75
2025-03-22,P017,C0248,10,79.00
2025-05-25,P016,C0133,2,12.50
2025-05-13,P010,C0370,5,24.75
2025-02-02,P008,C0326,2,8.90
2025-10-12,P016,C0385,5,8.90
2025-08-12,P002,C0308,2,12.50
2025-07-22,P013,C0356,3,35.00
2025-02-10,P017,C0287,2,79.00
2025-05-02,P020,C0203,1,35.00
2025-07-10,P016,C0301,3,49.90
2025-08-09,,C0476,4,19.99
2025-03-06,P010,C0031,2,79.00
2025-02-20,P019,C0132,5,8.90
2025-10-31,P005,C0288,1,24.75
2025-07-20,P016,C0106,1,12.50
2025-12-28,P007,C0331,2,79.00
2025-12-08,P014,C0411,2,19.99
2025-11-27,P008,C0342,3,24.75
2025-04-11,P018,C0391,5,19.99
2025-10-23,P003,C0248,1,35.00
2025-11-23,P019,C0153,10,8.90
2025-09-03,P004,C0168,3,35.00
2025-06-21,P018,C0367,1,19.99
2025-11-13,P008,C0155,10,8.90
2025-11-11,P013,C0263,4,8.90
2025-11-26,P001,C0086,4,19.99
2025-12-31,P006,C0490,4,12.50
2025-02-08,P004,C0003,5,79.00
2025-12-15,P007,C0148,2,12.50
2025-06-17,P018,C0421,3,19.99
2025-07-29,P015,C0156,1,19.99
2025-04-18,P001,C0467,1,35.00
2025-01-22,P012,C0164,1,24.75
2025-03-21,P011,C0308,2,24.75
2025-08-02,P017,C0436,3,19.99
2025-05-22,P011,C0494,1,79.00
2025-12-02,P002,C0003,4,8.90
2025-01-04,P010,C0193,2,35.00
2025-06-29,P009,C0474,1,35.00
2025-01-14,P020,C0325,2,12.50
2025-08-09,P017,C0259,1,8.90
2025-06-11,P008,C0155,2,19.99
2025-06-16,P014,C0270,3,79.00
2025-08-26,P006,C0031,1,49.90
2025-07-31,P002,C0290,1,24.75
2025-10-18,P002,C0346,1,79.00
2025-01-20,P019,C0113,4,8.90
2025-02-18,P003,C0181,1,8.90
2025-08-06,P003,C0219,4,8.90
2025-01-06,P003,C0476,4,24.75
2025-04-16,P009,C0084,1,35.00
2025-06-28,P008,C0369,3,12.50
2025-06-03,P019,C0427,2,49.90
2025-09-08,P005,C0002,3,8.90
2025-12-08,P001,C0349,3,49.90
2025-11-16,P002,C0274,4,12.50
2025-03-01,P001,C0158,3,35.00
2025-01-16,P012,C0385,1,19.99
2025-04-03,P001,C0387,1,35.00
2025-08-10,P009,C0254,1,24.75
2025-02-25,P006,C0272,1,79.00
2025-12-04,P004,C0089,1,12.50
2025-09-13,P002,C0226,2,12.50
2025-09-01,P004,C0125,4,35.00
2025-06-12,P015,C0315,10,24.75
2025-04-28,P012,C0391,10,8.90
2025-07-23,P003,C0323,4,8.90
2025-03-20,P016,C0169,3,8.90
2025-10-03,P014,C0048,2,79.00
2025-08-28,P005,C0417,3,49.90
2025-05-18,P018,C0227,1,79.00
2025-12-26,P001,C0410,10,49.90
2025-12-17,P015,C0088,1,79.00
2025-05-16,P012,C0147,4,79.00
2025-09-03,P015,C0333,2,35.00
2025-02-22,P013,C0291,0,35.00
2025-06-19,P001,C0378,5,24.75
2025-12-14,P017,C0262,5,79.00
2025-11-29,P008,C0353,20,24.75
2025-04-24,P011,C0283,3,49.90
2025-03-31,P019,C0203,1,35.00
2025-06-25,P002,C0236,1,19.99
2025-12-22,P012,C0097,10,12.50
2025-04-18,P002,C0188,2,49.90
2025-05-31,P015,C0080,2,19.99
2025-01-21,P004,C0492,1,49.90
2025-07-26,P001,C0485,1,49.90
2025-04-16,P018,C0270,5,24.75
2025-05-25,P009,C0043,1,19.99
2025-08-11,P013,C0451,3,8.90
2025-08-22,P016,C0463,2,12.50
2025-12-12,P017,C0307,10,8.90
2025-07-06,P017,C0095,5,8.90
2025-04-06,P006,C0119,5,12.50
2025-03-04,P009,C0240,10,24.75
2025-07-19,P004,C0032,3,24.75
2025-07-10,P010,C0243,2,8.90
2025-09-01,P003,C0244,4,8.90
2025-11-15,P016,C0051,2,49.90
2025-05-31,P010,C0472,3,8.90
2025-01-27,P020,C0438,4,12.50
2025-08-12,P016,C0203,1,24.75
2025-12-12,P018,C0342,1,35.00
2025-08-11,P014,C0265,1,12.50
2025-12-06,P020,C0453,3,8.90
2025-05-29,P003,C0277,3,35.00
2025-04-15,P009,C0046,2,24.75
2025-12-13,P002,C0283,1,49.90
2025-07-05,P015,C0072,3,49.90
2025-05-13,P002,C0464,10,79.00
2025-07-12,P006,C0048,1,79.00
2025-03-15,P011,C0358,5,35.00
2025-10-24,P018,C0113,20,49.90
2025-03-05,P004,C0227,3,35.00
2025-10-24,P012,C0324,3,8.90
2025-11-09,P004,C0039,3,8.90
2025-07-09,P012,C0123,1,12.50
2025-06-25,P020,C0361,2,35.00
2025-06-14,P004,C0386,1,49.90
2025-01-15,P002,C0293,10,12.50
2025-03-10,P020,C0319,5,8.90
2025-06-01,P008,C0145,3,35.00
2025-01-02,P008,C0191,1,12.50
2025-09-22,P007,C0040,1,49.90
2025-07-17,P019,C0030,5,8.90
2025-06-18,P019,C0052,5,8.90
2025-04-21,P013,C0092,3,79.00
2025-12-28,P001,C0046,1,8.90
2025-11-22,P009,C0172,2,8.90
2025-10-11,P010,C0409,4,35.00
2025-04-22,P002,C0341,1,79.00
2025-02-27,P007,C0182,3,24.75
2025-01-11,P010,C0480,4,8.90
2025-10-12,P012,C0461,1,49.90
2025-07-03,P005,C0177,3,79.00
2025-10-18,P012,C0395,5,24.75
2025-06-04,P019,C0359,3,24.75
2025-10-10,P008,C0243,1,19.99
2025-07-06,P006,C0134,10,35.00
2025-08-12,P017,C0298,1,49.90
2025-07-03,P008,C0042,1,8.90
2025-08-11,P014,C0490,2,24.75
2025-11-22,P004,C0260,1,19.99
2025-03-22,P001,C0261,2,12.50
2025-11-11,P019,C0427,3,49.90
2025-08-05,P019,C0347,1,79.00
2025-12-07,P006,C0051,2,12.50
2025-08-03,P016,C0253,2,8.90
2025-09-18,P004,C0433,5,12.50
2025-10-02,P004,C0430,10,79.00
2025-03-02,P009,C0023,2,8.90
2025-07-19,P016,C0211,2,8.90
2025-03-16,P018,C0024,3,19.99
2025-10-15,P008,C0235,1,8.90
2025-08-25,P017,C0200,4,8.90
2025-02-13,P005,C0178,2,49.90
2025-10-12,P001,C0423,3,49.90
2025-02-02,P005,C0476,10,12.50
2025-11-15,P010,C0208,1,35.00
2025-01-25,P018,C0482,3,49.90
2025-12-24,P012,C0174,2,19.99
2025-07-19,P011,C0073,2,19.99
2025-10-21,P019,C0391,5,12.50
2025-01-03,P007,C0036,3,79.00
2025-09-01,P012,C0431,2,49.90
2025-01-27,P002,C0388,1,8.90
2025-04-03,P011,C0248,3,8.90
2025-10-13,P009,C0285,-2,8.90
2025-11-21,P014,C0037,4,35.00
2025-08-20,P016,C0216,1,79.00
2025-03-27,P013,C0030,1,49.90
2025-06-01,P013,C0127,1,19.99
2025-06-01,P001,C0301,3,49.90
2025-10-05,P002,C0250,10,8.90
2025-10-05,P004,C0259,5,49.90
2025-03-21,P004,C0247,0,24.75
2025-05-26,P020,C0088,1,19.99
2025-09-09,P004,C0442,2,35.00
2025-07-24,P012,C0389,1,19.99
2025-03-31,P005,C0486,4,79.00
2025-09-28,P013,C0304,1,35.00
2025-02-22,P008,C0421,0,35.00
2025-05-18,P015,C0496,3,8.90
2025-06-06,P010,C0127,1,8.90
2025-11-02,P001,C0364,10,79.00
2025-08-23,P001,C0359,1,79.00
2025-12-27,P016,C0225,1,49.90
2025-11-26,P016,C0391,1,8.90
2025-04-09,P002,C0404,2,12.50
2025-03-24,P015,C0485,5,19.99
2025-04-05,P001,C0273,2,19.99
2025-01-03,P013,C0095,0,49.90
2025-12-09,P002,C0076,2,19.99
2025-09-01,P004,C0012,3,19.99
2025-07-24,P011,C0437,3,19.99
2025-03-24,P015,C0248,-2,12.50
2025-02-05,P006,C0024,4,19.99
2025-01-02,P011,C0496,2,35.00
2025-04-09,P010,C0320,1,49.90
2025-08-13,P005,C0135,5,19.99
2025-01-31,P010,C0115,1,12.50
2025-05-31,P011,C0187,3,19.99
2025-01-13,P009,C0401,2,49.90
2025-06-12,P016,C0029,2,49.90
2025-02-02,P007,C0134,5,49.90
2025-07-24,P016,C0456,1,49.90
2025-08-21,P020,C0490,2,12.50
2025-02-09,P008,C0053,2,49.90
2025-12-02,P017,C0005,1,8.90
2025-10-29,P016,C0275,4,49.90
2025-04-29,P004,C0244,10,12.50
2025-05-07,P002,C0492,2,79.00
2025-03-01,P007,C0012,3,24.75
2025-10-06,P013,C0110,2,12.50
2025-09-21,P013,C0492,2,12.50
2025-08-28,P020,C0484,1,79.00
2025-09-28,P007,C0412,2,12.50
2025-10-31,P012,C0173,1,35.00
2025-06-03,P004,C0089,3,24.75
2025-11-22,P001,C0354,2,49.90
2025-10-12,P014,C0001,3,12.50
2025-06-10,P007,C0156,1,79.00
2025-10-14,P015,C0391,3,24.75
2025-10-22,P013,C0436,3,35.00
2025-06-26,P016,C0461,1,79.00
2025-08-11,P011,C0389,3,49.90
2025-10-31,P013,C0389,1,49.90
2025-09-25,P016,C0149,4,49.90
2025-01-30,P010,C0070,1,35.00
2025-01-21,P008,C0162,1,49.90
2025-10-26,P005,C0486,4,24.75
2025-12-15,P015,C0079,1,79.00
2025-03-24,P010,C0099,1,35.00
2025-04-25,P004,C0489,1,49.90
2025-08-22,P019,C0375,2,12.50
2025-09-11,P019,C0310,5,19.99
2025-10-20,P010,C0133,10,8.90
2025-07-22,P008,C0393,1,49.90
2025-08-30,P003,C0359,5,12.50
2025-02-05,P013,C0327,4,12.50
2025-03-28,P003,C0438,2,79.00
2025-01-23,P011,C0144,2,79.00
2025-07-25,P005,C0125,2,49.90
2025-04-03,P004,C0349,4,12.50
2025-12-31,P006,C0084,1,79.00
2025-12-16,P015,C0355,5,24.75
2025-04-02,P010,C0097,1,19.99
2025-01-03,P003,C0029,20,8.90
2025-10-02,P001,C0043,10,35.00
2025-07-13,P019,C0106,2,79.00
2025-05-14,P004,C0042,2,19.99
2025-02-25,P006,C0204,4,79.00
2025-12-24,P010,C0186,2,35.00
2025-11-14,P013,C0422,1,35.00
2025-11-24,P012,C0232,4,35.00
2025-05-08,P002,C0497,2,24.75
2025-12-17,P007,C0048,2,12.50
2025-05-04,P020,C0490,10,8.90
2025-10-29,P013,C0206,10,79.00
2025-02-08,P002,C0351,2,49.90
2025-06-30,P020,C0449,5,49.90
2025-03-22,P006,C0097,2,19.99
2025-02-18,P011,C0059,3,49.90
2025-10-30,P007,C0010,1,19.99
2025-12-17,P015,C0254,1,49.90
2025-12-08,P014,C0393,3,79.00
2025-07-29,P003,C0217,3,49.90
2025-09-05,P019,C0029,4,79.00
2025-03-29,P014,C0270,1,35.00
2025-02-24,P019,C0210,1,49.90
2025-01-11,P001,C0251,10,49.90
2025-09-28,P011,C0374,3,49.90
2025-07-19,P003,C0427,4,12.50
2025-04-07,P015,C0256,20,12.50
2025-09-08,P003,C0142,4,24.75
2025-07-13,P015,C0234,3,79.00
2025-10-30,P009,C0346,1,12.50
2025-01-12,P002,C0137,2,49.90
2025-02-13,P002,C0116,2,8.90
2025-06-17,P007,C0389,3,8.90
2025-06-01,P019,C0408,1,12.50
2025-06-07,P014,C0216,1,8.90
2025-08-03,P014,C0390,2,19.99
2025-06-06,P016,C0425,3,49.90
2025-11-10,P019,C0474,2,35.00
2025-01-01,P019,C0186,3,35.00
2025-12-05,P010,C0061,3,8.90
2025-08-25,P001,C0436,1,8.90
2025-05-15,P013,C0491,2,49.90
2025-02-17,P016,C0425,3,35.00
2025-09-10,P006,C0281,1,8.90
2025-05-13,P014,C0396,4,49.90
2025-12-28,P020,C0342,10,8.90
2025-01-29,P001,C0014,4,49.90
2025-02-27,P007,C0014,3,35.00
2025-04-06,P020,C0023,1,35.00
2025-01-22,P008,C0256,1,35.00
2025-12-29,P008,C0117,2,79.00
2025-08-20,P019,C0419,2,8.90
2025-01-22,P003,C0036,3,19.99
2025-11-05,P009,C0381,1,8.90
2025-04-08,P006,C0358,4,79.00
2025-12-10,P016,C0087,3,24.75
2025-06-05,P007,C0120,4,19.99
2025-11-16,P002,C0216,2,35.00
2025-03-11,P010,C0170,1,35.00
2025-11-19,P013,C0290,2,35.00
2025-08-16,P020,C0011,2,24.75
2025-05-31,P011,C0356,1,12.50
2025-04-19,P008,C0089,5,24.75
2025-05-18,P010,C0284,1,79.00
2025-01-18,P007,C0091,4,12.50
2025-11-29,P016,C0460,20,49.90
2025-02-17,P013,C0160,3,24.75
2025-10-20,P007,C0293,5,49.90
2025-03-14,P015,C0109,1,49.90
2025-03-17,P014,C0382,3,35.00
2025-06-02,P013,C0436,1,49.90
2025-05-28,P003,C0486,2,24.75
2025-10-14,P017,C0367,4,12.50
2025-01-15,P012,C0178,3,49.90
2025-09-06,P016,C0013,1,12.50
2025-07-09,P002,C0470,3,19.99
2025-06-27,P009,C0115,1,79.00
2025-01-16,P019,C0007,5,35.00
2025-01-16,P019,C0303,4,24.75
2025-12-03,P005,C0451,2,24.75
2025-05-28,P011,C0092,4,35.00
2025-09-22,P009,C0268,1,79.00
2025-01-20,P009,C0055,2,49.90
2025-11-26,P017,C0266,1,24.75
2025-08-06,P012,C0049,4,19.99
2025-12-05,P020,C0307,3,19.99
2025-04-12,P015,C0435,5,24.75
2025-04-30,P018,C0384,1,19.99
2025-03-26,P015,C0075,4,79.00
2025-08-10,P009,C0011,3,24.75
2025-02-24,P007,C0010,3,35.00
2025-07-09,P005,C0488,2,49.90
2025-08-10,P007,C0226,1,24.75
2025-06-26,P004,C0490,5,8.90
2025-01-26,P007,C0338,0,49.90
2025-03-25,P013,C0408,1,24.75
2025-09-28,P018,C0163,1,79.00
2025-10-09,P013,C0450,1,8.90
2025-08-04,P020,C0395,1,49.90
2025-01-15,P006,C0025,2,35.00
2025-08-17,P017,C0060,3,79.00
2025-08-02,P010,C0394,2,19.99
2025-01-25,P008,C0445,3,12.50
2025-07-07,P014,C0407,3,12.50
2025-10-27,P001,C0446,2,8.90
2025-08-29,P004,C0141,3,79.00
2025-08-31,P015,C0292,2,19.99
2025-06-20,P016,C0391,4,12.50
2025-07-10,P007,C0251,4,19.99
2025-03-22,P019,C0118,4,8.90
2025-11-23,P007,C0304,1,79.00
2025-12-13,P015,C0344,1,24.75
2025-11-06,P014,C0268,1,49.90
2025-10-10,P011,C0494,1,79.00
2025-04-20,P011,C0370,1,49.90
2025-01-16,P007,C0281,5,24.75
2025-02-09,P012,C0176,2,49.90
2025-08-19,P008,C0054,2,8.90
2025-03-22,P013,C0122,3,8.90
2025-02-17,P002,C0237,5,8.90
2025-09-05,P005,C0103,5,49.90
2025-09-09,P015,C0392,2,49.90
2025-06-27,P010,C0169,5,12.50
2025-05-08,P007,C0029,2,24.75
2025-01-02,P011,C0032,5,24.75
2025-01-09,P010,C0161,1,49.90
2025-05-17,P016,C0067,3,49.90
2025-06-26,P008,C0057,1,19.99
2025-01-11,P004,C0134,1,35.00
2025-11-29,P016,C0328,2,8.90
2025-05-10,P007,C0069,4,8.90
2025-08-10,P012,C0183,1,8.90
2025-08-05,P016,C0045,1,35.00
2025-05-20,P015,C0233,1,24.75
2025-02-15,P020,C0163,2,49.90
2025-01-31,P013,C0419,4,8.90
2025-11-27,P013,C0298,10,79.00
2025-02-02,P008,C0400,4,12.50
2025-11-24,P002,C0316,5,79.00
2025-10-31,P002,C0147,2,19.99
2025-06-03,P020,C0151,2,24.75
2025-10-13,P009,C0260,1,19.99
2025-10-27,P011,C0251,1,12.50
2025-06-26,P019,C0152,3,8.90
2025-06-17,P002,C0039,1,12.50
2025-03-24,P016,C0247,4,49.90
2025-03-11,P005,C0231,2,79.00
2025-03-02,P002,C0045,2,35.00
2025-12-06,P015,C0401,4,19.99
2025-10-12,P010,C0497,2,19.99
2025-09-12,P006,C0048,2,12.50
2025-05-17,P008,C0262,3,12.50
2025-09-18,P009,C0221,20,19.99
2025-01-03,P016,C0050,0,49.90
2025-11-04,P010,C0078,1,49.90
2025-05-22,P003,C0339,5,79.00
2025-01-08,P018,C0298,1,12.50
2025-12-21,P014,C0024,3,24.75
2025-05-30,P016,C0171,1,24.75
2025-08-25,P005,C0322,3,8.90
2025-04-06,P009,C0371,3,8.90
2025-08-02,P018,C0115,3,8.90
2025-10-29,P017,C0276,4,19.99
2025-03-04,P013,C0448,3,8.90
2025-11-24,P001,C0089,2,19.99
2025-03-18,P001,C0094,1,49.90
2025-11-02,P005,C0347,4,24.75
2025-02-20,P018,C0061,20,79.00
2025-01-20,P005,C0065,4,8.90
2025-10-07,P001,C0226,5,19.99
2025-05-13,P007,C0423,2,24.75
2025-08-06,P015,C0242,2,79.00
2025-04-07,P007,C0192,10,35.00
2025-12-31,P005,C0171,4,19.99
2025-09-23,P007,C0011,10,79.00
2025-11-24,P009,C0242,2,24.75
2025-06-15,P019,C0418,2,24.75
2025-03-23,P005,C0198,2,8.90
2025-01-07,P013,C0400,4,19.99
2025-10-03,P014,C0240,2,8.90
2025-10-05,P009,C0416,-2,79.00
2025-12-26,P018,C0248,3,79.00
2025-08-23,P003,C0050,4,8.90
2025-12-11,P007,C0389,2,49.90
2025-08-16,P002,C0289,5,19.99
2025-04-18,P004,C0482,2,79.00
2025-02-08,P014,C0466,2,35.00
2025-02-22,P016,C0466,3,79.00
2025-08-15,P011,C0351,1,49.90
2025-03-23,P015,C0333,2,8.90
2025-04-27,P014,C0151,3,12.50
2025-10-27,P009,C0109,4,19.99
2025-02-22,P014,C0181,4,79.00
2025-06-17,P018,C0399,1,12.50
2025-02-24,P006,C0470,2,8.90
2025-06-06,P016,C0161,0,8.90
2025-09-19,P009,C0422,5,19.99
2025-12-01,P016,C0017,5,8.90
2025-09-11,P004,C0116,0,8.90
2025-01-26,P016,C0138,1,8.90
2025-07-24,P015,C0479,20,79.00
2025-07-14,P017,C0108,2,19.99
2025-08-12,P018,C0034,2,24.75
2025-06-06,P012,C0214,3,8.90
2025-11-10,P004,C0068,20,19.99
2025-09-02,P010,C0171,4,35.00
2025-06-27,P019,C0159,5,19.99
2025-09-01,P004,C0098,1,8.90
2025-11-12,P018,C0209,3,79.00
2025-11-09,P016,C0092,2,24.75
2025-11-22,P008,C0250,2,79.00
2025-11-21,P012,C0253,3,49.90
2025-09-29,P008,C0329,2,19.99
2025-04-29,P010,C0028,2,79.00
2025-09-09,P015,C0449,4,24.75
2025-01-13,P017,C0161,5,49.90
2025-04-15,P004,C0258,2,19.99
2025-03-20,P018,C0438,2,35.00
2025-07-05,P007,C0468,5,8.90
2025-10-27,P006,C0444,2,35.00
2025-08-10,P010,C0057,2,49.90
2025-01-13,P001,C0364,5,35.00
2025-10-10,P004,C0384,3,12.50
2025-01-08,P001,C0060,1,79.00
2025-09-26,P019,C0018,1,19.99
2025-02-09,P013,C0410,3,49.90
2025-04-06,P011,C0045,4,24.75
2025-05-23,P019,C0434,4,19.99
2025-10-11,P013,C0419,3,49.90
2025-04-09,P015,C0105,2,19.99
2025-12-01,P020,C0245,2,8.90
2025-02-21,P014,C0058,1,12.50
2025-09-20,P011,C0309,1,12.50
2025-08-16,P016,C0139,1,35.00
2025-07-27,P016,C0224,2,79.00
2025-03-03,P018,C0222,3,19.99
2025-12-30,P012,C0377,2,8.90
2025-01-03,P019,C0090,1,8.90
2025-12-29,P006,C0456,1,24.75
2025-04-12,P020,C0360,4,8.90
2025-09-11,P003,C0481,4,35.00
2025-04-15,P013,C0114,2,19.99
2025-12-01,P019,C0452,1,49.90
2025-12-03,P003,C0223,3,79.00
2025-04-25,P006,C0142,3,79.00
2025-07-11,P016,C0155,5,12.50
2025-05-16,P018,C0474,2,35.00
2025-06-06,P013,C0081,1,19.99
2025-06-29,P020,C0244,1,8.90
2025-02-18,P011,C0375,2,24.75
2025-02-27,P008,C0202,1,24.75
2025-02-06,P006,C0189,2,19.99
2025-12-12,P001,C0277,1,35.00
2025-10-01,P018,C0364,2,19.99
2025-04-10,P006,C0366,10,24.75
2025-10-01,P010,C0197,5,24.75
2025-02-21,P006,C0121,5,19.99
2025-04-21,P003,C0067,2,12.50
2025-05-24,P016,C0144,2,79.00
2025-05-26,P002,C0255,10,35.00
2025-08-19,P001,C0234,3,24.75
2025-10-16,P010,C0461,1,49.90
2025-03-28,P017,C0410,5,35.00
2025-01-30,P020,C0185,-2,19.99
2025-11-06,P012,C0132,5,8.90
2025-06-30,P020,C0145,5,8.90
2025-05-19,P010,C0197,2,24.75
2025-12-06,P007,C0463,1,24.75
2025-08-02,P010,C0195,3,24.75
2025-11-05,P004,C0441,2,24.75
2025-10-02,P001,C0269,1,35.00
2025-10-24,P009,C0459,2,35.00
2025-08-25,P018,C0231,2,8.90
2025-04-10,P009,C0015,2,49.90
2025-02-02,P012,C0446,5,12.50
2025-05-27,P015,C0254,4,24.75
2025-02-07,P004,C0248,3,79.00
2025-09-28,P004,C0072,1,8.90
2025-09-27,P002,C0088,1,24.75
2025-01-07,P014,C0145,3,19.99
2025-06-28,P011,C0090,2,35.00
2025-07-05,P015,C0206,1,35.00
2025-01-05,P003,C0049,2,35.00
2025-11-25,P010,C0232,1,79.00
2025-11-03,P014,C0180,0,8.90
2025-09-08,P013,C0263,3,79.00
2025-09-16,P019,C0353,5,35.00
2025-02-09,P014,C0044,4,79.00
2025-03-05,P009,C0016,5,24.75
2025-11-02,P008,C0404,4,8.90
2025-12-22,P013,C0092,10,19.99
2025-03-14,P006,C0236,1,12.50
2025-03-17,P016,C0174,3,49.90
2025-10-03,P014,C0398,4,79.00
2025-04-02,P011,C0067,1,24.75
2025-10-17,P006,C0225,3,8.90
2025-07-07,P003,C0023,2,35.00
2025-03-23,P007,C0039,1,19.99
2025-04-04,P008,C0137,3,49.90
2025-03-11,P020,C0211,5,35.00
2025-10-20,P015,C0451,10,35.00
2025-08-13,P004,C0370,2,8.90
2025-09-29,P010,C0431,3,79.00
2025-07-06,P015,C0011,2,8.90
2025-01-14,P013,C0135,4,35.00
2025-06-12,P005,C0403,2,35.00
2025-03-31,P012,C0473,2,8.90
2025-02-10,P010,C0236,3,12.50
2025-12-10,P010,C0078,1,49.90
2025-12-30,P013,C0024,2,24.75
2025-11-01,P016,C0397,1,19.99
2025-06-14,P010,C0132,2,12.50
2025-09-18,P001,C0057,10,79.00
2025-09-07,P006,C0246,2,12.50
2025-12-11,P008,C0245,4,12.50
2025-04-25,P007,C0134,1,8.90
2025-04-05,P014,C0281,-2,35.00
2025-02-24,P010,C0153,1,8.90
2025-10-23,P001,C0344,2,79.00
2025-09-26,P013,C0149,1,12.50
2025-02-25,P019,C0307,4,79.00
2025-06-17,P005,C0216,5,8.90
2025-03-28,P005,C0414,1,8.90
2025-12-18,P007,C0206,2,35.00
2025-07-12,P003,C0323,1,24.75
2025-12-20,P007,C0458,1,8.90
2025-08-28,P011,C0465,10,49.90
2025-07-10,P007,C0409,2,35.00
2025-10-22,P003,C0256,4,19.99
2025-07-03,P018,C0104,4,24.75
2025-10-22,P014,C0465,4,12.50
2025-02-20,P013,C0438,3,79.00
2025-08-23,P005,C0073,1,8.90
2025-03-13,P018,C0173,10,79.00
2025-10-03,P015,C0374,2,19.99
2025-03-17,P007,C0258,2,12.50
2025-05-15,P005,C0044,2,35.00
2025-09-24,P017,C0430,2,24.75
2025-05-22,P019,C0258,1,19.99
2025-01-08,P001,C0024,3,8.90
2025-02-20,P020,C0343,3,12.50
2025-04-22,P006,C0270,1,24.75
2025-09-02,P012,C0340,-2,79.00
2025-01-05,P010,C0361,1,24.75
2025-11-13,P005,C0157,10,79.00
2025-10-31,P019,C0001,20,12.50
2025-01-05,P014,C0285,3,35.00
2025-03-21,P019,C0013,5,49.90
2025-02-25,P005,C0128,4,79.00
2025-08-28,P019,C0251,2,19.99
2025-06-16,P007,C0174,1,8.90
2025-03-15,P007,C0208,1,35.00
2025-04-03,P012,C0199,3,8.90
2025-10-10,P007,C0297,4,12.50
2025-09-13,P008,C0387,5,49.90
2025-01-18,P012,C0363,1,79.00
2025-03-17,P020,C0170,1,35.00
2025-05-09,P015,C0148,2,35.00
2025-05-27,P003,C0376,1,24.75
2025-08-06,P012,C0428,1,49.90
2025-03-06,P013,C0342,3,49.90
2025-08-12,P016,C0181,5,49.90
2025-11-05,P013,C0270,3,19.99
2025-06-07,P018,C0197,3,35.00
2025-02-17,P016,C0214,2,35.00
2025-05-25,P012,C0144,3,12.50
2025-05-10,P003,C0492,3,12.50
2025-02-05,P007,C0369,2,79.00
2025-09-26,P013,C0464,3,8.90
2025-06-16,P009,C0280,3,49.90
2025-03-28,P011,C0253,1,19.99
2025-06-18,P001,C0238,3,8.90
2025-07-11,P019,C0376,2,19.99
2025-06-15,P012,C0178,1,49.90
2025-05-03,P006,C0381,1,24.75
2025-04-17,P017,C0370,1,24.75
2025-05-12,P001,C0111,4,49.90
2025-07-28,P010,C0225,2,8.90
2025-06-20,P013,C0386,10,8.90
2025-12-10,P014,C0089,1,12.50
2025-06-06,P016,C0248,1,12.50
2025-11-26,P004,C0215,2,35.00
2025-09-23,P003,C0161,5,8.90
2025-12-02,P018,C0429,1,49.90
2025-03-02,P019,C0203,3,19.99
2025-01-12,P010,C0474,1,35.00
2025-01-29,P012,C0316,4,12.50
2025-07-12,P003,C0117,10,8.90
2025-06-29,P005,C0455,3,35.00
2025-05-17,P013,C0342,2,19.99
2025-10-29,P017,C0375,4,49.90
2025-11-04,P009,C0211,2,8.90
2025-05-12,P012,C0330,-2,49.90
2025-02-21,P006,C0060,1,49.90
2025-01-14,P017,C0167,5,35.00
2025-03-21,P002,C0003,20,12.50
2025-09-03,P003,C0461,5,12.50
2025-05-17,P005,C0046,4,19.99
2025-10-18,P016,C0018,4,12.50
2025-11-21,P011,C0278,4,79.00
2025-07-28,P011,C0063,4,8.90
2025-02-21,P018,C0298,2,24.75
2025-06-26,P007,C0305,3,49.90
2025-04-19,P015,C0051,3,19.99
2025-04-08,P015,C0301,1,24.75
2025-08-26,P014,C0055,10,12.50
2025-06-19,P017,C0161,1,35.00
2025-01-02,P008,C0468,2,12.50
2025-07-10,P003,C0155,10,19.99
2025-08-30,P006,C0382,1,24.75
2025-04-11,P007,C0404,10,12.50
2025-03-24,P018,C0135,1,12.50
2025-06-30,P009,C0350,2,35.00
2025-05-11,P005,C0024,5,19.99
2025-09-28,P009,C0307,4,8.90
2025-11-15,P004,C0346,1,35.00
2025-08-01,P009,C0499,1,8.90
2025-01-30,P001,C0206,2,19.99
2025-08-14,P008,C0427,3,35.00
2025-05-27,,C0333,1,49.90
2025-01-19,P012,C0207,5,35.00
2025-12-30,P019,C0029,2,79.00
2025-07-19,P014,C0285,4,12.50
2025-03-31,P009,C0069,10,19.99
2025-05-04,P016,C0327,3,12.50
2025-03-14,P018,C0249,3,24.75
2025-08-02,P005,C0220,1,49.90
2025-06-16,P014,C0031,1,79.00
2025-02-20,P006,C0050,2,49.90
2025-02-16,P008,C0451,1,12.50
2025-02-13,P011,C0094,3,8.90
2025-12-19,P006,C0404,2,79.00
2025-12-20,P020,C0463,2,35.00
2025-01-09,P018,C0141,5,24.75
2025-01-06,P014,C0459,4,35.00
2025-02-04,P006,C0237,1,24.75
2025-07-11,P009,C0431,5,8.90
2025-10-10,P003,C0271,1,35.00
2025-06-24,P007,C0028,1,79.00
2025-03-08,P013,C0323,5,35.00
2025-05-30,P008,C0362,1,35.00
2025-03-03,P018,C0130,3,79.00
2025-05-07,P020,C0419,1,35.00
2025-11-25,P012,C0279,1,35.00
2025-01-29,P003,C0181,1,49.90
2025-04-24,P014,C0076,5,12.50
2025-10-18,P011,C0248,1,79.00
2025-12-18,P003,C0303,5,49.90
2025-02-24,P001,C0252,2,79.00
2025-02-21,P010,C0230,4,35.00
2025-06-09,P009,C0381,3,49.90
2025-12-02,P012,C0106,4,49.90
2025-03-21,P014,C0257,3,19.99
2025-07-25,P016,C0062,2,35.00
2025-03-08,P005,C0234,1,35.00
2025-01-07,P017,C0338,3,79.00
2025-09-10,P014,C0018,1,24.75
2025-10-11,P010,C0378,1,79.00
2025-05-30,P015,C0009,3,79.00
2025-02-08,P010,C0145,10,79.00
2025-03-20,P007,C0096,3,49.90
2025-02-21,P001,C0087,2,12.50
2025-05-02,P012,C0178,2,19.99
2025-09-21,P001,C0397,4,79.00
2025-12-21,P005,C0382,4,79.00
2025-10-09,P013,C0207,1,24.75
2025-09-10,P001,C0193,1,49.90
2025-08-03,P016,C0258,20,35.00
2025-03-13,P001,C0217,10,19.99
2025-11-28,P020,C0464,2,79.00
2025-08-21,P004,C0437,1,8.90
2025-07-20,P012,C0412,5,49.90
2025-02-06,P003,C0179,2,24.75
2025-02-17,P016,C0318,10,12.50
2025-01-12,P016,C0405,1,24.75
2025-10-27,P005,C0070,4,12.50
2025-11-22,P018,C0299,1,24.75
2025-03-22,P018,C0482,5,79.00
2025-02-26,P005,C0357,3,8.90
2025-07-18,P020,C0475,20,8.90
2025-02-07,P014,C0234,4,24.75
2025-10-13,P016,C0262,4,35.00
2025-03-11,P015,C0402,5,19.99
2025-03-12,P001,C0130,1,19.99
2025-06-26,P004,C0124,4,24.75
2025-12-24,P017,C0322,2,79.00
2025-09-15,P003,C0094,2,24.75
2025-08-05,P006,C0266,2,24.75
2025-11-07,P018,C0478,1,12.50
2025-04-17,P016,C0092,1,49.90
2025-07-01,P017,C0286,3,8.90
2025-10-07,P004,C0027,4,79.00
2025-01-16,P002,C0321,1,35.00
2025-05-03,P003,C0059,1,79.00
2025-11-02,P008,C0339,2,24.75
2025-05-24,P010,C0100,2,24.75
2025-01-03,P014,C0033,-2,12.50
2025-04-19,P011,C0388,5,8.90
2025-09-06,P014,C0225,2,12.50
2025-08-05,P018,C0188,2,19.99
2025-12-11,P011,C0355,2,8.90
2025-06-24,P004,C0041,10,79.00
2025-11-24,P017,C0186,2,19.99
2025-11-23,P015,C0445,4,12.50
2025-09-04,P001,C0438,4,35.00
2025-11-25,P001,C0084,3,79.00
2025-07-21,P014,C0491,2,79.00
2025-06-10,P007,C0303,1,35.00
2025-02-03,P019,C0162,10,49.90
2025-07-22,P014,C0172,4,49.90
2025-03-13,P014,C0010,4,12.50
2025-04-02,P002,C0383,1,35.00
2025-06-02,P016,C0073,5,35.00
2025-08-31,P014,C0035,4,35.00
2025-02-19,P013,C0401,1,12.50
2025-09-16,P014,C0429,3,35.00
2025-04-21,P004,C0121,2,35.00
2025-05-26,P002,C0253,1,24.75
2025-12-19,P019,C0458,3,12.50
2025-05-27,P003,C0181,2,79.00
2025-11-23,P003,C0147,-2,79.00
2025-04-14,P011,C0276,1,24.75
2025-01-17,P009,C0352,20,19.99
2025-02-11,P017,C0129,1,79.00
2025-10-29,P011,C0083,20,8.90
2025-09-27,P014,C0038,5,8.90
2025-11-19,P019,C0015,1,49.90
2025-03-06,P003,C0049,3,12.50
2025-10-02,P008,C0337,20,49.90
2025-02-27,P007,C0061,2,24.75
2025-01-25,P019,C0283,4,12.50
2025-10-15,P019,C0265,1,12.50
2025-10-31,P004,C0228,10,79.00
2025-06-21,P002,C0193,4,79.00
2025-03-14,P002,C0457,3,49.90
2025-05-31,P007,C0150,-2,8.90
2025-12-12,P005,C0229,3,19.99
2025-08-13,P007,C0432,1,8.90
2025-05-13,P015,C0311,4,12.50
2025-03-10,P019,C0350,3,8.90
2025-06-18,P016,C0230,1,8.90
2025-02-09,P007,C0160,5,8.90
2025-01-12,P010,C0195,2,49.90
2025-08-28,P018,C0239,5,35.00
2025-07-04,P003,C0360,1,49.90
2025-03-12,P009,C0078,4,79.00
2025-05-15,P009,C0154,4,24.75
2025-09-14,P019,C0203,1,49.90
2025-03-07,P018,C0253,1,35.00
2025-02-05,P014,C0183,1,35.00
2025-06-19,P007,C0143,2,79.00
2025-10-17,P018,C0117,4,12.50
2025-12-28,P019,C0152,2,35.00
2025-01-07,P018,C0490,1,35.00
2025-01-17,P003,C0428,4,12.50
2025-07-05,P020,C0210,4,8.90
2025-10-18,P019,C0050,3,49.90
2025-05-14,P018,C0351,4,35.00
2025-08-27,P018,C0102,2,19.99
2025-10-11,P012,C0369,3,49.90
2025-10-21,P006,C0207,4,8.90
2025-07-12,P011,C0392,1,8.90
2025-11-17,P007,C0164,10,12.50
2025-09-24,P018,C0327,1,8.90
2025-09-24,P003,C0349,2,19.99
2025-02-18,P015,C0230,20,49.90
2025-06-20,P020,C0436,4,12.50
2025-05-20,P011,C0337,1,35.00
2025-12-12,P015,C0191,3,35.00
2025-10-29,P016,C0472,10,35.00
2025-08-14,P003,C0141,2,24.75
2025-12-23,P005,C0146,4,24.75
2025-05-29,P011,C0376,1,8.90
2025-12-23,P018,C0321,1,35.00
2025-10-04,P009,C0299,1,49.90
2025-02-04,P003,C0279,4,8.90
2025-05-11,P003,C0331,4,24.75
2025-05-21,P003,C0365,4,79.00
2025-01-12,P018,C0060,3,49.90
2025-07-23,P013,C0089,3,24.75
2025-07-25,P005,C0452,2,19.99
2025-10-24,P004,C0206,2,19.99
2025-01-08,P012,C0370,4,49.90
2025-07-20,P020,C0242,5,12.50
2025-10-07,P007,C0003,20,24.75
2025-08-29,P004,C0324,4,24.75
2025-05-07,P006,C0165,20,79.00
2025-09-15,P005,C0209,3,19.99
2025-05-21,P006,C0099,4,24.75
2025-04-08,P013,C0037,2,19.99
2025-04-10,P018,C0232,2,8.90
2025-05-27,P003,C0226,3,19.99
2025-02-28,P009,C0124,20,12.50
2025-05-10,P009,C0112,2,12.50
2025-09-11,P006,C0259,1,79.00
2025-10-04,P005,C0157,2,19.99
2025-01-26,P010,C0154,2,79.00
2025-10-21,P005,C0122,4,19.99
2025-11-09,P012,C0004,10,24.75
2025-06-01,P013,C0053,2,49.90
2025-07-23,P015,C0104,4,49.90
2025-12-02,P017,C0421,2,24.75
2025-11-20,P018,C0172,10,8.90
2025-04-14,P007,C0487,1,12.50
2025-10-27,P018,C0401,10,12.50
2025-08-05,P013,C0432,5,12.50
2025-05-07,P004,C0369,1,19.99
2025-08-15,P006,C0028,1,19.99
2025-11-25,P019,C0418,1,12.50
2025-09-11,P019,C0403,1,49.90
2025-08-09,P014,C0400,4,49.90
2025-11-17,P007,C0452,1,79.00
2025-02-24,P013,C0328,4,49.90
2025-10-07,P012,C0089,5,24.75
2025-01-09,P011,C0195,4,35.00
2025-03-18,P001,C0148,10,79.00
2025-09-25,P011,C0438,1,24.75
2025-11-12,P005,C0448,10,24.75
2025-12-23,P006,C0159,3,35.00
2025-08-03,P003,C0334,1,8.90
2025-06-04,P004,C0466,10,12.50
2025-01-21,P015,C0403,2,35.00
2025-05-02,P007,C0444,3,35.00
2025-07-10,P014,C0214,3,24.75
2025-06-14,P019,C0156,5,19.99
2025-01-12,P018,C0239,4,35.00
2025-10-26,P005,C0154,5,79.00
2025-08-08,P009,C0294,-2,49.90
2025-12-16,P017,C0370,2,12.50
2025-04-20,P018,C0286,1,49.90
2025-03-28,P014,C0143,10,19.99
2025-07-07,P003,C0157,3,79.00
2025-09-22,P014,C0276,5,49.90
2025-09-11,P005,C0066,3,35.00
2025-05-01,P003,C0387,4,12.50
2025-12-19,P013,C0470,3,49.90
2025-11-29,P020,C0087,5,49.90
2025-05-31,P015,C0395,3,24.75
2025-03-08,P013,C0320,3,8.90
2025-02-08,P006,C0336,2,35.00
2025-12-01,P015,C0378,1,12.50
2025-01-10,P003,C0261,20,35.00
2025-04-12,P015,C0007,2,12.50
2025-05-26,P008,C0202,1,24.75
2025-10-19,P020,C0499,3,79.00
2025-11-09,P019,C0258,1,12.50
2025-03-24,P006,C0179,1,24.75
2025-05-21,P011,C0430,1,12.50
2025-05-01,P006,C0021,10,8.90
2025-10-26,P015,C0035,4,12.50
2025-11-13,P014,C0036,3,12.50
2025-03-01,P018,C0235,2,35.00
2025-03-23,P020,C0136,2,8.90
2025-09-08,P002,C0430,1,12.50
2025-09-07,P015,C0253,2,19.99
2025-10-10,P017,C0051,-2,8.90
2025-10-07,P017,C0316,3,8.90
2025-08-10,P013,C0370,4,8.90
2025-01-12,P009,C0007,1,79.00
2025-02-04,P006,C0323,2,24.75
2025-08-01,P007,C0004,4,35.00
2025-06-13,P003,C0224,2,24.75
2025-11-29,P013,C0222,3,8.90
2025-07-21,P018,C0334,1,12.50
2025-01-17,P009,C0006,1,24.75
2025-06-09,P018,C0474,2,35.00
2025-09-29,P012,C0301,3,35.00
2025-09-11,P017,C0409,2,8.90
2025-12-12,P016,C0243,3,8.90
2025-04-04,P006,C0366,1,79.00
2025-08-01,P002,C0470,4,8.90
2025-11-02,P004,C0489,1,49.90
2025-04-13,P012,C0061,20,24.75
2025-01-23,P015,C0243,2,12.50
2025-06-10,P008,C0446,3,35.00
2025-12-29,P015,C0445,3,49.90
2025-08-10,P001,C0335,2,24.75
2025-01-30,P019,C0395,2,79.00
2025-10-10,P015,C0334,2,8.90
2025-04-29,P010,C0385,5,49.90
2025-03-24,P017,C0446,1,8.90
2025-10-28,P001,C0220,3,12.50
2025-07-16,P006,C0001,1,49.90
2025-10-18,P004,C0163,4,49.90
2025-04-04,P016,C0305,4,35.00
2025-11-17,P013,C0492,5,79.00
2025-08-12,P001,C0152,2,79.00
2025-10-31,P001,C0332,10,24.75
2025-05-08,P017,C0381,3,8.90
2025-09-14,P014,C0149,2,24.75
2025-07-31,P015,C0061,5,49.90
2025-04-12,P007,C0374,5,24.75
2025-05-01,P010,C0145,1,35.00
2025-12-15,P018,C0184,3,49.90
2025-11-22,P002,C0485,3,79.00
2025-12-16,P016,C0239,1,35.00
2025-03-22,P013,C0436,1,19.99
2025-08-11,P012,C0399,5,79.00
2025-10-24,P013,C0036,4,24.75
2025-07-05,P007,C0466,5,35.00
2025-10-21,P014,C0443,2,35.00
2025-10-09,P001,C0376,3,8.90
2025-06-27,P013,C0329,4,8.90
2025-06-15,P012,C0215,1,8.90
2025-03-17,P007,C0343,4,49.90
2025-05-09,P013,C0477,3,19.99
2025-01-29,P013,C0479,10,49.90
2025-05-16,P009,C0497,4,79.00
2025-03-25,P018,C0075,4,12.50
2025-04-20,P009,C0256,2,8.90
2025-08-03,P016,C0259,2,24.75
2025-10-06,P010,C0036,-2,8.90
2025-06-24,P016,C0485,3,24.75
2025-04-12,P001,C0295,2,24.75
2025-09-14,P015,C0421,2,8.90
2025-07-29,P011,C0259,1,35.00
2025-06-09,P005,C0349,1,35.00
2025-04-02,P010,C0097,3,12.50
2025-09-28,P010,C0262,5,19.99
2025-05-23,P011,C0095,5,35.00
2025-04-18,P018,C0464,4,79.00
2025-05-21,P011,C0198,2,19.99
2025-12-31,P013,C0428,10,35.00
2025-06-20,P014,C0074,3,49.90
2025-10-02,P005,C0187,3,19.99
2025-12-18,P003,C0015,10,12.50
2025-03-11,P012,C0119,1,19.99
2025-11-11,P015,C0323,1,24.75
2025-04-14,P005,C0016,0,19.99
2025-02-24,P012,C0196,3,12.50
2025-12-29,P010,C0022,2,79.00
2025-07-27,P015,C0302,4,19.99
2025-09-25,P006,C0048,2,12.50
2025-09-12,P011,C0091,1,49.90
2025-05-31,P020,C0098,1,19.99
2025-10-18,P011,C0375,10,49.90
2025-07-22,P004,C0039,1,8.90
2025-09-02,P018,C0352,4,8.90
2025-03-16,P003,C0364,4,35.00
2025-03-23,P015,C0140,1,35.00
2025-08-15,P018,C0089,2,35.00
2025-07-14,P018,C0443,1,35.00
2025-10-08,P017,C0145,3,19.99
2025-01-03,P001,C0447,5,35.00
2025-06-17,P010,C0435,3,49.90
2025-08-27,P017,C0327,5,24.75
2025-04-22,P017,C0377,1,8.90
2025-02-24,P012,C0260,2,8.90
2025-10-11,P010,C0093,1,79.00
2025-01-19,P013,C0205,10,49.90
2025-08-30,P007,C0315,4,79.00
2025-07-22,P018,C0270,3,49.90
2025-07-29,P009,C0285,4,8.90
2025-05-09,P003,C0063,1,24.75
2025-05-09,P020,C0275,2,35.00
2025-04-18,,C0392,2,8.90
2025-09-11,P006,C0102,3,79.00
2025-08-06,P016,C0031,5,12.50
2025-03-02,P005,C0391,1,19.99
2025-07-11,P017,C0148,2,8.90
2025-11-08,P020,C0326,4,49.90
2025-10-08,P007,C0095,1,12.50
2025-11-08,P018,C0091,0,12.50
2025-06-22,P015,C0041,2,24.75
2025-12-01,P001,C0498,1,24.75
2025-04-28,P016,C0009,2,79.00
2025-06-28,P020,C0092,10,12.50
2025-04-04,P019,C0240,1,24.75
2025-11-11,P002,C0142,2,49.90
2025-10-19,P017,C0054,5,35.00
2025-02-10,P009,C0094,1,12.50
2025-08-19,P018,C0337,1,49.90
2025-03-21,P009,C0288,4,49.90
2025-06-01,P016,C0424,2,49.90
2025-02-25,P002,C0197,4,12.50
2025-01-30,P001,C0160,1,79.00
2025-10-06,P002,C0265,5,8.90
2025-01-10,P013,C0382,1,24.75
2025-03-07,P015,C0373,5,12.50
2025-07-16,P008,C0041,4,24.75
2025-09-04,P007,C0347,3,49.90
2025-07-24,P016,C0375,2,12.50
2025-07-09,P016,C0242,10,24.75
2025-09-09,P003,C0443,4,24.75
2025-04-19,P012,C0055,4,12.50
2025-02-15,P017,C0132,5,35.00
2025-12-02,P019,C0180,4,79.00
2025-10-20,P018,C0413,2,8.90
2025-12-07,P007,C0228,1,35.00
2025-11-29,P013,C0227,4,35.00
2025-12-03,P012,C0470,4,8.90
2025-03-23,P002,C0070,3,24.75
2025-04-30,P004,C0447,10,49.90
2025-10-11,P015,C0278,10,8.90
2025-04-15,P018,C0448,1,19.99
2025-04-02,P007,C0388,1,8.90
2025-12-20,P012,C0247,10,8.90
2025-04-18,P007,C0267,2,24.75
2025-10-03,P017,C0172,1,19.99
2025-07-14,P001,C0127,5,35.00
2025-07-20,P014,C0424,3,8.90
2025-05-14,P006,C0227,3,79.00
2025-05-19,P002,C0295,5,49.90
2025-08-07,P010,C0140,1,8.90
2025-08-14,P004,C0159,-2,49.90
2025-03-09,P004,C0045,1,12.50
2025-09-03,P002,C0287,4,8.90
2025-10-23,P005,C0138,10,12.50
2025-08-04,P013,C0066,10,8.90
2025-04-20,P016,C0245,1,79.00
2025-12-13,P010,C0468,2,35.00
2025-01-19,P004,C0244,1,24.75
2025-09-02,P008,C0188,5,19.99
2025-09-07,P017,C0344,1,79.00
2025-08-26,P010,C0438,3,35.00
2025-01-10,P019,C0168,2,8.90
2025-12-15,P003,C0330,2,8.90
2025-11-14,P009,C0194,2,24.75
2025-07-27,P007,C0497,3,35.00
2025-09-23,P008,C0087,5,24.75
2025-04-04,P015,C0269,2,8.90
2025-07-21,P011,C0299,-2,24.75
2025-01-11,P009,C0219,4,19.99
2025-05-29,P012,C0409,3,12.50
2025-12-01,P020,C0376,3,79.00
2025-11-16,P016,C0277,4,12.50
2025-02-15,P009,C0197,2,49.90
2025-07-26,P019,C0034,5,19.99
2025-10-27,P001,C0083,1,49.90
2025-08-28,P018,C0188,3,19.99
2025-09-18,P001,C0313,1,12.50
2025-11-22,P003,C0271,2,8.90
2025-10-21,P019,C0209,2,49.90
2025-05-08,P013,C0193,4,24.75
2025-05-30,P018,C0419,3,49.90
2025-11-09,P001,C0375,3,79.00
2025-02-08,P013,C0156,5,79.00
2025-11-21,P014,C0183,1,79.00
2025-12-02,P010,C0248,5,19.99
2025-07-09,P008,C0417,2,19.99
2025-09-22,P009,C0423,3,8.90
2025-05-04,P009,C0040,20,49.90
2025-07-12,P010,C0312,4,79.00
2025-11-28,P008,C0075,4,12.50
2025-02-19,P010,C0283,5,35.00
2025-01-12,P017,C0383,2,79.00
2025-07-28,P004,C0447,2,49.90
2025-01-02,P011,C0271,1,79.00
2025-07-10,P012,C0217,5,35.00
2025-11-26,P020,C0433,3,35.00
2025-06-07,P004,C0087,1,12.50
2025-01-31,P003,C0379,1,24.75
2025-10-05,P003,C0351,1,79.00
2025-06-03,P008,C0465,5,8.90
2025-11-14,P009,C0373,1,24.75
2025-06-21,P003,C0059,4,12.50
2025-09-25,P003,C0340,1,24.75
2025-12-01,P013,C0187,3,49.90
2025-07-31,P009,C0412,5,19.99
2025-10-21,P005,C0333,20,49.90
2025-12-27,P003,C0136,10,8.90
2025-02-02,P019,C0052,4,79.00
2025-06-17,P006,C0295,2,35.00
2025-05-01,P011,C0292,1,49.90
2025-01-01,P006,C0091,1,8.90
2025-11-16,P005,C0488,3,8.90
2025-12-26,P013,C0465,3,49.90
2025-04-21,P020,C0081,20,49.90
2025-08-20,P013,C0250,0,35.00
2025-07-29,P012,C0319,1,49.90
2025-06-13,P012,C0403,4,24.75
2025-03-10,P006,C0324,3,8.90
2025-07-29,P006,C0288,5,12.50
2025-06-03,P016,C0463,4,35.00
2025-04-17,P002,C0338,1,8.90
2025-03-24,P008,C0434,3,79.00
2025-03-25,P006,C0188,3,24.75
2025-10-25,P004,C0080,2,79.00
2025-03-01,P019,C0263,5,12.50
2025-08-18,P002,C0001,1,8.90
2025-09-02,P002,C0061,1,8.90
2025-09-20,P019,C0319,5,24.75
2025-07-09,P004,C0213,1,35.00
2025-07-26,P008,C0143,1,19.99
2025-06-11,P015,C0364,2,19.99
2025-06-15,P001,C0180,10,35.00
2025-12-15,P006,C0224,3,24.75
2025-03-14,P020,C0304,1,19.99
2025-11-09,P009,C0234,2,79.00
2025-06-15,P017,C0477,4,35.00
2025-08-19,P016,C0486,1,24.75
2025-03-03,P020,C0300,2,79.00
2025-08-06,P002,C0024,3,12.50
2025-07-23,P010,C0322,2,35.00
2025-01-10,P017,C0094,1,24.75
2025-10-24,P009,C0019,4,79.00
2025-02-20,P017,C0173,0,35.00
2025-10-23,P001,C0320,5,79.00
2025-05-03,P020,C0032,2,8.90
2025-04-30,P020,C0286,3,49.90
2025-06-09,P009,C0490,2,19.99
2025-04-24,P020,C0294,5,35.00
2025-08-24,P008,C0365,3,8.90
2025-07-29,P016,C0422,1,79.00
2025-11-04,P019,C0246,4,35.00
2025-11-08,P005,C0044,5,12.50
2025-06-06,P009,C0327,2,19.99
2025-11-18,P012,C0200,20,24.75
2025-03-04,P008,C0152,10,24.75
2025-05-06,P005,C0321,5,12.50
2025-11-25,P006,C0131,1,49.90
2025-09-05,P020,C0434,-2,79.00
2025-07-18,P004,C0142,1,12.50
2025-07-03,P010,C0017,20,24.75
2025-05-15,P009,C0409,10,79.00
2025-08-16,P008,C0476,1,35.00
2025-08-05,P002,C0421,1,12.50
2025-08-06,P008,C0319,1,49.90
2025-08-02,P001,C0317,1,19.99
2025-07-23,P003,C0157,5,24.75
2025-01-03,P014,C0073,5,19.99
2025-07-22,P015,C0497,20,49.90
2025-12-20,P018,C0182,1,19.99
2025-01-08,P014,C0098,4,19.99
2025-04-11,P008,C0270,3,49.90
2025-01-26,P001,C0305,2,35.00
2025-10-25,P016,C0453,-2,24.75
2025-01-15,P015,C0017,10,8.90
2025-09-20,P011,C0149,1,79.00
2025-06-08,P009,C0413,1,35.00
2025-08-27,P005,C0478,1,19.99
2025-09-01,P011,C0166,2,79.00
2025-08-10,P013,C0274,1,79.00
2025-09-20,P013,C0482,1,49.90
2025-04-20,P014,C0065,2,79.00
2025-02-15,P005,C0270,1,79.00
2025-08-31,P005,C0171,3,79.00
2025-05-14,P002,C0339,5,35.00
2025-11-25,P019,C0329,2,8.90
2025-03-27,P001,C0314,10,35.00
2025-12-22,P008,C0412,3,24.75
2025-09-12,P007,C0048,2,49.90
2025-11-20,P008,C0434,3,8.90
2025-02-13,P001,C0240,3,12.50
2025-10-09,P019,C0013,3,49.90
2025-01-07,P004,C0329,5,79.00
2025-11-12,P014,C0078,20,24.75
2025-04-19,P005,C0252,3,8.90
2025-07-12,P019,C0446,10,12.50
2025-10-10,P008,C0213,2,24.75
2025-10-09,P003,C0010,1,49.90
2025-08-13,P020,C0347,10,49.90
2025-04-29,P018,C0358,2,12.50
2025-09-28,P017,C0399,2,19.99
2025-10-12,P010,C0472,1,79.00
2025-06-13,P020,C0057,1,19.99
2025-03-03,P006,C0021,4,12.50
2025-09-18,P004,C0319,4,35.00
2025-06-27,P006,C0464,1,79.00
2025-01-12,P003,C0042,10,79.00
2025-12-17,P011,C0184,4,49.90
2025-08-03,P013,C0309,10,24.75
2025-02-14,P003,C0416,2,8.90
2025-03-01,P004,C0084,4,35.00
2025-08-25,P004,C0437,2,24.75
2025-11-10,P011,C0110,2,49.90
2025-03-24,P007,C0225,1,79.00
2025-08-26,P005,C0394,2,12.50
2025-04-21,P010,C0325,10,12.50
2025-01-05,P018,C0438,4,49.90
2025-11-10,P017,C0342,2,49.90
2025-04-27,P001,C0438,1,24.75
2025-07-09,P014,C0286,5,35.00
2025-08-18,P008,C0228,3,35.00
2025-11-13,P006,C0134,2,49.90
2025-11-09,P005,C0042,1,79.00
2025-10-28,P009,C0450,3,49.90
2025-07-03,P012,C0127,2,24.75
2025-02-23,P019,C0112,1,35.00
2025-09-26,P011,C0324,2,12.50
2025-10-27,P015,C0360,2,79.00
2025-10-06,P017,C0456,4,79.00
2025-02-06,P001,C0249,2,24.75
2025-01-31,P017,C0470,5,79.00
2025-06-26,P018,C0050,3,8.90
2025-11-05,P016,C0010,1,79.00
2025-05-15,P016,C0130,3,49.90
2025-11-28,P007,C0371,1,79.00
2025-10-11,P015,C0355,2,35.00
2025-12-24,P002,C0059,2,24.75
2025-08-30,P013,C0155,4,19.99
2025-04-19,P014,C0133,10,49.90
2025-08-02,P014,C0125,0,19.99
2025-05-01,P002,C0201,2,19.99
2025-05-06,P011,C0260,3,49.90
2025-07-09,P011,C0111,5,79.00
2025-10-02,P009,C0312,5,35.00
2025-10-10,P003,C0382,1,8.90
2025-03-31,P011,C0281,2,24.75
2025-01-28,P016,C0335,2,8.90
2025-03-18,P015,C0257,2,49.90
2025-09-02,P017,C0169,3,79.00
2025-07-30,P003,C0397,4,35.00
2025-09-25,P010,C0420,3,8.90
2025-10-07,P012,C0169,3,79.00
2025-12-16,P017,C0375,3,24.75
2025-12-31,P018,C0350,1,79.00
2025-10-07,P019,C0364,10,12.50
2025-02-06,P009,C0262,5,49.90
2025-08-09,P017,C0071,1,49.90
2025-04-03,P020,C0308,1,8.90
2025-03-04,P007,C0342,0,8.90
2025-01-04,P001,C0191,1,19.99
2025-03-18,P018,C0316,1,49.90
2025-02-23,P003,C0030,1,79.00
2025-01-04,P003,C0032,4,79.00
2025-01-28,P003,C0321,1,12.50
2025-12-13,P009,C0171,1,79.00
2025-04-03,P003,C0180,10,8.90
2025-04-19,P004,C0012,3,8.90
2025-03-23,P014,C0234,2,35.00
2025-08-30,P017,C0430,2,49.90
2025-10-20,P020,C0064,4,79.00
2025-09-08,P019,C0169,10,8.90
2025-07-27,P009,C0413,1,19.99
2025-09-27,P012,C0472,3,49.90
2025-07-21,P002,C0301,5,49.90
2025-12-13,P009,C0457,10,19.99
2025-05-25,P018,C0468,1,24.75
2025-10-17,P013,C0306,1,49.90
2025-09-03,P001,C0478,3,19.99
2025-10-12,P018,C0382,1,12.50
2025-04-26,P003,C0316,3,8.90
2025-10-04,P015,C0371,2,49.90
2025-07-05,P006,C0386,3,49.90
2025-07-14,P008,C0278,2,8.90
2025-09-26,P008,C0049,1,12.50
2025-05-26,P002,C0359,10,79.00
2025-05-29,P003,C0296,2,49.90
2025-02-07,P007,C0410,1,8.90
2025-07-22,P003,C0058,5,12.50
2025-10-18,P010,C0314,3,79.00
2025-02-21,P020,C0049,1,8.90
2025-03-31,P020,C0013,3,19.99
2025-02-23,P002,C0257,2,35.00
2025-10-23,P002,C0124,5,8.90
2025-01-25,P008,C0217,1,24.75
2025-10-28,P015,C0458,5,24.75
2025-04-04,P006,C0061,10,79.00
2025-05-26,P002,C0441,3,49.90
2025-05-18,P019,C0183,4,19.99
2025-07-28,P011,C0388,4,8.90
2025-04-20,P002,C0292,1,79.00
2025-08-29,P005,C0154,1,8.90
2025-03-14,P018,C0096,3,24.75
2025-07-03,P015,C0460,10,24.75
2025-02-09,P009,C0387,1,12.50
2025-07-10,P003,C0053,1,24.75
2025-11-26,P017,C0400,2,8.90
2025-10-11,P008,C0048,4,79.00
2025-01-28,P018,C0084,3,12.50
2025-10-14,P005,C0212,2,12.50
2025-05-12,P003,C0027,1,79.00
2025-07-30,P014,C0300,5,19.99
2025-02-09,P003,C0342,2,79.00
2025-02-10,P016,C0378,10,49.90
2025-09-11,P007,C0237,2,19.99
2025-07-29,P001,C0090,3,49.90
2025-03-11,P004,C0080,2,24.75
2025-02-24,P012,C0324,2,79.00
2025-02-04,P014,C0252,0,24.75
2025-11-14,P006,C0153,4,19.99
2025-08-02,P017,C0037,2,19.99
2025-07-23,P015,C0002,3,79.00
2025-05-08,P012,C0452,2,12.50
2025-12-13,P016,C0486,2,79.00
2025-05-04,P016,C0492,1,49.90
2025-12-03,P007,C0299,1,8.90
2025-11-14,P007,C0128,2,19.99
2025-07-04,P014,C0052,2,19.99
2025-04-15,P015,C0149,1,8.90
2025-08-20,P020,C0110,3,8.90
2025-06-10,P013,C0357,3,24.75
2025-05-31,P017,C0249,2,49.90
2025-07-30,P001,C0466,1,19.99
2025-01-09,P020,C0493,3,35.00
2025-08-04,P007,C0068,2,8.90
2025-09-23,P020,C0425,3,49.90
2025-02-22,P011,C0095,1,12.50
2025-07-22,P009,C0249,2,8.90
2025-04-27,P018,C0455,2,12.50
2025-08-11,P002,C0378,5,12.50
2025-07-31,P012,C0326,2,19.99
2025-12-15,P001,C0228,3,12.50
2025-10-28,P004,C0007,2,12.50
2025-04-05,P016,C0489,5,24.75
2025-05-12,P015,C0312,2,12.50
2025-04-21,P005,C0440,2,49.90
2025-03-03,P010,C0236,4,12.50
2025-12-28,P004,C0400,1,79.00
2025-12-24,P004,C0364,3,49.90
2025-07-31,P020,C0210,4,8.90
2025-12-23,P006,C0090,4,79.00
2025-08-18,P003,C0071,1,24.75
2025-03-19,P010,C0386,10,35.00
2025-06-21,P001,C0041,1,19.99
2025-12-29,P019,C0026,1,8.90
2025-04-26,P012,C0465,1,79.00
2025-02-18,P015,C0262,5,79.00
2025-08-06,P011,C0080,4,49.90
2025-09-08,P017,C0076,4,19.99
2025-08-21,P006,C0253,2,35.00
2025-12-31,P018,C0399,2,12.50
2025-02-25,P020,C0214,1,24.75
2025-10-17,P016,C0253,5,79.00
2025-08-21,P016,C0032,4,19.99
2025-08-13,P017,C0498,2,19.99
2025-07-12,P001,C0046,3,19.99
2025-02-25,P010,C0237,1,12.50
2025-07-29,P003,C0137,1,79.00
2025-11-28,P005,C0136,1,79.00
2025-11-20,P014,C0293,1,8.90
2025-06-14,,C0464,1,49.90
2025-10-12,P008,C0027,3,8.90
2025-02-22,P001,C0137,1,35.00
2025-05-06,P018,C0013,10,35.00
2025-07-11,P011,C0475,1,49.90
2025-02-24,P012,,1,8.90
2025-10-14,P012,C0420,1,12.50
2025-02-13,P011,C0496,5,8.90
2025-07-13,P004,C0140,1,12.50
2025-07-08,P009,C0026,10,24.75
2025-03-28,P017,C0271,20,8.90
2025-03-29,P008,C0385,2,24.75
2025-01-07,P007,C0147,5,8.90
2025-10-31,P008,C0343,5,35.00
2025-02-20,P006,C0362,3,35.00
2025-03-06,P020,C0128,5,19.99
2025-03-11,P015,C0103,2,8.90
2025-11-18,P004,C0164,1,35.00
2025-03-26,P008,C0456,2,12.50
2025-10-18,P006,C0287,1,79.00
2025-07-23,P011,C0454,5,49.90
2025-01-11,P011,C0294,3,24.75
2025-11-09,P019,C0251,3,12.50
2025-05-28,P004,C0149,10,19.99
2025-10-19,P005,C0108,5,24.75
2025-09-27,P007,C0002,5,8.90
2025-09-19,P008,C0013,5,8.90
2025-05-26,P011,C0155,1,35.00
2025-08-19,P001,C0364,4,79.00
2025-11-29,P015,C0466,2,35.00
2025-02-08,P009,C0061,1,79.00
2025-05-21,P006,C0482,1,19.99
2025-07-27,P015,C0070,4,8.90
2025-10-29,P016,C0328,4,19.99
2025-01-29,P008,C0375,10,35.00
2025-12-14,P014,C0330,2,12.50
2025-04-12,P013,C0156,2,24.75
2025-02-18,P019,C0155,3,24.75
2025-04-13,P010,C0224,5,19.99
2025-08-17,P014,C0337,2,79.00
2025-07-19,P003,C0469,5,49.90
2025-11-26,P019,C0481,5,8.90
2025-11-16,P016,C0123,1,79.00
2025-04-14,P007,C0449,2,8.90
2025-11-02,P013,C0489,2,49.90
2025-06-24,P012,C0333,1,79.00
2025-06-18,P002,C0320,10,79.00
2025-11-15,P001,C0334,2,8.90
2025-03-18,P003,C0065,1,49.90
2025-02-24,P009,C0030,3,8.90
2025-01-26,P010,C0471,10,35.00
2025-05-02,P016,C0237,2,24.75
2025-08-18,P010,C0045,10,19.99
2025-09-18,P013,C0458,5,35.00
2025-06-21,P012,C0362,3,19.99
2025-03-25,P004,C0070,3,49.90
2025-02-19,P014,C0292,1,35.00
2025-11-23,P006,C0097,0,35.00
2025-02-18,P004,C0258,10,79.00
2025-04-26,P013,C0200,5,35.00
2025-04-08,P017,C0234,2,79.00
2025-09-19,P006,C0349,5,35.00
2025-08-13,P007,C0497,4,8.90
2025-01-30,P009,C0474,10,19.99
2025-09-15,P004,C0337,2,24.75
2025-06-29,P005,C0185,2,49.90
2025-08-08,P002,C0340,3,35.00
2025-06-30,P014,C0012,20,79.00
2025-06-29,P010,C0332,2,12.50
2025-04-26,P013,C0210,4,8.90
2025-09-17,P020,C0427,1,24.75
2025-11-09,P012,C0309,3,8.90
2025-07-11,P002,C0007,4,79.00
2025-01-21,P010,C0392,5,24.75
2025-12-18,P004,C0317,2,49.90
2025-12-13,P007,C0032,1,24.75
2025-10-01,P017,C0135,2,8.90
2025-02-20,P019,C0449,3,8.90
2025-08-20,P004,C0273,1,24.75
2025-02-14,P019,C0454,1,19.99
2025-12-10,P005,C0017,3,8.90
2025-12-27,P018,C0349,1,49.90
2025-03-03,P012,C0364,4,19.99
2025-03-04,P010,C0150,3,12.50
2025-09-28,P007,C0255,1,35.00
2025-06-28,P014,C0429,4,12.50
2025-03-10,P011,C0182,3,79.00
2025-06-14,P018,C0314,10,35.00
2025-01-04,P010,C0083,4,49.90
2025-09-10,P012,C0155,5,79.00
2025-09-21,P019,C0476,10,79.00
2025-12-22,P013,C0427,2,12.50
2025-05-26,P002,C0186,2,19.99
2025-11-24,P006,C0042,10,79.00
2025-03-06,P020,C0456,4,8.90
2025-06-30,P017,C0056,2,49.90
2025-03-15,P001,C0444,1,19.99
2025-01-23,P007,C0277,3,8.90
2025-01-28,P002,C0270,-2,24.75
2025-06-15,P020,C0323,2,24.75
2025-11-08,P003,C0407,2,8.90
2025-03-18,P008,C0443,0,79.00
2025-09-16,P006,C0066,4,49.90
2025-01-13,P012,C0487,1,35.00
2025-02-28,P019,C0418,1,79.00
2025-02-26,P001,C0425,5,8.90
2025-12-19,P018,C0388,3,12.50
2025-10-09,P008,C0221,4,12.50
2025-06-29,P005,C0139,1,79.00
2025-09-01,P011,C0252,1,12.50
2025-05-27,P004,C0383,1,49.90
2025-11-11,P020,C0253,5,19.99
2025-10-09,P016,C0474,3,12.50
2025-10-29,P020,C0309,-2,24.75
2025-04-03,P011,C0068,2,12.50
2025-04-27,P015,C0347,2,35.00
2025-11-03,P015,C0138,1,19.99
2025-08-06,P020,C0291,10,35.00
2025-04-16,P011,C0395,3,24.75
2025-05-15,P004,C0262,20,35.00
2025-09-10,P007,C0204,4,12.50
2025-04-16,P019,C0460,1,8.90
2025-09-12,P005,C0287,1,79.00
2025-12-20,P016,C0159,1,8.90
2025-10-04,P011,C0428,1,19.99
2025-11-06,P005,C0317,1,79.00
2025-07-20,P010,C0441,5,19.99
2025-07-27,P001,C0116,4,49.90
2025-07-22,P019,C0485,2,35.00
2025-11-23,P013,C0349,5,12.50
2025-12-20,P019,C0018,1,79.00
2025-05-27,P005,C0148,4,79.00
2025-08-02,P020,C0462,1,19.99
2025-10-24,P009,C0159,2,35.00
2025-10-30,P014,C0458,10,24.75
2025-11-01,P013,C0391,3,79.00
2025-08-21,P002,C0161,2,35.00
2025-10-02,P020,C0415,1,19.99
2025-11-30,P020,C0321,5,24.75
2025-03-29,P013,C0071,2,49.90
2025-09-30,P006,C0170,20,79.00
2025-11-01,P019,C0223,1,79.00
2025-03-09,P007,C0294,2,24.75
2025-03-19,P001,C0428,10,35.00
2025-04-13,P006,C0500,2,8.90
2025-09-14,P011,C0051,3,49.90
2025-02-25,P019,C0041,2,49.90
2025-03-20,P008,C0118,2,8.90
2025-05-17,P011,C0040,3,12.50
2025-01-21,P013,C0329,5,24.75
2025-02-18,P010,C0049,2,19.99
2025-10-25,P005,C0151,10,19.99
2025-08-31,P012,C0036,2,49.90
2025-09-09,P019,C0364,4,49.90
2025-10-01,P009,C0239,1,79.00
2025-10-08,P003,C0493,2,8.90
2025-06-18,P009,C0105,2,79.00
2025-03-30,P013,C0110,1,79.00
2025-06-22,P018,C0432,0,19.99
2025-05-21,P009,C0391,2,8.90
2025-04-21,P010,C0243,1,24.75
2025-01-23,P011,C0164,3,79.00
2025-03-18,P008,C0061,10,49.90
2025-10-03,P017,C0197,1,49.90
2025-05-18,P019,C0300,1,79.00
2025-02-28,P013,C0042,3,35.00
2025-05-28,P015,C0350,20,49.90
2025-11-19,P009,C0453,3,12.50
2025-08-17,P014,C0114,2,8.90
2025-08-04,P019,C0410,5,12.50
2025-06-19,P004,C0125,1,24.75
2025-05-21,P020,C0115,3,35.00
2025-07-06,P007,C0367,2,79.00
2025-04-07,P001,C0027,1,79.00
2025-05-05,P016,C0219,10,49.90
2025-06-08,P014,C0010,2,79.00
2025-08-08,P010,C0443,1,79.00
2025-10-29,P007,C0210,5,24.75
2025-05-27,P001,C0436,1,79.00
2025-06-03,P017,C0292,2,8.90
2025-04-18,P014,C0003,5,49.90
2025-03-29,P011,C0225,2,79.00
2025-03-03,P015,C0359,3,19.99
2025-03-10,P007,C0236,1,24.75
2025-06-04,P001,C0190,1,19.99
2025-10-01,P014,C0307,1,49.90
2025-04-30,P011,C0114,10,35.00
2025-08-03,P004,C0199,10,8.90
2025-09-12,P005,C0487,1,35.00
2025-04-23,P002,C0482,3,79.00
2025-02-10,P001,C0199,2,24.75
2025-08-05,P006,C0303,4,19.99
2025-04-15,P001,C0345,2,49.90
2025-08-29,P004,C0301,1,79.00
2025-01-31,P003,C0371,1,35.00
2025-07-25,P001,C0283,4,19.99
2025-05-07,P010,C0097,5,8.90
2025-10-03,P011,C0135,4,24.75
2025-07-30,P010,C0217,2,24.75
2025-10-13,P005,C0386,3,35.00
2025-08-01,P007,C0300,5,49.90
2025-04-23,P004,C0482,2,49.90
2025-02-02,P012,C0426,3,35.00
2025-11-06,P018,C0020,1,79.00
2025-11-15,P003,C0389,4,35.00
2025-11-11,P014,C0477,2,49.90
2025-06-08,P005,C0440,1,12.50
2025-12-11,P012,C0425,5,49.90
2025-01-03,P004,C0480,5,8.90
2025-10-10,P015,C0436,2,79.00
2025-10-24,P001,C0017,10,49.90
2025-12-24,P013,C0248,4,12.50
2025-11-27,P006,C0345,2,49.90
2025-04-23,P020,C0434,5,12.50
2025-10-13,P010,C0286,1,24.75
2025-10-21,P006,C0354,4,79.00
2025-11-10,P002,C0305,2,24.75
2025-08-08,P018,C0222,2,24.75
2025-04-15,P007,C0471,20,49.90
2025-05-20,P012,C0104,10,49.90
2025-02-07,P001,C0073,3,49.90
2025-02-14,P002,C0164,1,24.75
2025-08-19,P012,C0408,1,35.00
2025-05-29,P006,C0219,4,35.00
2025-05-21,P017,C0087,1,12.50
2025-01-12,P018,C0286,1,19.99
2025-08-03,P009,C0164,3,8.90
2025-05-25,P006,C0410,0,19.99
2025-06-12,P016,C0042,1,12.50
2025-08-20,P014,C0102,5,35.00
2025-01-16,P020,C0364,3,49.90
2025-10-08,P010,C0400,2,35.00
2025-01-19,P011,C0158,2,19.99
2025-04-27,P019,C0382,1,49.90
2025-01-13,P011,C0205,0,79.00
2025-08-25,P004,C0006,3,35.00
2025-12-22,P018,C0075,1,12.50
2025-02-03,P006,C0113,10,24.75
2025-03-04,P015,C0450,-2,19.99
2025-12-30,P014,C0117,1,35.00
2025-01-19,P010,C0249,3,35.00
2025-05-25,P004,C0079,4,49.90
2025-09-25,P007,C0112,10,24.75
2025-11-23,P009,C0115,1,19.99
2025-12-03,P015,C0481,3,8.90
2025-02-23,P005,C0360,3,35.00
2025-10-09,P006,C0382,4,35.00
2025-01-14,P014,C0093,1,24.75
2025-08-28,P002,C0431,1,19.99
2025-12-31,P019,C0209,10,8.90
2025-03-28,P015,C0110,2,12.50
2025-11-03,P019,C0263,2,8.90
2025-02-16,P013,C0259,1,12.50
2025-07-08,P002,C0465,3,19.99
2025-08-01,P003,C0097,1,24.75
2025-10-25,P012,C0005,2,19.99
2025-03-24,P017,C0421,1,35.00
2025-05-28,P008,C0322,2,24.75
2025-10-03,P018,C0087,4,12.50
2025-03-29,P016,C0488,5,19.99
2025-12-31,P003,C0219,10,19.99
2025-05-05,P008,C0262,0,49.90
2025-02-24,P005,C0187,4,49.90
2025-11-19,P004,C0023,2,79.00
2025-12-30,P005,C0352,4,24.75
2025-08-06,P013,C0065,2,12.50
2025-04-27,P013,C0274,4,12.50
2025-03-02,P005,C0120,3,12.50
2025-01-13,P014,C0282,20,79.00
2025-09-13,P017,C0368,4,19.99
2025-07-25,P010,C0269,3,8.90
2025-05-25,P002,C0084,1,19.99
2025-11-01,P017,C0157,4,24.75
2025-12-29,P011,C0286,4,8.90
2025-01-30,P018,C0344,2,79.00
2025-02-23,P009,C0056,2,35.00
2025-06-22,P001,C0476,4,35.00
2025-06-01,P003,C0468,5,49.90
2025-03-09,P011,C0098,2,19.99
2025-07-13,P003,C0031,3,24.75
2025-03-30,P015,C0249,2,35.00
2025-02-25,P007,C0143,10,12.50
2025-02-12,P006,C0215,4,49.90
2025-06-22,P017,C0400,1,24.75
2025-07-16,P015,C0444,2,49.90
2025-08-12,P002,C0119,2,12.50
2025-11-25,P017,C0284,2,49.90
2025-12-05,P015,C0108,1,8.90
2025-04-02,P012,C0262,3,19.99
2025-04-30,P006,C0464,4,49.90
2025-06-14,P012,C0247,3,24.75
2025-11-23,P007,C0355,3,35.00
2025-03-27,P007,C0093,1,24.75
2025-06-19,P005,C0367,4,12.50
2025-04-13,P002,C0373,5,49.90
2025-10-20,P010,C0285,2,49.90
2025-03-14,P011,C0411,1,35.00
2025-03-07,P009,C0033,3,12.50
2025-06-10,P002,C0322,3,24.75
2025-02-04,P003,C0488,2,12.50
2025-01-14,P013,C0213,1,12.50
2025-01-08,P006,C0047,4,19.99
2025-05-07,P004,C0377,1,79.00
2025-04-16,P014,C0046,5,12.50
2025-11-22,P007,C0034,1,35.00
2025-11-24,P002,C0152,3,24.75
2025-02-04,P012,C0037,1,79.00
2025-01-07,P014,C0410,10,49.90
2025-07-19,P002,C0437,2,12.50
2025-09-08,P005,C0229,2,49.90
2025-09-16,P011,C0298,1,79.00
2025-06-06,P015,C0359,2,24.75
2025-02-03,P018,C0420,4,19.99
2025-07-05,P016,C0002,2,12.50
2025-10-09,P010,C0479,1,8.90
2025-09-06,P017,C0376,2,49.90
2025-02-20,P008,C0346,1,24.75
2025-05-04,P013,C0072,5,19.99
2025-03-20,P012,C0329,1,35.00
2025-11-25,P013,C0407,1,24.75
2025-05-17,P012,C0038,10,35.00
2025-10-22,P010,C0166,3,8.90
2025-09-30,P006,C0438,4,49.90
2025-04-26,P008,C0366,2,35.00
2025-03-27,P011,C0477,5,24.75
2025-03-12,P008,C0375,1,8.90
2025-01-14,P006,C0147,3,24.75
2025-09-10,P010,C0499,4,8.90
2025-02-01,P016,C0348,3,24.75
2025-03-23,P017,C0447,4,8.90
2025-08-08,P017,C0295,1,79.00
2025-05-27,P014,C0330,5,12.50
2025-05-12,P014,C0380,3,8.90
2025-02-23,P006,C0010,3,35.00
2025-04-08,P004,C0101,1,19.99
2025-03-07,P005,C0394,3,19.99
2025-08-08,P017,C0191,1,35.00
2025-08-20,P014,C0196,5,19.99
2025-12-19,P006,C0317,1,49.90
2025-09-20,P011,C0229,1,24.75
2025-10-22,P008,C0007,3,24.75
2025-04-06,P018,C0351,2,35.00
2025-09-21,P015,C0338,2,49.90
2025-08-26,P002,C0142,1,19.99
2025-10-30,P006,C0267,1,49.90
2025-02-08,P007,C0386,1,49.90
2025-09-03,P016,C0469,3,24.75
2025-11-01,P018,C0270,10,24.75
2025-08-25,P018,C0387,4,12.50
2025-07-22,P016,C0246,1,12.50
2025-10-12,P020,C0227,3,35.00
2025-06-17,P013,C0340,4,8.90
2025-10-26,P016,C0497,2,8.90
2025-12-03,P015,C0061,4,12.50
2025-08-22,P011,C0169,4,79.00
2025-06-03,P010,C0079,2,19.99
2025-10-01,P018,C0062,2,12.50
2025-11-06,P019,C0451,1,12.50
2025-05-20,P011,C0349,10,12.50
2025-03-06,P015,C0176,1,79.00
2025-06-19,P016,C0041,4,35.00
2025-09-08,P011,C0334,2,35.00
2025-12-02,P017,C0083,2,8.90
2025-01-27,P007,C0013,4,79.00
2025-03-31,P011,C0002,5,35.00
2025-07-20,P003,C0304,2,12.50
2025-10-20,P016,C0182,20,24.75
2025-12-12,P016,C0481,1,12.50
2025-06-06,P001,C0067,4,35.00
2025-05-23,P007,C0431,3,8.90
2025-05-04,P001,C0137,2,12.50
2025-04-05,P001,C0192,1,35.00
2025-07-08,P012,C0285,4,12.50
2025-05-14,P017,C0217,5,49.90
2025-04-16,P011,C0280,4,8.90
2025-01-15,P013,C0444,1,79.00
2025-02-23,P003,C0160,5,35.00
2025-06-20,P005,C0325,2,35.00
2025-01-12,P016,C0456,3,19.99
2025-10-10,P013,C0277,1,24.75
2025-12-07,P010,C0174,2,8.90
2025-05-12,P005,C0232,1,35.00
2025-07-12,P009,C0205,1,12.50
2025-09-10,P005,C0423,4,19.99
2025-06-20,P001,C0442,10,79.00
2025-03-11,P002,C0120,4,24.75
2025-02-21,P003,C0363,2,12.50
2025-08-07,P005,C0005,2,79.00
2025-11-06,P003,C0125,1,24.75
2025-09-20,P014,C0178,10,24.75
2025-06-13,P003,C0270,1,8.90
2025-05-09,P008,C0106,2,8.90
2025-05-18,P010,C0163,3,35.00
2025-12-04,P019,C0209,3,19.99
2025-03-10,P010,C0361,2,19.99
2025-07-01,P003,C0498,2,49.90
2025-05-15,P010,C0446,2,49.90
2025-07-02,P017,C0436,4,79.00
2025-06-17,P020,C0104,2,12.50
2025-08-04,P004,C0041,1,24.75
2025-01-28,P017,C0102,4,12.50
2025-04-23,P012,C0081,5,24.75
2025-10-23,P020,C0409,5,49.90
2025-10-15,P010,C0420,1,12.50
2025-02-05,P018,C0212,3,8.90
2025-02-07,P007,C0030,1,12.50
2025-12-30,P012,C0447,4,19.99
2025-07-27,P013,C0043,1,79.00
2025-11-14,P010,C0479,3,24.75
2025-01-17,P016,C0051,1,8.90
2025-05-13,P020,C0470,2,12.50
2025-10-17,P001,C0124,1,79.00
2025-04-18,P009,C0276,3,12.50
2025-09-23,P017,C0376,2,35.00
2025-12-28,P003,C0062,1,24.75
2025-08-01,P001,C0116,2,79.00
2025-08-20,P001,C0336,1,12.50
2025-09-20,P015,C0206,1,8.90
2025-09-30,P018,C0405,1,35.00
2025-07-07,P010,C0135,5,24.75
2025-09-20,P020,C0443,4,19.99
2025-04-20,P020,C0422,3,35.00
2025-01-14,P020,C0259,1,79.00
2025-05-13,P017,C0192,1,24.75
2025-05-29,P018,C0372,3,35.00
2025-11-15,P018,C0389,3,49.90
2025-05-23,P011,C0083,10,79.00
2025-02-15,P016,C0460,5,49.90
2025-03-30,P001,C0385,2,49.90
2025-04-26,P014,C0372,3,19.99
2025-01-29,P013,C0090,4,79.00
2025-06-25,P004,C0033,4,79.00
2025-05-12,P011,C0091,4,24.75
2025-09-03,P007,C0091,1,24.75
2025-07-23,P008,C0203,1,8.90
2025-11-03,P016,C0422,10,8.90
2025-01-21,P012,C0116,1,12.50
2025-06-02,P019,C0057,1,8.90
2025-02-23,P001,C0361,5,79.00
2025-11-12,P006,C0471,3,12.50
2025-05-04,P013,C0125,20,8.90
2025-11-16,P018,C0220,1,49.90
2025-09-17,P011,C0146,3,12.50
2025-05-17,P017,C0063,2,35.00
2025-05-02,P015,C0367,4,12.50
2025-10-24,P004,C0013,4,8.90
2025-08-30,P013,C0494,4,19.99
2025-06-11,P014,C0176,4,19.99
2025-08-03,P001,C0361,5,49.90
2025-04-27,P003,C0113,2,12.50
2025-10-22,P002,C0162,5,79.00
2025-06-01,P010,C0130,4,8.90
2025-03-06,P018,C0487,4,12.50
2025-03-01,P013,C0459,10,35.00
2025-11-24,P006,C0275,2,79.00
2025-10-16,P002,C0394,2,8.90
2025-05-06,P007,C0187,4,8.90
2025-03-27,P004,C0142,3,8.90
2025-11-23,P018,C0091,3,12.50
2025-05-09,P020,C0141,1,35.00
2025-11-24,P011,C0285,3,24.75
2025-09-09,P013,C0345,1,35.00
2025-06-10,P020,C0487,5,19.99
2025-02-10,P005,C0321,4,35.00
2025-07-17,P011,C0223,2,35.00
2025-01-10,P011,C0308,2,8.90
2025-06-17,P005,C0480,1,19.99
2025-03-18,P002,C0012,2,35.00
2025-01-21,P014,C0491,2,24.75
2025-03-17,P006,C0246,3,49.90
2025-11-26,P008,C0058,3,19.99
2025-10-07,P015,C0337,3,19.99
2025-09-08,P012,C0485,5,35.00
2025-08-02,P007,C0440,5,19.99
2025-07-30,P011,C0438,2,24.75
2025-10-14,P010,C0175,3,24.75
2025-07-29,P015,C0314,1,8.90
2025-01-30,P015,C0467,4,24.75
2025-02-15,P004,C0045,4,35.00
2025-09-20,P012,C0154,4,8.90
2025-12-05,P010,C0065,4,49.90
2025-01-25,P010,C0186,4,35.00
2025-04-24,P002,C0311,1,49.90
2025-02-21,P019,C0142,2,8.90
2025-08-17,P005,C0197,5,24.75
2025-06-17,P015,C0466,3,49.90
2025-06-21,P016,C0325,1,8.90
2025-11-02,P010,C0192,4,12.50
2025-03-20,P010,C0001,1,24.75
2025-06-10,P002,C0247,2,12.50
2025-06-10,P017,C0473,3,8.90
2025-09-10,P001,C0397,5,19.99
2025-09-26,P008,C0289,2,49.90
2025-06-26,P009,C0495,5,35.00
2025-04-19,P009,C0225,3,24.75
2025-04-20,P017,C0281,1,35.00
2025-12-11,P005,C0076,1,79.00
2025-08-17,P005,C0460,2,49.90
2025-10-12,P014,C0333,2,35.00
2025-09-13,P006,C0117,4,49.90
2025-05-29,P011,C0267,1,49.90
2025-11-28,P015,C0169,1,79.00
2025-09-16,P005,C0272,1,35.00
2025-05-01,P016,C0134,4,12.50
2025-03-21,P007,C0366,1,19.99
2025-02-08,P008,C0025,5,24.75
2025-04-18,P015,C0048,2,12.50
2025-05-29,P005,C0020,20,49.90
2025-08-02,P007,C0194,2,79.00
2025-07-13,P009,C0193,2,8.90
2025-02-19,P020,C0121,2,35.00
2025-01-29,P014,C0378,3,79.00
2025-02-12,P016,C0068,10,49.90
2025-07-24,P005,C0100,3,35.00
2025-05-02,P011,C0052,4,24.75
2025-03-14,P007,C0065,2,8.90
2025-06-05,P009,C0255,2,35.00
2025-04-02,P018,C0085,1,79.00
2025-10-26,P005,C0454,1,12.50
2025-10-05,P014,C0388,3,19.99
2025-06-25,P017,C0483,1,12.50
2025-10-24,P002,C0271,1,24.75
2025-04-13,P020,C0108,1,8.90
2025-06-16,P002,C0158,4,79.00
2025-12-18,P007,C0474,5,49.90
2025-02-25,P018,C0069,2,24.75
2025-02-06,P006,C0288,3,8.90
2025-07-12,P004,C0251,4,79.00
2025-08-05,P005,C0067,10,24.75
2025-12-19,P001,C0265,10,12.50
2025-03-03,P011,C0374,1,35.00
2025-12-29,P002,C0400,5,24.75
2025-05-28,P011,C0027,1,35.00
2025-07-10,P003,C0350,2,8.90
2025-06-28,P017,C0413,10,19.99
2025-11-19,P012,C0347,5,24.75
2025-01-07,P002,C0311,3,8.90
2025-11-29,P018,C0292,2,12.50
2025-01-17,P018,C0234,3,35.00
2025-02-05,P012,C0122,3,79.00
2025-09-01,P008,C0310,4,8.90
2025-06-04,P007,C0038,4,24.75
2025-05-06,P006,,3,19.99
2025-01-29,P013,C0276,2,49.90
2025-09-11,P018,C0354,2,8.90
2025-08-15,P002,C0200,2,79.00
2025-03-18,P003,C0466,5,8.90
2025-10-17,P014,C0023,5,8.90
2025-06-14,P006,C0171,4,35.00
2025-07-29,P007,C0091,1,35.00
2025-04-16,P018,C0353,5,49.90
2025-04-03,P009,C0192,5,49.90
2025-02-07,P003,C0314,4,49.90
2025-08-07,P008,C0476,3,35.00
2025-11-08,P011,C0003,4,79.00
2025-08-03,P016,C0181,1,35.00
2025-12-24,P014,C0118,2,12.50
2025-10-09,P017,C0400,2,12.50
2025-07-15,P008,C0464,1,19.99
2025-08-24,P002,C0441,2,35.00
2025-09-04,P008,C0304,4,12.50
2025-03-01,P001,C0288,1,8.90
2025-06-26,P010,C0314,2,35.00
2025-12-26,P013,C0141,2,49.90
2025-01-10,P004,C0095,1,79.00
2025-06-11,P014,C0364,1,79.00
2025-10-01,P003,C0282,1,8.90
2025-06-10,P012,C0364,1,35.00
2025-05-15,P008,C0176,10,24.75
2025-04-13,P003,C0187,10,35.00
2025-11-03,P008,C0156,1,12.50
2025-01-22,P001,C0021,1,35.00
2025-09-12,P011,C0282,1,49.90
2025-09-30,P019,C0120,4,79.00
2025-09-08,P011,C0455,1,49.90
2025-09-23,P007,C0240,2,35.00
2025-08-13,P011,C0462,1,49.90
2025-10-06,P003,C0460,2,8.90
2025-05-03,P002,C0423,10,35.00
2025-07-30,P018,C0250,1,24.75
2025-01-25,P015,C0490,2,79.00
2025-02-11,P014,C0121,3,12.50
2025-04-13,P017,C0375,4,49.90
2025-06-27,P014,C0295,2,24.75
2025-02-15,P006,C0041,20,49.90
2025-12-17,P008,C0069,1,19.99
2025-05-31,P002,C0245,3,19.99
2025-03-10,P010,C0496,2,8.90
2025-04-04,P015,C0194,1,12.50
2025-05-12,P012,C0443,3,79.00
2025-04-16,P011,C0477,10,49.90
2025-07-03,P015,C0467,20,79.00
2025-08-04,P019,C0483,2,24.75
2025-05-29,P019,C0451,2,49.90
2025-12-10,P007,C0068,2,49.90
2025-03-26,P016,C0087,1,79.00
2025-12-20,P018,C0183,1,79.00
2025-06-29,P003,C0415,20,79.00
2025-11-12,P017,C0057,2,24.75
2025-02-02,P005,C0072,2,35.00
2025-03-02,P015,C0296,5,79.00
2025-08-27,P012,C0049,1,8.90
2025-04-22,P012,C0111,4,8.90
2025-08-19,P012,C0332,3,24.75
2025-01-30,P010,C0047,2,35.00
2025-06-01,P010,C0229,1,35.00
2025-10-14,P003,C0420,4,12.50
2025-01-10,P002,C0100,2,8.90
2025-02-03,P015,C0458,1,19.99
2025-05-10,P018,C0347,2,24.75
2025-11-17,P009,C0294,3,35.00
2025-03-06,P004,C0128,4,8.90
2025-11-30,P019,C0449,1,12.50
2025-10-25,P017,C0264,2,19.99
2025-09-30,P017,C0245,2,79.00
2025-02-11,P013,C0020,2,19.99
2025-04-06,P009,C0115,10,35.00
2025-12-16,P008,C0102,4,8.90
2025-01-30,P003,C0437,2,49.90
2025-06-05,P012,C0375,3,79.00
2025-11-13,P016,C0207,1,19.99
2025-06-13,P006,C0132,5,24.75
2025-04-18,P003,C0491,-2,12.50
2025-12-06,P001,C0106,3,49.90
2025-08-01,P014,C0369,5,12.50
2025-02-01,P020,C0238,2,49.90
2025-10-28,P014,C0081,10,8.90
2025-12-22,P018,C0387,5,79.00
2025-01-09,P016,C0417,1,19.99
2025-07-29,P014,C0266,4,49.90
2025-02-02,P013,C0412,3,79.00
2025-07-27,P007,C0233,2,24.75
2025-07-25,P004,C0117,5,24.75
2025-02-25,P010,C0003,2,79.00
2025-04-20,P001,C0176,4,35.00
2025-06-06,P013,C0335,1,19.99
2025-05-09,P018,C0345,2,49.90
2025-07-08,P017,C0424,-2,24.75
2025-10-06,P003,C0108,0,35.00
2025-05-14,P016,C0032,2,8.90
2025-07-08,P020,C0260,3,12.50
2025-03-20,P002,C0023,2,24.75
2025-03-18,P009,C0359,1,35.00
2025-07-17,P006,C0425,10,79.00
2025-02-04,P016,C0414,2,49.90
2025-07-05,P001,C0312,2,24.75
2025-08-31,P013,C0439,5,19.99
2025-08-09,P011,C0386,5,35.00
2025-09-19,P015,C0294,4,8.90
2025-10-27,P017,C0428,4,12.50
2025-01-30,P018,C0490,4,35.00
2025-09-08,P019,C0164,1,35.00
2025-10-17,P002,C0470,4,79.00
2025-08-13,,C0201,5,12.50
2025-07-12,P003,C0496,1,35.00
2025-12-21,P019,C0459,1,35.00
2025-07-12,P010,C0018,5,24.75
2025-03-01,P003,C0038,3,49.90
2025-04-29,P018,C0295,2,49.90
2025-10-16,P009,C0332,1,49.90
2025-01-03,P018,C0171,1,24.75
2025-10-05,P015,C0056,2,24.75
2025-08-23,P010,C0358,5,35.00
2025-10-30,P016,C0093,1,8.90
2025-11-16,P003,C0284,2,24.75
2025-11-03,P013,C0178,20,12.50
2025-10-07,P019,C0216,2,79.00
2025-08-01,P005,C0228,5,79.00
2025-09-30,P004,C0500,1,35.00
2025-07-09,P004,C0484,4,12.50
2025-10-02,P010,C0102,4,49.90
2025-01-26,P001,C0187,3,8.90
2025-04-30,P019,C0247,1,24.75
2025-07-02,P011,C0056,5,24.75
2025-03-02,P009,C0438,1,35.00
2025-07-07,P015,C0218,4,79.00
2025-01-05,P014,C0340,20,49.90
2025-07-01,P005,C0363,5,24.75
2025-02-25,P004,C0224,3,8.90
2025-11-04,P017,C0417,1,8.90
2025-05-25,P018,C0136,4,12.50
2025-05-24,P007,C0264,2,35.00
2025-11-02,P002,C0018,1,49.90
2025-06-16,P019,C0060,3,35.00
2025-12-22,P015,C0333,1,35.00
2025-10-22,P020,C0328,1,12.50
2025-02-11,P011,C0056,3,79.00
2025-08-20,P013,C0123,1,19.99
2025-01-22,P019,C0271,2,35.00
2025-05-04,P019,C0088,5,49.90
2025-12-11,P002,C0122,5,8.90
2025-04-25,P011,C0307,1,35.00
2025-08-31,P016,C0220,1,79.00
2025-03-31,P007,C0237,1,49.90
2025-08-03,P006,C0386,4,35.00
2025-01-30,P014,C0393,1,19.99
2025-09-03,P006,C0331,1,19.99
2025-12-03,P005,C0198,5,8.90
2025-09-02,P003,C0048,1,35.00
2025-11-21,P004,C0362,4,24.75
2025-12-03,P013,C0082,5,24.75
2025-11-29,P008,C0042,2,19.99
2025-05-10,P008,C0475,5,12.50
2025-03-09,P010,C0187,2,35.00
2025-07-11,P017,C0203,2,24.75
2025-06-06,P011,C0376,1,8.90
2025-03-17,P006,C0021,2,12.50
2025-02-21,P009,C0182,3,24.75
2025-04-21,P006,C0458,3,12.50
2025-01-08,P010,C0212,4,24.75
2025-12-02,P002,C0235,3,79.00
2025-02-17,P005,C0482,4,35.00
2025-04-01,P016,C0359,3,8.90
2025-09-24,P001,C0268,3,79.00
2025-04-19,P002,C0024,1,12.50
2025-03-14,P001,C0013,4,49.90
2025-01-23,P014,C0152,3,49.90
2025-02-21,P002,C0279,1,8.90
2025-10-23,P007,C0310,2,8.90
2025-09-11,P016,C0479,1,49.90
2025-09-20,P001,C0032,2,24.75
2025-01-28,P009,C0405,4,12.50
2025-12-14,P009,C0018,4,8.90
2025-06-25,P004,C0242,20,79.00
2025-05-29,P002,C0086,2,8.90
2025-01-21,P014,C0306,10,8.90
2025-10-12,P010,C0187,3,19.99
2025-04-06,P006,C0112,1,19.99
2025-09-07,P001,C0366,5,79.00
2025-11-01,P019,C0249,1,24.75
2025-04-19,P018,C0410,2,12.50
2025-06-29,P002,C0439,1,8.90
2025-01-24,P006,C0118,3,12.50
2025-12-28,P018,C0072,1,49.90
2025-03-12,P005,C0470,4,19.99
2025-05-29,P002,C0447,1,49.90
2025-04-21,P005,C0246,2,35.00
2025-09-16,P017,C0384,1,12.50
2025-03-15,P003,C0333,1,24.75
2025-11-21,P016,C0258,1,24.75
2025-05-05,P013,C0337,5,12.50
2025-05-15,P016,C0152,2,79.00
2025-11-21,P010,C0340,2,35.00
2025-04-10,P007,C0231,2,79.00
2025-11-18,P009,C0085,2,19.99
2025-01-18,P019,C0099,1,8.90
2025-07-01,P013,C0296,1,24.75
2025-01-31,P001,C0157,3,8.90
2025-07-03,P006,C0058,1,19.99
2025-12-07,P006,C0186,3,79.00
2025-07-01,P009,C0443,2,24.75
2025-08-07,P007,C0245,2,19.99
2025-05-26,P004,C0179,2,24.75
2025-01-03,P018,C0448,4,49.90
2025-11-16,P014,C0167,3,79.00
2025-07-25,P001,C0448,1,12.50
2025-04-29,P008,C0280,3,12.50
2025-03-17,P006,C0489,3,19.99
2025-03-19,P005,C0267,3,12.50
2025-10-21,P011,C0020,2,35.00
2025-01-23,P004,C0495,2,35.00
2025-12-01,P010,C0399,2,49.90
2025-11-20,P017,C0368,-2,35.00
2025-12-31,P001,C0409,3,12.50
2025-12-29,P016,C0313,2,35.00
2025-04-02,P018,C0136,5,8.90
2025-05-04,P018,C0344,2,24.75
2025-01-24,P019,C0086,10,35.00
2025-07-22,P010,C0465,-2,79.00
2025-04-10,P013,C0215,10,49.90
2025-08-19,P005,C0135,2,79.00
2025-08-10,P016,C0071,3,35.00
2025-05-29,P013,C0172,4,19.99
2025-04-30,P003,C0386,3,12.50
2025-07-12,P013,C0138,2,12.50
2025-12-20,P018,C0054,1,35.00
2025-10-13,P014,C0386,2,19.99
2025-06-12,P005,C0243,2,79.00
2025-03-28,P017,C0312,10,79.00
2025-07-26,P004,C0175,2,8.90
2025-10-08,P008,C0217,2,24.75
2025-01-09,P002,C0056,1,79.00
2025-01-20,P011,C0255,2,8.90
2025-07-07,P011,C0434,2,35.00
2025-07-20,P006,C0138,10,35.00
2025-09-13,P014,C0441,5,24.75
2025-12-18,P018,C0212,10,79.00
2025-03-06,P002,C0350,1,49.90
2025-06-06,P015,C0316,2,49.90
2025-03-29,P005,C0155,1,12.50
2025-06-07,P017,C0310,10,8.90
2025-10-12,P012,C0079,4,12.50
2025-11-07,P010,C0263,10,49.90
2025-04-15,P005,C0086,0,19.99
2025-08-17,P007,C0356,5,19.99
2025-03-27,P011,C0304,1,12.50
2025-10-21,P006,C0070,4,19.99
2025-04-03,P015,C0460,2,12.50
2025-10-27,P019,C0408,0,49.90
2025-05-02,P017,C0463,4,49.90
2025-07-05,P008,C0448,2,8.90
2025-11-14,P017,C0374,1,8.90
2025-02-14,P003,C0470,4,35.00
2025-12-26,P014,C0319,4,79.00
2025-09-05,P008,C0431,4,49.90
2025-08-04,P005,C0069,1,8.90
2025-10-11,P013,C0276,4,79.00
2025-07-05,P014,C0427,1,35.00
2025-11-15,P020,C0309,2,19.99
2025-04-16,P001,C0326,4,35.00
2025-05-18,P006,C0188,4,12.50
2025-12-14,P016,C0289,1,24.75
2025-11-20,P005,C0178,1,24.75
2025-10-11,P015,C0089,1,12.50
2025-04-10,P003,C0366,4,24.75
2025-06-19,P005,C0398,2,79.00
2025-05-21,P014,C0321,2,12.50
2025-05-03,P004,C0160,1,24.75
2025-02-26,P013,C0408,3,49.90
2025-10-05,P001,C0429,2,35.00
2025-05-11,P012,C0166,5,49.90
2025-09-10,P013,C0191,4,8.90
2025-04-02,P011,C0345,4,49.90
2025-01-14,P011,C0496,5,12.50
2025-03-17,P006,C0410,10,79.00
2025-01-24,P007,C0465,5,24.75
2025-08-18,P012,C0273,5,8.90
2025-03-25,P017,C0173,3,8.90
2025-02-04,P004,C0436,10,49.90
2025-11-11,P003,C0490,1,79.00
2025-11-22,P019,C0123,-2,24.75
2025-01-28,P017,C0477,1,79.00
2025-04-16,P015,C0227,1,24.75
2025-12-24,P011,C0214,2,24.75
2025-08-27,P002,C0011,2,24.75
2025-07-23,P008,C0423,4,49.90
2025-07-13,P001,C0484,3,8.90
2025-11-27,P017,C0473,4,79.00
2025-09-22,P017,C0430,1,24.75
2025-06-19,P020,C0454,4,79.00
2025-11-05,P004,C0044,4,35.00
2025-02-08,P001,C0068,1,79.00
2025-08-08,P010,C0192,1,19.99
2025-10-03,P013,C0190,2,79.00
2025-08-07,P017,C0455,2,79.00
2025-01-15,P015,C0339,10,35.00
2025-06-26,P018,C0210,10,79.00
2025-06-09,P006,C0353,3,49.90
2025-06-21,P011,C0146,5,49.90
2025-09-17,P009,C0062,20,8.90
2025-06-20,P007,C0097,5,19.99
2025-04-15,P016,C0295,4,49.90
2025-11-10,P013,C0446,1,12.50
2025-06-20,P010,C0494,1,19.99
2025-04-24,P017,C0402,3,19.99
2025-05-09,P011,C0234,5,24.75
2025-11-15,P003,C0404,1,79.00
2025-08-12,P020,C0086,5,19.99
2025-11-22,P016,C0426,1,35.00
2025-07-15,P017,C0222,1,35.00
2025-05-28,P020,C0056,5,49.90
2025-06-27,P007,C0034,1,12.50
2025-03-06,P019,C0499,1,19.99
2025-03-16,P004,C0476,2,24.75
2025-05-22,P019,C0324,4,49.90
2025-08-08,P011,C0118,4,19.99
2025-04-21,P012,C0123,10,19.99
2025-07-04,P010,C0423,1,8.90
2025-03-24,P016,C0168,4,12.50
2025-12-23,P002,C0102,4,49.90
2025-02-23,P014,C0350,2,49.90
2025-05-11,P001,C0058,2,79.00
2025-04-02,P004,C0426,4,35.00
2025-08-10,P006,C0313,5,19.99
2025-12-11,P001,C0447,1,79.00
2025-10-18,P014,C0451,4,8.90
2025-12-23,P008,C0498,1,8.90
2025-07-20,P001,C0487,5,49.90
2025-10-01,P010,C0494,4,12.50
2025-07-16,P006,C0297,20,79.00
2025-04-28,P017,C0043,3,79.00
2025-05-31,P014,C0195,1,12.50
2025-02-26,P012,C0288,1,79.00
2025-10-08,P006,C0412,2,12.50
2025-12-02,P011,C0214,2,49.90
2025-03-28,P018,C0004,2,24.75
2025-11-23,P020,C0320,1,79.00
2025-06-26,P005,C0398,1,19.99
2025-05-24,P019,C0458,2,19.99
2025-12-03,P013,C0159,5,35.00
2025-03-08,P016,C0415,10,8.90
2025-11-10,P004,C0284,3,49.90
2025-01-26,P006,C0014,5,19.99
2025-02-16,P016,C0090,10,12.50
2025-06-20,P012,C0355,10,12.50
2025-09-25,P005,C0214,10,8.90
2025-04-07,P011,C0466,1,8.90
2025-05-02,P013,C0059,2,49.90
2025-08-20,P003,C0457,4,8.90
2025-07-14,P003,C0207,3,24.75
2025-12-27,P003,C0123,5,79.00
2025-12-29,P011,C0410,3,12.50
2025-05-16,P019,C0478,2,8.90
2025-01-13,P014,C0225,2,24.75
2025-09-23,P012,C0145,0,24.75
2025-08-28,P016,C0201,1,35.00
2025-08-12,P015,C0407,2,24.75
2025-06-13,P011,C0295,2,49.90
2025-01-30,P017,C0467,5,79.00
2025-09-21,P015,C0429,5,35.00
2025-12-23,P017,C0407,1,19.99
2025-04-13,P013,C0197,4,49.90
2025-03-03,P004,C0438,2,12.50
2025-11-22,P007,C0075,2,8.90
2025-09-05,P007,C0157,20,35.00
2025-03-28,P004,C0364,3,79.00
2025-07-16,P005,C0022,10,12.50
2025-04-10,P013,C0102,2,8.90
2025-02-04,P003,C0044,3,12.50
2025-06-02,P003,C0158,5,35.00
2025-04-10,P011,C0386,10,35.00
2025-09-17,P009,C0198,10,19.99
2025-12-27,P007,C0477,4,8.90
2025-09-26,P013,C0405,2,79.00
2025-12-27,P006,C0154,10,19.99
2025-09-11,P019,C0328,2,8.90
2025-02-15,P001,C0161,2,79.00
2025-12-12,P009,C0009,5,49.90
2025-06-02,P016,C0357,5,8.90
2025-12-30,P009,C0238,1,49.90
2025-07-09,P011,C0133,4,8.90
2025-10-10,P009,C0472,2,24.75
2025-11-18,P014,C0143,1,24.75
2025-04-19,P019,C0282,1,19.99
2025-08-20,P005,C0287,5,35.00
2025-06-06,P018,C0204,0,8.90
2025-05-18,P012,C0278,1,35.00
2025-03-14,P002,C0061,2,35.00
2025-11-01,P003,C0218,3,8.90
2025-12-24,P011,C0370,3,49.90
2025-04-14,P005,C0201,20,35.00
2025-12-02,P015,C0258,3,19.99
2025-12-27,P015,C0348,10,8.90
2025-10-09,P018,C0005,1,8.90
2025-08-26,P010,C0404,1,49.90
2025-01-20,P011,C0326,3,8.90
2025-07-13,P012,C0197,3,35.00
2025-10-01,P017,C0365,10,12.50
2025-06-05,P008,C0001,2,49.90
2025-04-04,P015,C0279,2,12.50
2025-12-30,P013,C0383,1,79.00
2025-12-18,P005,C0231,2,12.50
2025-09-25,P006,C0256,5,79.00
2025-12-26,P015,C0066,2,19.99
2025-09-29,P008,C0282,1,24.75
2025-07-06,P009,C0360,10,8.90
2025-08-26,P008,C0373,4,8.90
2025-05-15,P011,C0318,1,35.00
2025-07-09,P001,C0061,2,19.99
2025-06-24,P004,C0268,4,19.99
2025-04-08,P012,C0389,1,49.90
2025-09-26,P005,C0382,2,24.75
2025-03-24,P005,C0073,3,24.75
2025-01-12,P014,C0428,1,35.00
2025-10-06,P013,C0484,2,8.90
2025-08-05,P017,C0045,1,8.90
2025-04-30,P018,C0043,3,79.00
2025-08-27,P009,C0220,2,19.99
2025-11-09,P001,C0375,3,35.00
2025-07-18,P013,C0467,3,12.50
2025-07-25,P011,C0304,5,79.00
2025-03-20,P003,C0446,4,35.00
2025-10-11,P016,C0299,1,24.75
2025-09-01,P020,C0300,1,12.50
2025-03-30,P004,C0156,3,79.00
2025-02-26,P004,C0116,5,35.00
2025-06-13,P002,C0150,0,35.00
2025-12-14,P005,C0434,3,24.75
2025-01-13,P019,C0177,1,24.75
2025-10-15,P004,C0201,0,12.50
2025-11-14,P015,C0175,1,79.00
2025-02-07,P016,C0237,3,24.75
2025-12-25,P017,C0297,1,19.99
2025-05-06,P012,C0347,2,35.00
2025-08-17,P014,C0450,2,19.99
2025-08-01,P005,C0277,3,49.90
2025-10-26,P019,C0160,5,79.00
2025-09-12,P004,C0429,3,49.90
2025-03-31,P007,C0329,2,24.75
2025-12-04,P011,C0049,5,24.75
2025-06-05,P011,C0390,1,35.00
2025-06-23,P019,C0189,1,79.00
2025-11-11,P004,C0168,20,49.90
2025-10-01,P016,C0411,2,12.50
2025-05-16,P008,C0151,3,12.50
2025-06-27,P016,C0043,1,24.75
2025-04-25,P019,C0358,1,49.90
2025-05-07,P005,C0065,2,12.50
2025-12-24,P015,C0248,2,8.90
2025-10-27,P012,C0144,3,35.00
2025-08-01,P013,C0485,4,8.90
2025-11-04,P006,C0163,3,12.50
2025-08-24,P005,C0118,10,8.90
2025-08-13,P006,C0245,10,35.00
2025-01-20,P016,C0100,20,8.90
2025-02-18,P019,C0483,2,35.00
2025-06-02,P018,C0210,20,35.00
2025-07-24,P002,C0378,20,49.90
2025-10-08,P007,C0150,2,35.00
2025-09-25,P017,C0108,2,19.99
2025-02-03,P006,C0424,1,12.50
2025-10-01,P001,C0391,10,24.75
2025-05-25,P008,C0415,10,49.90
2025-11-19,P012,C0087,1,49.90
2025-07-03,P016,C0142,3,12.50
2025-04-19,P017,C0207,2,35.00
2025-03-01,P019,C0117,1,19.99
2025-05-28,P015,C0172,20,49.90
2025-05-09,P017,C0196,10,49.90
2025-03-05,P012,C0471,2,35.00
2025-11-01,P004,C0041,2,49.90
2025-02-17,P015,C0161,4,8.90
2025-05-31,P005,C0123,2,8.90
2025-10-12,P017,C0038,2,49.90
2025-03-18,P010,C0062,2,8.90
2025-08-16,P006,C0348,2,12.50
2025-08-20,P003,C0432,3,24.75
2025-07-15,P006,C0199,5,49.90
2025-01-11,P013,C0386,4,35.00
2025-07-02,P017,C0121,3,49.90
2025-06-23,P020,C0253,5,79.00
2025-04-25,P001,C0259,10,35.00
2025-04-01,P004,C0054,4,49.90
2025-09-23,P006,C0139,1,49.90
2025-12-29,P005,C0224,1,35.00
2025-08-18,P007,C0383,10,12.50
2025-01-06,P001,C0353,-2,49.90
2025-08-03,P010,C0299,2,35.00
2025-10-07,P002,C0071,1,8.90
2025-11-16,P019,C0081,1,19.99
2025-02-05,P011,C0180,2,79.00
2025-12-18,P009,C0105,2,35.00
2025-11-05,P019,C0180,5,12.50
2025-12-14,P002,C0290,3,8.90
2025-07-03,P011,C0087,4,8.90
2025-07-30,P015,C0167,4,19.99
2025-04-25,P008,C0022,4,8.90
2025-09-22,P003,C0109,10,19.99
2025-12-30,P017,C0498,3,49.90
2025-05-24,P011,C0204,3,12.50
2025-06-18,P011,C0306,3,8.90
2025-03-20,P001,C0078,4,12.50
2025-11-18,P003,C0301,1,19.99
2025-01-28,P020,C0462,10,49.90
2025-08-07,P014,C0054,1,35.00
2025-11-08,P004,C0229,2,49.90
2025-10-10,P009,C0148,2,8.90
2025-10-23,P013,C0404,10,19.99
2025-12-16,P014,C0277,3,79.00
2025-06-26,P014,C0036,4,8.90
2025-09-20,P004,C0049,1,12.50
2025-05-26,P008,C0291,0,12.50
2025-05-17,P005,C0173,1,12.50
2025-03-08,P003,C0351,5,12.50
2025-11-15,P020,C0168,1,12.50
2025-06-25,P006,C0275,1,35.00
2025-07-19,P004,C0175,3,24.75
2025-03-16,P005,C0470,1,8.90
2025-09-21,P007,C0042,2,79.00
2025-07-22,P004,C0126,2,12.50
2025-10-21,P007,C0369,2,19.99
2025-01-19,P015,C0393,1,8.90
2025-10-17,P005,C0459,20,8.90
2025-05-29,P010,C0213,2,24.75
2025-01-23,P009,C0220,2,8.90
2025-01-01,P020,C0409,10,8.90
2025-02-15,P017,C0181,2,79.00
2025-06-10,P010,C0447,1,8.90
2025-10-10,P018,C0177,2,49.90
2025-09-27,P007,C0498,2,24.75
2025-04-29,P005,C0208,1,79.00
2025-03-09,P015,C0350,20,49.90
2025-04-03,P007,C0444,1,24.75
2025-06-09,P002,C0354,4,12.50
2025-10-08,P017,C0010,4,24.75
2025-03-21,P009,C0227,2,35.00
2025-12-24,P002,C0324,2,12.50
2025-01-27,P002,C0136,3,79.00
2025-05-05,P020,C0084,2,19.99
2025-03-07,P016,C0294,2,24.75
2025-08-16,P018,C0437,1,24.75
2025-12-24,P014,C0218,1,8.90
2025-07-11,P001,C0005,3,8.90
2025-12-30,P003,C0300,1,19.99
2025-07-16,P015,C0437,4,24.75
2025-02-02,P010,C0124,2,8.90
2025-05-01,P003,C0116,3,19.99
2025-04-18,P010,C0121,1,79.00
2025-11-21,P007,C0002,3,8.90
2025-02-01,P002,C0500,3,24.75
2025-01-01,P018,C0134,4,79.00
2025-06-27,P014,C0328,1,19.99
2025-08-05,P002,C0093,3,24.75
2025-06-18,P001,C0278,2,8.90
2025-04-26,P002,C0361,2,35.00
2025-04-28,P016,C0079,10,24.75
2025-06-07,P008,C0324,3,8.90
2025-07-21,P017,C0366,20,79.00
2025-03-06,P011,C0327,2,35.00
2025-12-28,P012,C0430,1,8.90
2025-02-01,P011,C0211,3,8.90
2025-02-02,P004,C0207,1,79.00
2025-02-20,P004,C0481,2,8.90
2025-12-07,P019,C0017,1,24.75
2025-02-09,P008,C0044,5,8.90
2025-01-03,P014,C0103,2,19.99
2025-01-30,P005,C0350,1,8.90
2025-01-13,P013,C0174,2,35.00
2025-06-01,P005,C0333,1,79.00
2025-07-19,P011,C0302,3,24.75
2025-03-13,P001,C0142,5,8.90
2025-10-25,P005,C0479,1,8.90
2025-10-24,P016,C0397,1,19.99
2025-11-19,P005,C0032,3,12.50
2025-08-24,P011,C0128,5,19.99
2025-02-06,P011,C0414,1,19.99
2025-07-31,P018,C0146,10,49.90
2025-11-12,P013,C0497,1,12.50
2025-03-11,P016,C0457,0,35.00
2025-02-15,P016,C0168,5,8.90
2025-06-25,P007,C0107,10,24.75
2025-01-03,P012,C0479,2,12.50
2025-03-16,P009,C0463,2,24.75
2025-02-25,P007,C0020,3,24.75
2025-02-28,P011,C0234,3,49.90
2025-09-18,P017,C0218,5,49.90
2025-10-25,P006,C0298,0,8.90
2025-10-17,P016,C0259,1,49.90
2025-07-03,P002,C0310,5,12.50
2025-05-15,P011,C0405,4,24.75
2025-01-28,P013,C0496,3,79.00
2025-05-04,P003,C0135,3,24.75
2025-03-09,P013,C0486,3,19.99
2025-08-23,P020,C0152,4,35.00
2025-05-29,P003,C0023,3,35.00
2025-09-16,P010,C0344,1,35.00
2025-10-21,P015,C0035,3,79.00
2025-06-27,P008,C0298,2,35.00
2025-11-23,P008,C0179,4,24.75
2025-12-25,P011,C0414,2,79.00
2025-07-18,P013,C0081,3,79.00
2025-10-23,P014,C0041,4,24.75
2025-03-19,P016,C0182,10,12.50
2025-01-23,P009,C0295,1,8.90
2025-10-20,P004,C0126,2,12.50
2025-05-20,P009,C0245,1,35.00
2025-11-10,P015,C0236,1,19.99
2025-12-27,P019,C0183,4,8.90
2025-10-08,P006,C0192,3,35.00
2025-11-10,P001,C0484,4,79.00
2025-12-11,P011,C0453,1,79.00
2025-07-21,P015,C0467,2,8.90
2025-03-05,P015,C0040,2,79.00
2025-11-26,P019,C0256,1,12.50
2025-07-23,P019,C0492,1,12.50
2025-07-20,P008,C0464,3,35.00
2025-05-04,P011,C0381,3,79.00
2025-11-18,P013,C0252,3,12.50
2025-05-08,P011,C0100,10,8.90
2025-04-08,P002,C0076,4,35.00
2025-06-01,P011,C0242,4,12.50
2025-12-13,P002,C0209,1,8.90
2025-01-02,P011,C0193,2,35.00
2025-08-03,P007,C0050,1,79.00
2025-12-20,P003,C0328,10,49.90
2025-02-15,P010,C0383,4,24.75
2025-12-17,P008,C0210,5,49.90
2025-02-13,P001,C0317,2,49.90
2025-06-17,P007,C0194,1,24.75
2025-01-28,P013,C0027,1,19.99
2025-05-12,P018,C0362,4,19.99
2025-12-27,P007,C0121,5,49.90
2025-03-18,P016,C0349,5,12.50
2025-05-17,P014,C0070,1,24.75
2025-11-16,P002,C0127,10,35.00
2025-05-28,P006,C0279,2,24.75
2025-01-27,P012,C0484,2,19.99
2025-12-31,P005,C0153,2,24.75
2025-02-25,P008,C0335,5,49.90
2025-11-03,P016,C0306,1,35.00
2025-12-06,P014,C0036,10,12.50
2025-02-05,P009,C0394,1,35.00
2025-04-29,P018,C0280,3,35.00
2025-05-16,P008,C0069,2,8.90
2025-08-20,P008,C0118,5,35.00
2025-04-15,P004,C0178,2,79.00
2025-12-24,P017,C0485,3,8.90
2025-12-19,P019,C0270,3,49.90
2025-01-05,P012,C0238,5,8.90
2025-06-30,P012,C0105,20,19.99
2025-03-18,P014,C0110,1,24.75
2025-01-14,P017,C0163,1,79.00
2025-05-07,P008,C0061,1,35.00
2025-08-04,P007,C0028,1,49.90
2025-02-23,P015,C0299,2,79.00
2025-07-05,P013,C0144,4,24.75
2025-04-28,P013,C0294,1,8.90
2025-12-04,P017,C0370,3,12.50
2025-12-01,P010,C0161,1,79.00
2025-07-31,P014,C0201,1,49.90
2025-08-12,P006,C0404,10,35.00
2025-04-22,P020,C0427,10,24.75
2025-04-15,P016,C0143,2,12.50
2025-08-23,P004,C0430,3,19.99
2025-06-14,P009,C0406,10,12.50
2025-06-20,P011,C0351,1,49.90
2025-03-10,P004,C0284,2,19.99
2025-01-20,P002,C0124,2,12.50
2025-10-30,P011,C0174,10,35.00
2025-11-02,P012,C0320,5,8.90
2025-04-28,P014,C0322,3,8.90
2025-05-04,P007,C0177,1,8.90
2025-07-08,P015,C0064,1,49.90
2025-07-08,P012,C0101,2,49.90
2025-08-04,P019,C0246,5,35.00
2025-08-04,P008,C0419,1,24.75
2025-06-05,P019,C0496,1,8.90
2025-12-11,P012,C0252,3,8.90
2025-03-15,P002,C0481,4,8.90
2025-10-17,P005,C0336,2,79.00
2025-06-12,P016,C0294,1,79.00
2025-10-18,P015,C0245,-2,12.50
2025-06-07,P009,C0076,1,12.50
2025-09-27,P003,C0115,3,24.75
2025-12-27,P001,C0211,3,19.99
2025-02-15,P011,C0478,1,35.00
2025-05-11,P004,C0265,3,79.00
2025-07-04,P016,C0200,5,35.00
2025-05-02,P007,C0206,2,79.00
2025-01-07,P012,C0461,2,24.75
2025-10-21,P007,C0094,1,79.00
2025-10-17,P003,C0345,2,19.99
2025-08-31,P016,C0457,10,79.00
2025-08-22,P020,C0482,2,19.99
2025-01-07,P019,C0476,5,19.99
2025-08-12,P006,C0374,10,35.00
2025-08-13,P014,C0350,20,12.50
2025-10-12,P018,C0366,1,12.50
2025-04-08,P014,C0438,2,19.99
2025-09-17,P004,C0390,3,19.99
2025-01-23,P011,C0011,4,49.90
2025-07-26,P016,C0465,3,12.50
2025-08-10,P007,C0149,1,8.90
2025-01-07,P015,C0427,5,19.99
2025-06-03,P014,C0422,3,12.50
2025-11-10,P016,C0274,2,19.99
2025-11-10,P020,C0139,4,8.90
2025-09-05,P010,C0499,10,19.99
2025-11-04,P013,C0214,1,49.90
2025-06-20,P010,C0348,4,35.00
2025-03-06,P005,C0185,2,49.90
2025-02-23,P019,C0293,1,12.50
2025-03-14,P019,C0001,3,8.90
2025-08-18,P018,C0065,1,35.00
2025-10-27,P007,C0061,4,79.00
2025-03-20,P019,C0118,2,35.00
2025-11-21,P004,C0195,2,19.99
2025-08-25,P002,C0015,3,35.00
2025-09-03,P017,C0213,4,24.75
2025-09-08,P020,C0332,4,49.90
2025-03-04,P004,C0266,1,19.99
2025-10-12,P009,C0250,1,12.50
2025-03-15,P011,C0081,5,24.75
2025-03-06,P003,C0110,4,12.50
2025-07-21,P013,C0273,4,8.90
2025-06-08,P017,C0470,1,19.99
2025-05-23,P018,C0294,3,24.75
2025-06-22,P009,C0079,4,19.99
2025-04-13,P014,C0394,1,24.75
2025-04-08,P002,C0294,3,35.00
2025-11-05,P001,C0265,3,35.00
2025-12-09,P012,C0458,1,19.99
2025-10-21,P016,C0303,1,79.00
2025-07-11,P017,C0223,1,79.00
2025-03-10,P010,C0048,5,49.90
2025-03-08,P007,C0463,10,19.99
2025-08-05,P017,C0428,4,12.50
2025-05-11,P009,C0072,3,8.90
2025-12-06,P018,C0314,-2,19.99
2025-03-30,P017,C0251,3,49.90
2025-05-14,P017,C0294,1,79.00
2025-05-27,P016,C0038,2,79.00
2025-09-04,P004,C0451,10,24.75
2025-01-27,P006,C0026,5,19.99
2025-03-21,P016,C0279,2,35.00
2025-03-10,P002,C0303,4,35.00
2025-07-20,P007,C0002,5,24.75
2025-07-16,P009,C0230,1,24.75
2025-01-28,P011,C0328,2,24.75
2025-05-29,P006,C0500,1,35.00
2025-04-27,P014,C0354,1,35.00
2025-07-31,P003,C0056,3,35.00
2025-10-12,P014,C0495,2,19.99
2025-07-11,P007,C0404,4,8.90
2025-11-26,P017,C0090,1,12.50
2025-07-19,P008,C0447,3,19.99
2025-07-06,P004,C0351,1,19.99
2025-10-09,P003,C0208,1,35.00
2025-06-07,P010,C0293,2,79.00
2025-06-22,P012,C0483,2,19.99
2025-11-13,P003,C0080,2,49.90
2025-07-22,P015,C0177,1,35.00
2025-02-10,P007,C0099,1,24.75
2025-11-05,P001,C0053,4,49.90
2025-10-23,P011,C0369,2,35.00
2025-01-25,P018,C0154,1,79.00
2025-07-12,P020,C0147,10,19.99
2025-01-11,P003,C0228,1,12.50
2025-08-20,P015,C0313,2,19.99
2025-06-17,P004,C0368,5,79.00
2025-07-01,P012,C0470,4,79.00
2025-11-01,P002,C0448,4,35.00
2025-09-16,P007,C0149,2,8.90
2025-12-15,P018,C0335,1,49.90
2025-07-31,P001,C0383,3,35.00
2025-11-30,P020,C0176,2,49.90
2025-06-28,P013,C0009,2,8.90
2025-10-05,P006,C0259,1,49.90
2025-06-15,P003,C0308,10,8.90
2025-07-20,P017,C0265,4,19.99
2025-02-24,P019,C0138,1,12.50
2025-09-12,P003,C0204,5,12.50
2025-03-28,P001,C0239,1,35.00
2025-07-18,P005,C0186,1,24.75
2025-05-05,P010,C0115,2,19.99
2025-01-14,P012,C0295,10,24.75
2025-09-09,P004,C0390,1,49.90
2025-10-04,P010,C0392,1,19.99
2025-09-30,P020,C0443,1,12.50
2025-04-25,P009,C0470,1,49.90
2025-11-21,P004,C0027,2,12.50
2025-03-08,P020,C0001,1,19.99
2025-08-24,,C0451,3,49.90
2025-09-21,P017,C0368,4,19.99
2025-02-15,P007,C0100,2,49.90
2025-12-31,P011,C0190,4,24.75
2025-12-06,P007,C0350,1,19.99
2025-02-24,P020,C0395,1,8.90
2025-01-17,P020,C0395,1,24.75
2025-10-22,P011,C0357,2,35.00
2025-05-16,P009,C0303,2,12.50
2025-11-15,P017,C0123,3,19.99
2025-05-23,P007,C0102,1,12.50
2025-02-17,P016,C0216,4,12.50
2025-08-09,P017,C0142,1,35.00
2025-03-31,P007,C0422,0,79.00
2025-02-04,P006,C0194,2,12.50
2025-11-23,P015,C0331,1,8.90
2025-08-01,P019,C0329,10,8.90
2025-02-22,P007,C0125,4,49.90
2025-07-13,P005,C0160,1,19.99
2025-01-12,P019,C0160,3,35.00
2025-03-15,P013,C0267,3,12.50
2025-11-16,P010,C0471,10,8.90
2025-08-17,P016,C0030,10,8.90
2025-04-15,P018,C0062,1,24.75
2025-07-11,P011,C0251,1,79.00
2025-07-27,P020,C0134,4,35.00
2025-08-23,P014,C0341,3,19.99
2025-01-29,P002,C0317,5,35.00
2025-09-22,P015,C0318,3,24.75
2025-06-05,P019,C0327,10,8.90
2025-04-21,P014,C0021,1,35.00
2025-12-07,P007,C0041,1,8.90
2025-02-07,P007,C0094,5,24.75
2025-02-01,P004,C0419,2,8.90
2025-05-20,P017,C0269,10,12.50
2025-06-28,P019,C0060,1,35.00
2025-04-27,P004,C0351,1,49.90
2025-05-18,P004,C0431,1,8.90
2025-02-04,P006,C0416,1,35.00
2025-05-08,P010,C0411,4,8.90
2025-09-10,P006,C0426,2,19.99
2025-11-16,P008,C0120,1,19.99
2025-12-08,P008,C0291,1,79.00
2025-09-21,P008,C0135,5,19.99
2025-08-29,P004,C0492,2,35.00
2025-06-10,P009,C0048,3,79.00
2025-06-22,P001,C0460,5,24.75
2025-04-29,P004,C0364,2,19.99
2025-05-18,P008,C0122,1,24.75
2025-02-13,P002,C0227,3,79.00
2025-12-01,P003,C0070,5,35.00
2025-08-18,P005,C0189,1,79.00
2025-05-05,P007,C0146,2,49.90
2025-02-28,P012,C0169,3,19.99
2025-11-25,P016,C0023,5,49.90
2025-03-11,P002,C0012,4,79.00
2025-04-12,P004,C0211,1,79.00
2025-11-15,P019,C0399,4,49.90
2025-09-02,P018,C0270,1,24.75
2025-06-21,P008,C0091,3,8.90
2025-07-07,P002,C0031,3,49.90
2025-04-23,P016,C0404,3,19.99
2025-02-24,P012,C0219,4,12.50
2025-05-30,P014,C0279,1,49.90
2025-12-18,P005,C0078,2,79.00
2025-09-26,P001,C0405,3,8.90
2025-02-21,P009,C0313,3,8.90
2025-12-17,P012,C0366,2,35.00
2025-06-22,P012,C0149,3,79.00
2025-05-15,P007,C0037,1,24.75
2025-09-21,P015,C0210,1,8.90
2025-12-18,P006,C0179,4,79.00
2025-12-12,P003,C0202,2,79.00
2025-08-18,P008,C0022,5,79.00
2025-10-08,P006,C0302,5,79.00
2025-09-12,P002,C0168,1,35.00
2025-02-10,P009,C0260,4,35.00
2025-09-01,P001,C0484,1,24.75
2025-11-11,P003,C0200,5,79.00
2025-02-14,P010,C0329,3,24.75
2025-01-13,P017,C0053,2,24.75
2025-11-12,P006,C0008,3,79.00
2025-03-29,P005,C0246,5,79.00
2025-08-08,P020,C0491,1,49.90
2025-05-08,P017,C0213,4,19.99
2025-06-10,P015,C0265,3,35.00
2025-12-17,P012,C0289,3,19.99
2025-01-03,P002,C0147,2,12.50
2025-06-18,P010,C0375,2,19.99
2025-03-25,P007,C0339,1,12.50
2025-08-10,P010,C0459,2,19.99
2025-04-01,P020,C0034,1,49.90
2025-04-11,P008,C0213,1,79.00
2025-06-19,P018,C0095,4,24.75
2025-01-01,P014,C0175,1,35.00
2025-12-12,P020,C0391,4,35.00
2025-03-04,P014,C0104,10,19.99
2025-01-25,P014,C0350,4,12.50
2025-04-15,P012,C0498,-2,8.90
2025-01-03,P014,C0500,3,19.99
2025-05-03,P018,C0232,2,35.00
2025-08-19,P017,C0081,1,19.99
2025-07-01,P004,C0279,2,49.90
2025-09-10,P011,C0214,1,12.50
2025-05-31,P012,C0305,1,24.75
2025-07-01,P012,C0383,4,49.90
2025-02-03,P006,C0055,2,49.90
2025-04-14,P015,C0318,10,12.50
2025-01-10,P005,C0105,10,79.00
2025-10-05,P009,C0412,20,8.90
2025-12-30,P020,C0410,4,8.90
2025-12-22,P007,C0346,3,8.90
2025-02-15,P008,C0141,2,35.00
2025-06-21,P009,C0276,1,12.50
2025-06-27,P017,C0480,1,49.90
2025-08-23,P016,C0336,1,24.75
2025-10-29,P013,C0021,3,12.50
2025-03-05,P019,C0346,5,12.50
2025-06-11,P010,C0024,1,35.00
2025-06-04,P011,C0324,4,19.99
2025-07-02,P008,C0466,2,79.00
2025-10-22,P015,C0143,2,35.00
2025-12-03,P018,C0489,1,12.50
2025-07-29,P006,C0246,5,12.50
2025-12-12,P008,C0421,2,8.90
2025-12-26,P005,C0169,4,79.00
2025-04-26,P019,C0143,2,79.00
2025-03-24,P015,C0358,1,24.75
2025-04-02,P019,C0494,3,35.00
2025-01-24,P013,C0108,3,35.00
2025-01-09,P005,C0114,2,24.75
2025-07-17,P004,C0237,4,49.90
2025-03-06,P016,C0190,2,19.99
2025-07-24,P006,C0392,5,49.90
2025-06-27,P019,C0038,3,12.50
2025-03-13,P018,C0260,4,35.00
2025-02-22,P004,C0121,10,24.75
2025-04-06,P012,C0345,5,8.90
2025-06-15,P007,C0494,5,79.00
2025-01-22,P001,C0184,2,79.00
2025-07-22,P018,C0420,4,24.75
2025-04-03,P012,C0043,5,24.75
2025-10-30,P017,C0066,4,24.75
2025-06-16,P001,C0471,10,12.50
2025-08-29,P016,C0005,2,8.90
2025-06-25,P016,C0451,3,12.50
2025-07-03,P004,C0243,1,35.00
2025-05-18,P005,C0175,1,49.90
2025-09-06,P005,C0002,3,49.90
2025-04-01,P001,C0333,5,79.00
2025-08-29,P018,C0141,3,24.75
2025-04-25,P005,C0299,-2,12.50
2025-04-05,P006,C0195,1,24.75
2025-11-20,P020,C0201,2,35.00
2025-08-13,P005,C0029,2,79.00
2025-05-27,P006,C0224,2,8.90
2025-10-07,P012,C0217,3,19.99
2025-07-15,P020,C0326,1,19.99
2025-11-28,P004,C0450,3,12.50
2025-02-13,P014,C0055,1,19.99
2025-03-25,P013,C0183,1,8.90
2025-04-01,P004,C0186,4,35.00
2025-08-12,P020,C0300,3,8.90
2025-07-22,P018,C0257,5,12.50
2025-06-16,P016,C0292,1,12.50
2025-03-01,P013,C0023,1,79.00
2025-11-25,P004,C0371,2,24.75
2025-10-14,P005,C0481,20,19.99
2025-12-03,P013,C0107,4,35.00
2025-08-15,P009,C0495,2,12.50
2025-12-10,P011,C0397,3,12.50
2025-02-15,P011,C0315,5,12.50
2025-09-29,P011,C0049,4,79.00
2025-11-09,P013,C0067,1,49.90
2025-10-10,P013,C0315,3,35.00
2025-09-07,P017,C0004,4,19.99
2025-01-09,P019,C0385,2,24.75
2025-04-03,P014,C0048,1,24.75
2025-02-13,P014,C0475,4,19.99
2025-05-09,P015,C0335,2,24.75
2025-10-06,P002,C0195,1,12.50
2025-08-19,P012,C0308,3,35.00
2025-08-30,P020,C0093,1,19.99
2025-05-19,P009,C0126,2,79.00
2025-03-31,P012,C0409,1,24.75
2025-01-09,P018,C0173,5,35.00
2025-08-27,P017,C0194,2,79.00
2025-06-23,P010,C0173,2,49.90
2025-08-23,P011,C0110,3,19.99
2025-11-21,P015,C0482,2,35.00
2025-05-31,P009,C0373,20,24.75
2025-10-14,P017,C0056,20,8.90
2025-09-15,P015,C0420,10,24.75
2025-03-17,P008,C0368,1,49.90
2025-08-18,P009,C0292,3,8.90
2025-10-05,P002,C0036,2,79.00
2025-02-06,P019,C0185,5,8.90
2025-09-18,P005,C0269,1,19.99
2025-01-19,P004,C0345,1,24.75
2025-05-23,P019,C0206,4,79.00
2025-12-26,P015,C0239,2,79.00
2025-05-08,P005,C0302,10,12.50
2025-12-25,P002,C0113,2,12.50
2025-02-22,P009,C0130,3,8.90
2025-10-01,P003,C0089,1,19.99
2025-02-28,P013,C0183,1,8.90
2025-05-27,P018,C0268,5,24.75
2025-06-03,P012,C0228,4,19.99
2025-03-25,P013,C0203,5,24.75
2025-09-22,P006,C0312,10,49.90
2025-09-18,P003,C0461,2,79.00
2025-02-28,P010,C0286,1,19.99
2025-05-25,P016,C0392,3,12.50
2025-12-22,P006,C0285,1,19.99
2025-01-02,P006,C0398,2,12.50
2025-09-16,P003,C0247,4,49.90
2025-04-18,P019,C0374,3,49.90
2025-02-19,P014,C0349,2,8.90
2025-04-25,P001,C0196,4,8.90
2025-08-04,P010,C0160,10,35.00
2025-03-08,P002,C0204,2,8.90
2025-10-02,P016,C0264,1,24.75
2025-02-03,P006,C0033,1,49.90
2025-06-10,P019,C0303,4,8.90
2025-02-11,P018,C0020,2,19.99
2025-05-02,P008,C0395,4,79.00
2025-11-24,P020,C0127,5,35.00
2025-07-07,P012,C0243,10,8.90
2025-01-24,P011,C0090,3,12.50
2025-03-13,P018,C0246,1,79.00
2025-09-13,P015,C0077,1,79.00
2025-06-02,P020,C0242,4,8.90
2025-06-06,P011,C0089,2,8.90
2025-08-13,P005,C0491,3,79.00
2025-03-13,P002,C0239,2,49.90
2025-06-17,P006,C0442,3,79.00
2025-10-09,P001,C0311,5,12.50
2025-10-04,P008,C0262,1,35.00
2025-08-31,P005,C0368,5,12.50
2025-10-12,P010,C0242,1,79.00
2025-08-13,P020,C0023,1,8.90
2025-09-30,P013,C0249,2,19.99
2025-05-26,P014,C0255,3,8.90
2025-08-23,P020,C0290,-2,12.50
2025-04-12,P019,C0413,20,49.90
2025-12-28,P001,C0158,-2,35.00
2025-09-13,P020,C0072,10,35.00
2025-04-11,P007,C0012,3,19.99
2025-05-10,P009,C0499,5,12.50
2025-03-02,P011,C0273,4,49.90
2025-03-16,P018,C0283,2,49.90
2025-06-06,P018,C0234,2,19.99
2025-04-27,P013,C0283,4,49.90
2025-11-14,P016,C0451,10,12.50
2025-01-03,P015,C0073,4,79.00
2025-01-04,P009,C0079,1,35.00
2025-04-29,P005,C0281,1,8.90
2025-12-22,P006,C0256,3,49.90
2025-01-13,P017,C0074,2,12.50
2025-07-13,P012,C0214,3,35.00
2025-09-18,P011,C0421,20,24.75
2025-11-27,P001,C0231,5,79.00
2025-09-15,P013,C0264,5,19.99
2025-08-19,P012,C0118,5,79.00
2025-10-26,P007,C0204,1,49.90
2025-10-05,P008,C0276,3,49.90
2025-12-17,P001,C0251,2,19.99
2025-01-27,P001,C0288,2,8.90
2025-08-30,P014,C0170,4,19.99
2025-07-21,P005,C0157,4,8.90
2025-04-07,P006,C0032,1,19.99
2025-01-13,P001,C0155,5,12.50
2025-04-13,P011,C0467,1,24.75
2025-12-16,P015,C0279,3,49.90
2025-06-19,P005,C0245,3,35.00
2025-05-04,P005,C0152,1,79.00
2025-05-10,P012,C0417,10,79.00
2025-08-15,P014,C0480,3,35.00
2025-09-15,P002,C0075,5,35.00
2025-04-02,P013,C0157,1,12.50
2025-02-09,P012,C0094,5,49.90
2025-04-22,P012,C0222,2,8.90
2025-10-29,P001,C0062,4,79.00
2025-03-12,P016,C0184,3,24.75
2025-10-03,P003,C0217,1,12.50
2025-11-23,P019,C0163,2,35.00
2025-01-19,P003,C0298,2,24.75
2025-07-26,P003,C0046,3,12.50
2025-12-10,P010,C0024,1,35.00
2025-10-30,P004,C0365,4,35.00
2025-07-28,P009,C0403,10,79.00
2025-03-25,P020,C0336,3,79.00
2025-10-25,P007,C0141,10,35.00
2025-04-15,P015,C0248,5,8.90
2025-12-22,P012,C0092,2,12.50
2025-12-17,P007,C0219,2,35.00
2025-11-02,P002,C0261,5,19.99
2025-04-25,P003,C0251,-2,79.00
2025-10-25,P011,C0470,1,8.90
2025-01-21,P009,,3,79.00
2025-07-07,P016,C0146,1,8.90
2025-08-20,P011,C0396,1,8.90
2025-05-14,P006,C0340,1,19.99
2025-03-10,P011,C0399,1,79.00
2025-08-01,P003,C0235,2,19.99
2025-02-12,P010,C0242,2,79.00
2025-03-21,P012,C0433,1,49.90
2025-09-20,P013,C0081,3,8.90
2025-07-15,P001,C0363,1,35.00
2025-06-10,P008,C0274,5,8.90
2025-06-26,P011,C0342,1,49.90
2025-02-15,P017,C0153,4,8.90
2025-11-05,P012,C0284,2,24.75
2025-01-24,P009,C0255,5,19.99
2025-09-30,P003,C0027,2,35.00
2025-11-11,P017,C0173,1,24.75
2025-09-17,P018,C0331,4,19.99
2025-06-23,P010,C0482,1,8.90
2025-04-02,P010,C0499,4,79.00
2025-03-16,P008,C0140,2,24.75
2025-04-08,P004,C0027,1,12.50
2025-11-29,P016,C0022,4,35.00
2025-09-07,P003,C0147,10,8.90
2025-06-25,P013,C0425,1,8.90
2025-04-12,P017,C0319,2,12.50
2025-05-06,P019,C0234,2,79.00
2025-03-15,P013,C0019,5,19.99
2025-08-27,P013,C0050,2,12.50
2025-12-02,P001,C0476,10,8.90
2025-08-15,P002,C0043,3,12.50
2025-05-12,P020,C0341,4,35.00
2025-09-24,P008,C0078,3,8.90
2025-05-30,P017,C0217,2,12.50
2025-07-12,P009,C0142,2,19.99
2025-08-27,P010,C0476,3,24.75
2025-07-18,P011,C0275,1,8.90
2025-09-07,P002,C0209,4,8.90
2025-09-12,P009,C0285,2,12.50
2025-03-20,P020,C0401,5,79.00
2025-12-12,P009,C0037,3,19.99
2025-10-14,P011,C0224,1,79.00
2025-01-19,P010,C0188,1,35.00
2025-01-22,P006,C0153,4,19.99
2025-04-06,P003,C0196,4,19.99
2025-02-28,P013,C0112,1,35.00
2025-04-06,P014,C0087,4,8.90
2025-10-12,P001,C0119,1,24.75
2025-01-18,P020,C0144,3,24.75
2025-11-07,P013,C0001,1,35.00
2025-03-19,P013,C0265,4,8.90
2025-01-21,P004,C0129,1,24.75
2025-11-12,P001,C0131,-2,8.90
2025-05-19,P004,C0069,2,35.00
2025-07-04,P020,C0113,2,12.50
2025-03-19,P018,C0255,2,79.00
2025-05-11,P001,C0171,5,35.00
2025-12-30,P005,C0120,3,79.00
2025-05-24,P005,C0099,3,49.90
2025-02-24,P001,C0248,1,49.90
2025-05-06,P017,C0272,3,49.90
2025-04-15,P020,C0405,3,79.00
2025-02-28,P019,C0006,2,49.90
2025-02-13,P014,C0261,2,24.75
2025-04-22,P015,C0249,3,79.00
2025-09-07,P017,C0149,4,19.99
2025-05-10,P015,C0118,4,49.90
2025-03-25,P008,C0307,2,35.00
2025-08-04,P019,C0047,0,12.50
2025-04-09,P003,C0144,4,12.50
2025-04-23,P002,C0404,1,12.50
2025-06-12,P016,C0317,3,79.00
2025-04-03,P016,C0161,3,8.90
2025-10-19,P007,C0362,1,24.75
2025-04-05,P017,C0327,2,79.00
2025-05-30,P019,C0181,1,35.00
2025-01-16,P001,C0261,2,35.00
2025-11-03,P020,C0466,4,79.00
2025-07-05,P015,C0388,1,8.90
2025-03-13,P008,C0294,5,19.99
2025-10-04,P008,C0108,10,12.50
2025-05-19,P003,C0362,1,19.99
2025-05-25,P005,C0430,3,79.00
2025-05-13,P019,C0178,2,49.90
2025-12-12,P018,C0222,5,19.99
2025-02-18,P012,C0059,1,8.90
2025-04-03,P016,C0016,5,12.50
2025-05-30,P020,C0486,3,24.75
2025-09-21,P020,C0347,4,79.00
2025-10-15,P018,C0212,10,79.00
2025-06-01,P002,C0223,1,35.00
2025-01-18,P006,C0466,1,79.00
2025-10-27,P017,C0203,3,19.99
2025-12-01,P012,C0043,4,12.50
2025-05-25,P009,C0070,1,79.00
2025-05-29,P017,C0263,2,19.99
2025-01-16,P004,C0086,1,19.99
2025-03-31,P013,C0278,3,79.00
2025-05-05,P018,C0442,2,19.99
2025-12-26,P017,C0089,4,19.99
2025-05-31,P019,C0469,1,12.50
2025-02-05,P014,C0387,1,79.00
2025-10-07,P009,C0022,10,49.90
2025-03-27,P017,C0295,3,79.00
2025-04-18,P007,C0327,-2,79.00
2025-03-15,P003,C0250,1,35.00
2025-10-01,P012,C0341,1,35.00
2025-07-24,P005,C0350,1,8.90
2025-08-02,P001,C0088,3,19.99
2025-11-22,P020,C0301,1,49.90
2025-01-24,P006,C0116,3,49.90
2025-04-14,P020,C0045,20,79.00
2025-09-11,P019,C0195,2,19.99
2025-11-13,P020,C0116,5,8.90
2025-12-19,P001,C0401,3,24.75
2025-09-29,P005,C0328,3,19.99
2025-01-21,P004,C0340,2,24.75
2025-10-29,P003,C0401,1,49.90
2025-08-30,P010,C0389,10,8.90
2025-07-01,P003,C0305,1,19.99
2025-09-23,P004,C0222,1,8.90
2025-05-04,P004,C0246,4,49.90
2025-09-14,P018,C0396,2,8.90
2025-06-08,P017,C0069,2,35.00
2025-06-05,P019,C0182,1,12.50
2025-05-26,P002,C0499,1,49.90
2025-07-03,P020,C0436,0,24.75
2025-10-16,P005,C0295,3,8.90
2025-05-02,P010,C0304,10,12.50
2025-08-03,P008,C0484,2,49.90
2025-09-07,P013,C0178,3,19.99
2025-01-24,P013,C0329,2,12.50
2025-04-17,P014,C0281,1,12.50
2025-05-29,P004,C0178,1,12.50
2025-07-11,P018,C0389,2,35.00
2025-05-17,P006,C0283,2,79.00
2025-09-06,P010,C0213,1,79.00
2025-09-06,P018,C0016,5,19.99
2025-07-31,P008,C0165,2,35.00
2025-04-16,P008,C0411,5,24.75
2025-11-01,P011,C0073,10,35.00
2025-02-20,P006,C0262,2,19.99
2025-02-25,P002,C0347,1,49.90
2025-11-14,P002,C0496,1,12.50
2025-02-12,P017,C0001,1,24.75
2025-01-02,P006,C0023,1,8.90
2025-05-21,P013,C0138,1,19.99
2025-01-06,P012,C0209,10,49.90
2025-10-17,P010,C0201,4,12.50
2025-01-23,P012,C0326,4,49.90
2025-10-22,P013,C0084,1,8.90
2025-03-02,P007,C0190,3,12.50
2025-12-18,P019,C0295,3,49.90
2025-04-21,P015,C0362,5,19.99
2025-09-18,P006,C0164,1,49.90
2025-09-21,P002,C0192,10,35.00
2025-03-07,P001,C0500,1,19.99
2025-03-13,P007,C0324,2,35.00
2025-04-09,P010,C0456,1,8.90
2025-12-01,P002,C0244,3,24.75
2025-11-12,P014,C0372,10,35.00
2025-04-29,P006,C0353,3,12.50
2025-07-27,P016,C0054,1,8.90
2025-08-14,P001,C0030,3,12.50
2025-07-18,P017,C0477,2,49.90
2025-02-26,P006,C0164,1,19.99
2025-11-20,P004,C0225,1,19.99
2025-12-12,P001,C0140,2,19.99
2025-05-05,P010,C0049,1,12.50
2025-12-19,P010,C0391,10,8.90
2025-06-08,P020,C0336,3,19.99
2025-03-10,P009,C0328,2,12.50
2025-05-30,P005,C0359,10,24.75
2025-08-09,P003,C0089,10,49.90
2025-11-24,P015,C0421,2,35.00
2025-11-10,P001,C0138,2,8.90
2025-08-31,P013,C0219,2,79.00
2025-09-30,P018,C0016,10,35.00
2025-12-06,P018,C0176,10,79.00
2025-05-30,P015,C0446,5,79.00
2025-09-27,P004,C0197,2,79.00
2025-10-16,P016,C0004,2,12.50
2025-12-08,P012,C0132,5,35.00
2025-07-08,P006,C0421,4,79.00
2025-01-08,P018,C0068,1,24.75
2025-04-08,P016,C0142,5,79.00
2025-08-26,P009,C0094,2,12.50
2025-02-06,P018,C0358,1,49.90
2025-07-04,P007,C0250,5,19.99
2025-04-19,P019,C0014,3,8.90
2025-05-01,P020,C0126,4,12.50
2025-01-24,P019,C0463,3,12.50
2025-05-04,P001,C0045,3,24.75
2025-06-14,P014,C0409,1,35.00
2025-01-07,P018,C0249,1,79.00
2025-09-27,P007,C0259,10,24.75
2025-02-24,P011,C0213,5,12.50
2025-11-09,P016,C0380,2,8.90
2025-04-03,P015,C0002,3,8.90
2025-07-26,P013,C0223,3,49.90
2025-12-31,P003,C0295,4,24.75
2025-03-30,P013,C0273,1,19.99
2025-10-21,P020,C0247,2,79.00
2025-10-27,P009,C0388,5,19.99
2025-08-15,P001,C0162,3,8.90
2025-10-17,P009,C0462,2,79.00
2025-12-16,P006,C0263,1,12.50
2025-02-04,P004,C0088,1,35.00
2025-06-15,P015,C0259,1,19.99
2025-02-12,P001,C0317,5,49.90
2025-08-25,P016,C0161,4,35.00
2025-10-09,P005,C0192,3,12.50
2025-09-19,P014,C0291,3,12.50
2025-11-01,P016,C0406,0,8.90
2025-04-23,P003,C0223,5,79.00
2025-01-20,P015,C0399,1,12.50
2025-03-01,P013,C0126,20,12.50
2025-12-11,P016,C0284,3,49.90
2025-08-14,P014,C0143,3,49.90
2025-01-20,P020,C0377,1,12.50
2025-03-25,P020,C0201,2,8.90
2025-07-21,P002,C0412,2,35.00
2025-02-11,P001,C0189,4,24.75
2025-02-16,P002,C0349,2,35.00
2025-01-05,P010,C0431,2,79.00
2025-06-24,P009,C0458,3,49.90
2025-05-28,P006,C0222,4,19.99
2025-04-13,P009,C0250,3,19.99
2025-12-12,P013,C0470,5,79.00
2025-08-01,P006,C0002,1,12.50
2025-03-26,P006,C0371,3,19.99
2025-11-23,P017,C0290,3,49.90
2025-08-15,P011,C0034,1,35.00
2025-04-01,P003,C0301,4,24.75
2025-12-17,P012,C0344,2,49.90
2025-03-26,P001,C0463,2,12.50
2025-01-09,P003,C0156,1,24.75
2025-11-16,P004,C0013,4,49.90
2025-02-15,P019,C0285,2,35.00
2025-04-09,P007,C0449,2,79.00
2025-05-05,P019,C0258,1,35.00
2025-03-26,P007,C0261,2,8.90
2025-07-03,P012,C0225,5,24.75
2025-01-20,P018,C0140,5,24.75
2025-01-09,P002,C0458,1,49.90
2025-12-02,P003,C0227,4,12.50
2025-08-25,P006,C0279,5,24.75
2025-12-30,P017,C0220,3,19.99
2025-07-15,P012,C0453,4,49.90
2025-11-27,P015,C0475,1,49.90
2025-08-20,P001,C0317,3,19.99
2025-07-09,P018,C0290,2,8.90
2025-08-20,P012,C0040,10,49.90
2025-05-04,P008,C0480,3,12.50
2025-12-28,P006,C0299,1,49.90
2025-02-28,P016,C0288,3,79.00
2025-04-05,P012,C0137,10,79.00
2025-04-11,P011,C0061,2,49.90
2025-04-18,P005,C0256,2,12.50
2025-12-31,P014,C0011,1,49.90
2025-11-17,P001,C0489,5,35.00
2025-07-17,P018,C0189,3,35.00
2025-10-28,P014,C0469,3,8.90
2025-09-14,P005,C0360,2,8.90
2025-01-03,P019,C0207,10,35.00
2025-05-18,P017,C0338,3,79.00
2025-02-22,P003,C0389,3,19.99
2025-08-31,P010,C0306,4,12.50
2025-09-20,P011,C0244,-2,79.00
2025-01-22,P017,C0092,4,79.00
2025-09-05,P013,C0212,1,12.50
2025-11-27,P006,C0355,2,24.75
2025-11-10,P018,C0465,1,49.90
2025-03-09,P014,C0458,4,35.00
2025-03-15,P010,C0438,2,24.75
2025-06-08,P014,C0055,5,12.50
2025-08-03,P009,C0412,20,35.00
2025-05-19,P003,C0359,1,35.00
2025-09-11,P008,C0123,1,35.00
2025-07-15,P002,C0409,1,12.50
2025-10-12,P006,C0425,-2,19.99
2025-03-30,P014,C0367,2,24.75
2025-11-04,P012,C0277,5,19.99
2025-09-25,P015,C0198,2,19.99
2025-07-01,P001,C0288,5,19.99
2025-01-31,P007,C0222,2,8.90
2025-03-06,P017,C0018,5,19.99
2025-04-10,P019,C0496,4,8.90
2025-11-07,P011,C0097,20,24.75
2025-03-18,P014,C0073,5,24.75
2025-08-19,P019,C0217,1,19.99
2025-08-01,P007,C0146,1,49.90
2025-12-19,P007,C0409,5,24.75
2025-09-30,P018,C0111,4,49.90
2025-08-05,P009,C0384,1,49.90
2025-06-20,P002,C0341,5,19.99
2025-02-20,P008,C0170,1,24.75
2025-03-18,P014,C0289,3,19.99
2025-10-16,P002,C0277,5,49.90
2025-02-01,P009,C0397,4,19.99
2025-08-25,P014,C0073,1,79.00
2025-08-04,P020,C0234,2,12.50
2025-05-06,P009,C0333,2,35.00
2025-10-15,P005,C0466,2,35.00
2025-03-16,P010,C0435,2,79.00
2025-08-12,P015,C0464,10,12.50
2025-06-09,P010,C0203,2,8.90
2025-08-02,P004,C0311,1,79.00
2025-01-27,P005,C0038,1,79.00
2025-12-09,P002,C0303,20,79.00
2025-10-07,P003,C0154,2,35.00
2025-03-12,P008,C0229,1,24.75
2025-07-31,P004,C0496,4,35.00
2025-02-10,P004,C0211,20,12.50
2025-09-23,P014,C0092,4,79.00
2025-07-18,P002,C0363,5,49.90
2025-10-21,P003,C0162,1,49.90
2025-01-11,P010,C0309,1,24.75
2025-02-23,P016,C0317,5,8.90
2025-04-30,P010,C0263,3,19.99
2025-02-17,P012,C0232,1,35.00
2025-09-04,P016,C0291,3,49.90
2025-02-10,P017,C0113,10,19.99
2025-09-02,P008,C0049,5,19.99
2025-04-07,P007,C0239,3,35.00
2025-04-19,P012,C0327,5,8.90
2025-03-30,P006,C0230,1,19.99
2025-03-23,P006,C0100,1,35.00
2025-08-09,P018,C0233,2,12.50
2025-03-08,P018,C0379,1,79.00
2025-04-10,P011,C0013,3,12.50
2025-09-14,P014,C0223,4,79.00
2025-08-13,P009,C0495,3,49.90
2025-07-10,P007,C0072,1,79.00
2025-07-24,P017,C0435,2,49.90
2025-10-03,P016,C0097,2,8.90
2025-05-23,P013,C0037,2,79.00
2025-03-31,P006,C0237,2,79.00
2025-02-05,P015,C0301,10,79.00
2025-03-06,P011,C0057,10,79.00
2025-08-15,P015,C0461,2,79.00
2025-10-25,P018,C0026,2,8.90
2025-06-27,P019,C0206,2,49.90
2025-07-25,P008,C0085,3,8.90
2025-05-21,P014,C0130,1,49.90
2025-10-04,P003,C0027,2,19.99
2025-11-09,P007,C0224,10,19.99
2025-10-22,P001,C0251,4,8.90
2025-03-24,P018,C0013,1,49.90
2025-12-01,P018,C0165,10,79.00
2025-10-21,P012,C0041,5,79.00
2025-02-12,P006,C0449,2,24.75
2025-10-20,P017,C0433,2,19.99
2025-07-13,P019,C0415,2,79.00
2025-07-27,P010,C0281,5,8.90
2025-05-28,P012,C0472,5,8.90
2025-01-31,P014,C0390,5,12.50
2025-05-24,P019,C0375,1,8.90
2025-09-28,P009,C0142,5,49.90
2025-07-18,P006,C0296,5,79.00
2025-10-08,P002,C0243,2,12.50
2025-12-23,P002,C0423,20,8.90
2025-04-05,P003,C0465,1,19.99
2025-06-13,P007,C0361,2,79.00
2025-12-05,P017,C0205,1,49.90
2025-05-21,P002,C0456,2,49.90
2025-02-26,P001,C0487,5,8.90
2025-06-12,P003,C0051,1,8.90
2025-04-15,P016,C0227,2,79.00
2025-11-18,P013,C0429,2,8.90
2025-10-26,P019,C0416,1,8.90
2025-11-28,P019,C0412,1,8.90
2025-01-01,P002,C0349,1,79.00
2025-05-07,P008,C0011,3,79.00
2025-11-19,P020,C0080,4,19.99
2025-06-05,P010,C0326,3,12.50
2025-05-07,P005,C0145,4,49.90
2025-12-04,P002,C0049,4,24.75
2025-09-02,P019,C0051,1,35.00
2025-06-19,P009,C0063,10,35.00
2025-09-16,P013,C0376,1,79.00
2025-04-08,P002,C0180,4,79.00
2025-10-08,P008,C0351,1,19.99
2025-09-23,P003,C0267,3,8.90
2025-05-03,P017,C0163,2,35.00
2025-12-03,P016,C0354,4,49.90
2025-05-01,P013,C0085,1,12.50
2025-08-26,P013,C0018,1,49.90
2025-07-15,P002,C0029,2,19.99
2025-02-26,P016,C0022,2,19.99
2025-12-27,P010,C0397,5,19.99
2025-05-28,P013,C0484,3,49.90
2025-10-07,P012,C0157,2,35.00
2025-03-08,P020,C0149,5,8.90
2025-07-09,P015,C0097,5,12.50
2025-02-12,P002,C0371,2,19.99
2025-11-11,P015,C0392,10,24.75
2025-03-02,P008,C0046,2,49.90
2025-12-02,P001,C0382,2,24.75
2025-05-19,P014,C0181,10,24.75
2025-09-03,P020,C0007,2,49.90
2025-02-10,P019,C0096,10,49.90
2025-07-24,P002,C0431,5,49.90
2025-03-26,P004,C0046,3,79.00
2025-05-31,P015,C0063,1,24.75
2025-09-22,P002,C0314,2,19.99
2025-05-28,P001,C0486,2,24.75
2025-05-04,P009,C0150,10,24.75
2025-06-23,P010,C0414,2,8.90
2025-01-28,P019,C0014,3,8.90
2025-04-11,P015,C0393,1,49.90
2025-02-17,P001,C0124,4,12.50
2025-05-26,P013,C0105,3,8.90
2025-12-03,P007,C0226,1,79.00
2025-07-25,P014,C0228,5,24.75
2025-04-10,P013,C0401,10,35.00
2025-01-24,P020,C0221,1,79.00
2025-08-30,P002,C0169,1,24.75
2025-10-26,P004,C0289,4,24.75
2025-08-23,P010,C0427,1,49.90
2025-06-28,P015,C0315,3,35.00
2025-07-12,P003,C0171,1,8.90
2025-07-07,P007,C0368,5,19.99
2025-02-05,P018,C0297,10,79.00
2025-06-13,P010,C0156,1,35.00
2025-04-15,P015,C0488,3,24.75
2025-12-06,P011,C0248,2,35.00
2025-02-26,P007,C0193,4,8.90
2025-09-04,P018,C0229,4,8.90
2025-07-08,P020,C0297,5,12.50
2025-06-22,P009,C0311,2,12.50
2025-03-18,P020,C0354,1,79.00
2025-10-21,P007,C0021,0,19.99
2025-10-06,P014,C0298,10,19.99
2025-01-06,P013,C0442,1,49.90
2025-03-04,P017,C0238,2,19.99
2025-08-19,P005,C0327,1,8.90
2025-09-14,P006,C0250,2,8.90
2025-05-06,P012,C0001,1,12.50
2025-11-24,P003,C0205,1,19.99
2025-06-02,P017,C0436,3,79.00
2025-10-01,P010,C0161,2,24.75
2025-08-18,P009,C0436,1,19.99
2025-09-05,P018,C0194,5,12.50
2025-05-03,P001,C0068,1,79.00
2025-10-19,P004,C0193,2,12.50
2025-02-16,P011,C0436,2,35.00
2025-01-13,P019,C0184,2,24.75
2025-04-03,P019,C0474,1,49.90
2025-06-08,P008,C0165,2,35.00
2025-02-15,P020,C0355,4,35.00
2025-04-14,P011,C0124,2,35.00
2025-02-19,P012,C0304,-2,8.90
2025-10-15,P004,C0281,1,35.00
2025-10-16,P002,C0382,4,19.99
2025-01-08,P001,C0050,1,12.50
2025-08-05,P005,C0441,1,24.75
2025-11-04,P019,C0451,10,35.00
2025-04-20,P013,C0151,4,19.99
2025-08-05,P001,C0193,1,79.00
2025-10-14,P010,C0355,2,19.99
2025-10-27,P003,C0165,3,12.50
2025-10-01,P004,C0354,5,19.99
2025-12-05,P013,C0122,3,35.00
2025-10-03,P004,C0048,1,24.75
2025-09-05,P014,C0188,4,49.90
2025-10-15,P013,C0045,2,79.00
2025-06-02,P004,C0250,2,24.75
2025-04-30,P005,C0333,1,8.90
2025-09-06,P001,C0249,5,24.75
2025-03-13,P016,C0022,10,24.75
2025-04-01,P011,C0434,5,8.90
2025-12-20,P017,C0279,5,12.50
2025-01-22,P020,C0004,2,19.99
2025-12-01,P004,C0193,1,12.50
2025-09-29,P017,C0217,3,49.90
2025-07-20,P016,C0460,1,24.75
2025-06-14,P014,C0228,1,79.00
2025-12-28,P012,C0378,1,12.50
2025-09-21,P009,C0287,2,12.50
2025-05-05,P020,C0264,3,35.00
2025-04-11,P011,C0484,2,8.90
2025-01-26,P007,C0335,1,35.00
2025-08-15,P012,C0266,3,79.00
2025-02-09,P017,C0086,4,35.00
2025-10-01,P010,C0281,4,19.99
2025-05-22,P004,C0322,5,49.90
2025-06-12,P013,C0442,2,79.00
2025-12-25,P007,C0281,2,12.50
2025-12-18,P005,C0274,1,12.50
2025-11-14,P014,C0494,5,19.99
2025-12-07,P019,C0069,4,79.00
2025-12-07,P012,C0306,1,79.00
2025-08-10,P020,C0114,10,79.00
2025-09-08,P017,C0026,4,8.90
2025-08-25,P013,C0169,1,24.75
2025-06-10,P010,C0122,4,35.00
2025-08-23,P020,C0334,2,35.00
2025-03-08,P012,C0025,1,8.90
2025-02-21,P012,C0110,2,79.00
2025-07-06,P020,C0412,1,35.00
2025-09-03,P019,C0006,2,8.90
2025-05-24,P017,C0081,10,12.50
2025-09-05,P014,C0024,2,8.90
2025-09-17,P011,C0226,5,35.00
2025-09-17,P010,C0053,1,35.00
2025-01-29,P010,C0476,2,8.90
2025-04-08,P011,C0371,5,49.90
2025-01-17,P010,C0395,20,12.50
2025-01-03,P020,C0014,5,49.90
2025-06-05,P012,C0366,1,12.50
2025-10-05,P015,C0289,3,19.99
2025-09-15,P017,C0285,2,8.90
2025-07-21,P019,C0401,2,49.90
2025-12-29,P003,C0332,20,35.00
2025-05-07,P008,C0353,5,12.50
2025-01-28,P001,C0278,3,79.00
2025-02-15,P008,C0078,3,19.99
2025-01-23,P017,C0057,1,49.90
2025-02-21,P009,,2,79.00
2025-07-09,P006,C0119,4,24.75
2025-10-27,P003,C0027,3,79.00
2025-12-07,P004,C0204,1,24.75
2025-08-16,P019,C0336,1,19.99
2025-02-17,P016,C0204,10,12.50
2025-02-15,P020,C0366,2,35.00
2025-06-23,P003,C0257,2,24.75
2025-11-22,P015,C0145,-2,8.90
2025-07-30,P002,C0186,3,12.50
2025-11-14,P014,C0104,5,79.00
2025-12-29,P012,C0121,2,8.90
2025-12-03,P020,C0111,4,8.90
2025-10-07,P020,C0297,2,49.90
2025-02-08,P001,C0497,5,8.90
2025-02-10,P018,C0451,2,24.75
2025-07-04,P017,C0133,5,8.90
2025-10-21,P010,C0452,4,35.00
2025-07-26,P016,C0002,1,12.50
2025-09-12,P001,C0401,1,49.90
2025-07-14,P012,C0166,20,19.99
2025-04-23,P009,C0077,10,35.00
2025-04-08,P009,C0445,20,24.75
2025-06-30,P014,C0173,20,24.75
2025-03-12,P015,C0433,4,49.90
2025-10-14,P006,C0006,5,49.90
2025-10-19,P017,C0023,3,12.50
2025-07-17,P011,C0465,1,24.75
2025-03-31,P008,C0489,10,24.75
2025-02-09,P013,C0414,2,19.99
2025-06-24,P019,C0081,2,24.75
2025-01-05,P011,C0190,3,8.90
2025-06-01,P017,C0181,5,49.90
2025-06-16,P014,C0337,1,8.90
2025-04-17,P018,C0374,4,8.90
2025-09-13,P003,C0436,1,24.75
2025-05-16,P008,C0255,4,12.50
2025-11-18,P016,C0316,2,12.50
2025-01-08,P008,C0396,1,12.50
2025-01-15,P008,C0196,-2,8.90
2025-08-04,P017,C0443,3,49.90
2025-04-26,P020,C0258,1,49.90
2025-05-03,P017,C0001,5,49.90
2025-04-30,P012,C0327,4,35.00
2025-03-14,P019,C0161,2,49.90
2025-01-10,P009,C0042,5,35.00
2025-07-13,P007,C0098,-2,24.75
2025-04-29,P009,C0223,5,12.50
2025-12-01,P015,C0167,10,24.75
2025-04-30,P017,C0147,2,79.00
2025-03-13,P008,C0494,4,35.00
2025-03-06,P006,C0441,10,19.99
2025-07-05,P011,C0259,10,19.99
2025-01-16,P012,C0190,1,19.99
2025-11-20,P003,C0190,2,24.75
2025-03-16,P017,C0356,3,8.90
2025-02-03,P017,C0043,4,49.90
2025-02-01,P011,C0462,3,35.00
2025-01-18,P017,C0068,2,8.90
2025-07-22,P018,C0329,1,8.90
2025-09-24,P001,C0013,2,12.50
2025-05-14,P003,C0068,5,24.75
2025-02-11,P001,C0164,1,8.90
2025-04-01,P007,C0018,2,19.99
2025-02-18,P010,C0326,3,49.90
2025-11-28,P011,C0178,3,24.75
2025-09-28,P010,C0250,2,79.00
2025-02-26,P020,C0472,1,79.00
2025-11-07,P009,C0404,4,12.50
2025-08-01,P006,C0193,4,49.90
2025-11-06,P020,C0469,1,49.90
2025-08-18,P003,C0357,5,49.90
2025-01-30,P014,C0394,1,19.99
2025-03-21,P019,C0102,20,79.00
2025-03-13,P009,C0134,4,79.00
2025-05-23,P020,C0382,4,79.00
2025-01-04,P006,C0039,2,24.75
2025-03-25,P019,C0050,2,35.00
2025-03-20,P003,C0182,2,79.00
2025-08-01,P010,C0418,4,8.90
2025-08-09,P006,C0074,3,8.90
2025-01-16,P011,C0339,2,79.00
2025-02-23,P008,C0448,2,8.90
2025-08-12,P014,C0136,5,8.90
2025-07-28,P005,C0114,1,24.75
2025-10-28,P011,C0440,2,24.75
2025-05-10,P015,C0438,1,12.50
2025-06-20,P012,C0494,5,35.00
2025-02-14,P001,C0233,2,12.50
2025-03-01,P002,C0215,10,19.99
2025-04-15,P019,C0055,1,8.90
2025-01-22,P016,C0159,1,79.00
2025-11-17,P002,C0257,4,79.00
2025-11-26,P014,C0209,4,35.00
2025-07-16,P016,C0165,3,79.00
2025-11-28,P007,C0054,3,49.90
2025-07-25,P001,C0419,3,49.90
2025-01-15,P012,C0021,10,79.00
2025-01-18,P015,C0457,5,24.75
2025-10-18,P012,C0024,5,24.75
2025-06-04,P014,C0070,2,8.90
2025-06-15,P007,C0326,3,24.75
2025-05-09,P008,C0013,3,79.00
2025-10-11,P003,C0483,2,8.90
2025-10-16,P014,C0331,1,12.50
2025-09-23,P015,C0007,1,8.90
2025-11-19,P009,C0466,2,8.90
2025-10-22,P002,C0088,20,19.99
2025-11-29,P002,C0338,20,19.99
2025-09-23,P007,C0181,2,79.00
2025-04-13,P003,C0054,3,12.50
2025-10-04,P017,C0174,3,12.50
2025-12-19,P001,C0245,20,19.99
2025-05-31,P011,C0417,2,19.99
2025-03-08,P015,C0080,3,49.90
2025-08-29,P014,C0005,10,49.90
2025-08-13,P009,C0245,2,79.00
2025-01-11,P013,C0271,2,35.00
2025-08-25,P013,C0192,5,79.00
2025-12-04,P014,C0231,4,12.50
2025-11-06,P001,C0099,1,79.00
2025-05-21,P013,C0467,10,8.90
2025-11-13,P014,C0195,2,35.00
2025-11-30,P016,C0439,1,79.00
2025-11-25,P014,C0009,2,79.00
2025-02-24,P005,C0352,4,24.75
2025-06-08,P011,C0096,4,49.90
2025-08-09,P019,C0475,1,8.90
2025-09-05,P002,C0234,5,35.00
2025-06-04,P002,C0280,3,12.50
2025-10-17,P010,C0128,1,12.50
2025-06-01,P018,C0323,3,35.00
2025-11-12,P019,C0259,5,12.50
2025-05-14,P011,C0181,3,49.90
2025-08-23,P001,C0495,10,8.90
2025-11-20,P006,C0465,2,49.90
2025-02-13,P008,C0449,1,19.99
2025-06-03,P017,C0067,10,12.50
2025-05-02,P002,C0294,2,19.99
2025-03-30,P012,C0095,2,79.00
2025-10-14,P019,C0295,3,24.75
2025-10-28,P012,C0292,2,24.75
2025-09-06,P004,C0432,1,8.90
2025-12-03,P011,C0250,2,35.00
2025-04-28,P010,C0363,2,12.50
2025-10-01,P018,C0426,10,8.90
2025-08-10,P017,C0119,1,35.00
2025-11-29,P016,C0104,5,24.75
2025-06-21,P005,C0203,5,24.75
2025-02-03,P007,C0442,5,8.90
2025-07-30,P004,C0011,5,12.50
2025-01-27,P003,C0464,4,12.50
2025-12-17,P001,C0114,3,35.00
2025-10-17,P012,C0310,3,49.90
2025-11-05,P020,C0206,3,19.99
2025-07-05,P002,C0420,1,12.50
2025-10-18,P004,C0209,3,19.99
2025-05-17,P013,C0112,2,35.00
2025-04-05,P011,C0414,4,49.90
2025-06-02,P013,C0307,1,79.00
2025-05-25,P009,C0256,3,35.00
2025-02-03,P015,C0254,4,12.50
2025-08-19,,C0442,20,8.90
2025-05-27,P015,C0314,4,49.90
2025-11-21,P019,C0237,2,49.90
2025-11-05,P010,C0264,4,35.00
2025-11-02,P015,C0063,5,35.00
2025-08-25,P005,C0451,0,49.90
2025-07-05,P009,C0111,1,24.75
2025-02-14,P009,C0254,2,49.90
2025-05-10,P003,C0432,3,12.50
2025-09-09,P018,C0220,4,24.75
2025-03-13,P018,C0140,2,8.90
2025-10-20,P013,C0222,2,19.99
2025-12-28,P002,C0468,10,35.00
2025-08-06,P006,C0166,1,49.90
2025-01-18,P016,C0223,3,12.50
2025-07-25,P012,C0058,4,12.50
2025-03-25,P009,C0247,20,35.00
2025-07-27,P009,C0183,2,24.75
2025-12-24,P010,C0199,1,12.50
2025-09-10,P007,C0302,3,8.90
2025-11-19,P009,C0306,20,24.75
2025-04-21,P004,C0007,4,12.50
2025-05-17,P019,C0435,2,24.75
2025-10-29,P009,C0259,4,79.00
2025-01-05,P011,C0347,1,49.90
2025-01-10,P010,C0333,4,79.00
2025-12-23,P006,C0086,5,35.00
2025-05-17,P016,C0385,3,35.00
2025-09-27,P012,C0223,1,19.99
2025-09-17,P006,C0432,10,24.75
2025-08-19,P020,C0059,2,24.75
2025-09-10,P007,C0292,1,49.90
2025-10-27,P017,C0173,2,35.00
2025-02-07,P005,C0381,1,8.90
2025-10-23,P006,C0311,1,24.75
2025-09-27,P007,C0269,3,79.00
2025-04-27,P012,C0255,10,35.00
2025-08-13,P010,C0374,1,12.50
2025-06-26,P005,C0392,5,49.90
2025-05-14,P015,C0426,3,8.90
2025-09-17,P020,C0033,5,12.50
2025-07-09,P020,C0368,1,79.00
2025-02-21,P006,C0310,4,79.00
2025-11-30,P002,C0007,1,19.99
2025-11-21,P017,C0203,1,12.50
2025-05-12,P017,C0374,1,12.50
2025-05-19,P020,C0478,2,8.90
2025-12-22,P006,C0118,4,79.00
2025-06-13,P001,C0486,4,19.99
2025-11-07,P008,C0399,3,8.90
2025-12-29,P002,C0423,1,35.00
2025-05-02,P019,C0140,2,8.90
2025-03-03,P008,C0146,1,8.90
2025-05-10,P006,C0311,3,24.75
2025-05-31,P004,C0367,4,19.99
2025-10-06,P010,C0496,20,12.50
2025-08-06,P012,C0260,2,79.00
2025-05-17,P013,C0349,2,79.00
2025-05-30,P002,C0441,2,79.00
2025-08-23,P006,C0104,1,79.00
2025-08-23,P002,C0381,-2,49.90
2025-07-20,P001,C0072,1,79.00
2025-04-04,P012,C0019,3,24.75
2025-04-17,P004,C0327,4,35.00
2025-09-23,P008,C0021,5,12.50
2025-11-06,P007,C0404,3,8.90
2025-05-22,P016,C0441,1,12.50
2025-08-02,P003,C0417,10,12.50
2025-03-18,P007,C0283,4,35.00
2025-10-20,P020,C0137,3,8.90
2025-07-04,P018,C0346,1,24.75
2025-11-22,P020,C0203,4,24.75
2025-04-06,P018,C0285,5,8.90
2025-08-02,P008,C0043,2,49.90
2025-12-16,P020,C0232,4,35.00
2025-09-17,P019,C0231,4,49.90
2025-08-17,P019,C0262,1,19.99
2025-12-01,P006,C0189,1,79.00
2025-06-20,P001,C0292,0,49.90
2025-03-24,P002,C0040,1,24.75
2025-04-23,P006,C0225,4,49.90
2025-02-12,P019,C0103,4,19.99
2025-04-15,P005,C0036,3,35.00
2025-04-21,P018,C0163,10,19.99
2025-09-20,P012,C0215,-2,79.00
2025-01-15,P012,C0002,5,35.00
2025-03-19,P012,C0144,1,12.50
2025-12-10,P014,C0079,1,8.90
2025-03-02,P020,C0339,2,8.90
2025-08-26,P013,C0381,1,35.00
2025-03-22,P001,C0123,2,35.00
2025-08-29,P007,C0272,4,35.00
2025-11-25,P002,C0081,2,35.00
2025-08-31,P003,C0412,2,79.00
2025-11-30,P011,C0042,1,35.00
2025-07-16,P011,C0403,10,24.75
2025-11-05,P006,C0438,2,12.50
2025-09-01,P015,C0334,5,35.00
2025-08-15,P016,C0500,1,49.90
2025-05-04,P018,C0224,3,8.90
2025-12-23,P019,C0314,1,49.90
2025-04-03,P014,C0003,3,19.99
2025-11-12,P002,C0491,5,35.00
2025-04-14,P017,C0070,1,24.75
2025-07-01,P015,C0451,5,12.50
2025-10-03,P011,C0128,2,19.99
2025-03-15,P020,C0420,10,35.00
2025-09-09,P003,C0063,1,79.00
2025-01-01,P004,C0282,1,79.00
2025-05-24,P010,C0114,1,49.90
2025-11-30,P014,C0474,4,8.90
2025-05-29,P003,C0443,5,79.00
2025-02-28,P011,C0479,3,24.75
2025-09-05,P011,C0446,2,79.00
2025-12-25,P004,C0392,0,49.90
2025-05-25,P011,C0251,1,49.90
2025-05-20,P019,C0054,4,24.75
2025-10-15,P011,C0344,1,8.90
2025-06-24,P015,C0266,1,19.99
2025-11-22,P019,C0466,10,8.90
2025-05-15,P007,C0343,20,19.99
2025-05-22,P011,C0288,2,8.90
2025-10-26,P006,C0061,1,19.99
2025-04-24,P003,C0199,5,19.99
2025-05-20,P008,C0163,3,24.75
2025-08-30,P008,C0041,1,19.99
2025-09-06,P020,C0052,5,79.00
2025-08-01,P012,C0419,3,8.90
2025-02-24,P010,C0298,1,8.90
2025-07-12,P014,C0462,2,35.00
2025-12-10,P007,C0271,4,49.90
2025-12-25,P008,C0127,3,8.90
2025-06-12,P015,C0308,1,79.00
2025-01-14,P002,C0372,2,19.99
2025-05-20,P008,C0211,1,8.90
2025-03-19,P018,C0183,1,19.99
2025-12-03,P020,C0211,1,79.00
2025-03-25,P013,C0245,10,49.90
2025-02-18,P015,C0125,1,8.90
2025-01-03,P010,C0302,1,12.50
2025-10-19,P006,C0493,3,49.90
2025-06-09,P019,C0056,2,79.00
2025-10-03,P008,C0150,0,79.00
2025-11-12,P013,C0135,5,24.75
2025-08-14,P020,C0362,10,35.00
2025-03-11,P013,C0413,2,35.00
2025-12-07,P008,C0058,1,12.50
2025-11-04,P006,C0118,20,35.00
2025-09-27,P014,C0364,1,79.00
2025-07-30,P018,C0081,1,12.50
2025-07-17,P013,C0273,0,8.90
2025-06-18,P010,C0118,5,49.90
2025-12-17,P006,C0103,3,79.00
2025-05-15,P010,C0012,5,49.90
2025-07-13,P007,C0049,3,35.00
2025-11-16,P003,C0070,5,79.00
2025-01-20,P014,C0241,1,35.00
2025-11-08,P003,C0224,4,19.99
2025-02-24,P015,C0065,10,35.00
2025-06-26,P004,C0031,4,24.75
2025-08-02,P015,C0006,2,35.00
2025-10-31,P004,C0081,1,19.99
2025-07-30,P019,C0172,0,79.00
2025-07-01,P011,C0043,1,19.99
2025-03-15,P002,C0271,4,24.75
2025-01-11,P005,C0195,10,24.75
2025-02-01,P007,C0144,1,35.00
2025-10-18,P014,C0390,10,79.00
2025-09-22,P012,C0313,4,12.50
2025-03-30,P001,C0190,1,19.99
2025-10-19,P018,C0175,1,79.00
2025-07-14,P014,C0278,5,49.90
2025-05-02,P002,C0494,5,24.75
2025-04-01,P006,C0141,1,24.75
2025-06-22,P012,C0121,1,35.00
2025-03-21,P003,C0289,3,35.00
2025-07-02,P004,C0223,1,49.90
2025-02-26,P003,C0405,1,35.00
2025-12-03,P002,C0490,0,8.90
2025-01-04,P009,C0077,4,35.00
2025-05-06,P008,C0430,4,8.90
2025-10-02,P013,C0322,4,8.90
2025-01-01,P002,C0293,-2,19.99
2025-07-27,P007,C0392,1,24.75
2025-03-20,P013,C0350,10,12.50
2025-12-09,P002,C0234,2,79.00
2025-08-23,P010,C0452,2,79.00
2025-06-06,P014,C0242,1,8.90
2025-02-18,P015,C0095,4,24.75
2025-12-27,P004,C0415,2,49.90
2025-05-19,P009,C0068,2,35.00
2025-07-20,P011,C0032,10,35.00
2025-11-07,P008,C0227,4,19.99
2025-10-28,P011,C0455,1,35.00
2025-12-26,P001,C0178,4,24.75
2025-12-01,P019,C0369,2,19.99
2025-08-07,P002,C0336,5,12.50
2025-01-06,P009,C0494,4,79.00
2025-09-26,P011,C0304,1,12.50
2025-05-08,P002,C0331,4,79.00
2025-08-22,P002,C0245,5,19.99
2025-01-07,P011,C0066,1,12.50
2025-02-03,P019,C0474,1,8.90
2025-01-28,P016,C0373,2,8.90
2025-12-06,P010,C0393,4,35.00
2025-08-24,P013,C0412,1,35.00
2025-10-07,P004,C0306,2,49.90
2025-12-21,P003,C0396,10,79.00
2025-01-27,P007,C0418,1,24.75
2025-07-06,P009,C0004,3,24.75
2025-12-19,P013,C0333,3,35.00
2025-11-07,P013,C0189,1,19.99
2025-07-07,P017,C0467,4,49.90
2025-03-23,P012,C0341,1,19.99
2025-02-04,P014,C0311,5,35.00
2025-10-17,P013,C0036,1,12.50
2025-09-12,P019,C0245,2,12.50
2025-01-17,P008,C0260,2,24.75
2025-03-17,P006,C0055,1,49.90
2025-11-09,P013,C0024,4,8.90
2025-06-28,P012,C0374,10,35.00
2025-04-14,P014,C0462,2,24.75
2025-03-03,P003,C0475,1,79.00
2025-05-05,P008,C0127,2,19.99
2025-10-15,P012,C0395,1,8.90
2025-02-07,P019,C0487,4,8.90
2025-09-17,P009,C0358,10,8.90
2025-10-18,P003,C0372,3,35.00
2025-02-07,P020,C0068,1,79.00
2025-01-27,P006,C0166,3,24.75
2025-04-22,P013,C0488,5,8.90
2025-10-05,P002,C0058,4,49.90
2025-08-08,P020,C0282,1,79.00
2025-09-04,P005,C0342,10,79.00
2025-11-27,P003,C0466,20,24.75
2025-03-20,P006,C0303,20,49.90
2025-03-17,P018,C0062,4,24.75
2025-06-11,P010,C0437,1,19.99
2025-02-12,P003,C0206,2,49.90
2025-01-22,P011,C0032,3,8.90
2025-10-16,P015,C0363,5,19.99
2025-11-10,P009,C0460,1,8.90
2025-01-08,P004,C0377,1,12.50
2025-04-19,P017,C0051,4,24.75
2025-04-09,P013,C0030,2,12.50
2025-08-03,P014,C0244,1,19.99
2025-01-28,P002,C0405,3,12.50
2025-10-06,P017,C0058,20,24.75
2025-02-19,P017,C0204,1,79.00
2025-08-26,P013,C0179,3,49.90
2025-05-22,P001,C0148,1,19.99
2025-10-17,P007,C0135,1,24.75
2025-11-13,P012,C0225,1,8.90
2025-12-06,P002,C0419,2,12.50
2025-02-16,P013,C0497,10,79.00
2025-02-15,P011,C0234,2,35.00
2025-08-15,P011,C0497,2,24.75
2025-05-07,P003,C0197,5,35.00
2025-01-31,P020,C0265,2,35.00
2025-05-19,P007,C0284,5,79.00
2025-12-16,P002,C0351,20,8.90
2025-11-18,P008,C0242,5,19.99
2025-06-30,P016,C0390,1,19.99
2025-01-09,P012,C0001,4,12.50
2025-01-07,P007,C0039,20,8.90
2025-08-01,P018,C0290,3,19.99
2025-03-25,P010,C0308,1,49.90
2025-05-15,P011,C0382,1,24.75
2025-11-28,P010,C0075,1,8.90
2025-05-25,P007,C0494,10,49.90
2025-11-30,P019,C0074,4,49.90
2025-01-17,P019,C0457,10,24.75
2025-09-27,P006,C0286,4,79.00
2025-03-14,P014,C0328,1,49.90
2025-08-29,P005,C0393,3,19.99
2025-07-26,P002,C0009,10,12.50
2025-09-01,P005,C0307,5,19.99
2025-01-12,P017,C0037,1,12.50
2025-04-19,P019,C0476,4,12.50
2025-05-09,P008,C0420,4,12.50
2025-08-22,P015,C0333,1,12.50
2025-04-27,P008,C0427,2,49.90
2025-09-12,P002,C0096,2,24.75
2025-01-01,P003,C0042,4,12.50
2025-05-06,P003,C0138,2,8.90
2025-10-11,P018,C0298,4,35.00
2025-12-11,P017,C0379,2,49.90
2025-11-07,P011,C0046,1,12.50
2025-05-22,P020,C0345,5,12.50
2025-11-06,P018,C0192,4,49.90
2025-09-03,P011,C0055,4,49.90
2025-07-27,P018,C0413,2,79.00
2025-11-13,P002,C0104,3,35.00
2025-11-11,P011,C0479,1,12.50
2025-05-08,P016,C0233,2,12.50
2025-12-27,P005,C0312,1,35.00
2025-06-27,P007,C0400,2,35.00
2025-05-10,P019,C0332,1,35.00
2025-05-01,P007,C0090,3,79.00
2025-07-10,P013,C0445,3,79.00
2025-05-08,P013,C0191,1,49.90
2025-10-08,P010,C0489,3,8.90
2025-07-30,P016,C0009,1,79.00
2025-07-22,P002,C0336,2,79.00
2025-05-29,P014,C0225,20,8.90
2025-11-17,P006,C0460,1,8.90
2025-11-19,P011,C0026,2,19.99
2025-09-18,P004,C0173,10,19.99
2025-12-14,P015,C0159,3,24.75
2025-07-09,P010,C0489,3,19.99
2025-02-27,P002,C0394,2,79.00
2025-08-07,P010,C0280,1,19.99
2025-12-09,P018,C0493,4,19.99
2025-04-02,P017,C0224,3,79.00
2025-11-03,P012,C0471,5,19.99
2025-09-01,P005,C0048,4,35.00
2025-11-18,P008,C0191,3,19.99
2025-11-03,P008,C0260,1,49.90
2025-04-11,P019,C0498,3,19.99
2025-10-28,P006,C0238,3,19.99
2025-08-19,P014,C0243,4,12.50
2025-12-24,P005,C0334,1,79.00
2025-07-12,P007,C0267,3,19.99
2025-12-27,P007,C0457,3,24.75
2025-07-25,P002,C0419,3,8.90
2025-07-28,P017,C0335,3,19.99
2025-07-02,P014,C0082,1,35.00
2025-08-06,P003,C0101,4,19.99
2025-07-22,P014,C0297,1,24.75
2025-02-08,P009,C0371,10,19.99
2025-05-05,P010,C0417,5,49.90
2025-09-29,P008,C0336,2,24.75
2025-04-20,P001,C0051,5,24.75
2025-05-14,P012,C0454,4,24.75
2025-05-30,P001,C0402,3,8.90
2025-11-28,P001,C0277,2,24.75
2025-12-08,P012,C0254,10,79.00
2025-08-23,P012,C0470,1,79.00
2025-08-26,,C0354,2,49.90
2025-05-17,P013,C0376,1,24.75
2025-12-11,P006,C0129,4,24.75
2025-02-18,P007,C0180,1,49.90
2025-10-17,P013,C0275,5,8.90
2025-03-29,P004,C0245,4,49.90
2025-06-30,P018,C0326,1,19.99
2025-04-19,P015,C0250,1,35.00
2025-02-21,P008,C0363,1,24.75
2025-01-02,P008,C0163,20,49.90
2025-05-21,P008,C0176,5,49.90
2025-03-27,P010,C0095,1,49.90
2025-06-05,P012,C0193,4,79.00
2025-09-03,P002,C0287,2,19.99
2025-12-08,P009,C0413,3,49.90
2025-09-04,P003,C0184,1,35.00
2025-12-14,P018,C0333,2,19.99
2025-01-20,P004,C0416,4,35.00
2025-11-02,P016,C0347,2,35.00
2025-01-25,P019,C0022,3,19.99
2025-06-25,P018,C0327,1,24.75
2025-03-08,P007,C0431,2,49.90
2025-03-13,P001,C0493,5,24.75
2025-07-19,P016,C0296,4,8.90
2025-07-10,P007,C0189,1,8.90
2025-10-20,P001,C0168,3,35.00
2025-07-02,P014,C0122,2,19.99
2025-11-21,P004,C0456,20,35.00
2025-02-22,P012,C0375,1,24.75
2025-08-21,P016,C0429,2,49.90
2025-03-22,P002,C0324,1,79.00
2025-10-24,P019,C0048,10,19.99
2025-02-20,P013,C0278,1,49.90
2025-09-06,P001,C0456,3,12.50
2025-02-12,P014,C0243,5,35.00
2025-03-29,P004,C0072,10,79.00
2025-10-30,P019,C0202,4,8.90
2025-04-17,P019,C0368,0,12.50
2025-06-14,P020,C0325,10,8.90
2025-06-01,P002,C0210,3,24.75
2025-12-27,P018,C0440,3,35.00
2025-11-06,P009,C0356,2,24.75
2025-05-18,P012,C0103,3,19.99
2025-05-26,P015,,2,8.90
2025-08-06,P020,C0477,3,35.00
2025-09-06,P005,C0029,1,79.00
2025-03-23,P004,C0310,3,12.50
2025-09-27,P001,C0478,2,35.00
2025-01-22,P020,C0257,1,79.00
2025-06-12,P020,C0079,2,24.75
2025-08-28,P006,C0321,1,24.75
2025-12-09,P009,C0056,4,35.00
2025-09-25,P015,C0393,10,24.75
2025-04-20,P006,C0234,20,8.90
2025-07-18,P002,C0429,3,35.00
2025-08-19,P014,C0383,3,35.00
2025-04-15,P016,C0480,3,79.00
2025-06-22,P006,C0340,4,24.75
2025-12-13,P011,C0266,3,8.90
2025-12-31,P003,C0340,5,24.75
2025-06-19,P015,C0279,4,12.50
2025-06-01,P008,C0056,1,49.90
2025-11-22,P006,C0082,1,24.75
2025-01-15,P006,C0347,1,12.50
2025-10-17,P008,C0428,5,35.00
2025-04-17,P009,C0378,2,12.50
2025-07-17,P001,C0340,2,12.50
2025-07-29,P011,C0143,1,8.90
2025-02-03,P008,C0175,5,12.50
2025-11-19,P014,C0332,3,35.00
2025-07-20,P009,C0126,10,8.90
2025-05-02,P014,C0035,2,49.90
2025-12-03,P001,C0357,3,8.90
2025-05-05,P006,C0072,3,24.75
2025-03-24,P006,C0490,2,12.50
2025-10-17,P019,C0011,4,35.00
2025-01-29,P013,C0472,20,8.90
2025-08-13,P013,C0105,4,49.90
2025-06-06,P002,C0402,2,12.50
2025-03-31,P013,C0130,5,12.50
2025-04-03,P018,C0359,20,24.75
2025-03-03,P015,C0497,2,35.00
2025-02-17,P019,C0382,1,8.90
2025-12-18,P008,C0462,20,24.75
2025-09-10,P010,C0208,5,8.90
2025-07-27,P013,C0434,-2,8.90
2025-03-16,P015,C0351,4,19.99
2025-03-09,P007,C0190,1,12.50
2025-10-20,P003,C0107,1,12.50
2025-03-24,P006,C0120,10,79.00
2025-09-21,P002,C0417,5,19.99
2025-05-10,P014,C0244,1,8.90
2025-08-01,P003,C0160,2,24.75
2025-03-02,P012,C0293,2,49.90
2025-02-26,P016,C0196,3,49.90
2025-09-07,P005,C0428,1,49.90
2025-08-22,P008,C0469,2,79.00
2025-01-04,P020,C0262,4,12.50
2025-06-11,P002,C0364,4,12.50
2025-11-18,P007,C0283,2,35.00
2025-11-16,P013,C0021,3,49.90
2025-08-02,P017,C0329,3,19.99
2025-06-24,P015,C0457,3,12.50
2025-11-13,P004,C0256,4,19.99
2025-05-18,P002,C0396,2,24.75
2025-02-03,P002,C0464,1,79.00
2025-01-25,P001,C0184,1,8.90
2025-08-17,P014,C0366,1,24.75
2025-02-05,P005,C0195,1,35.00
2025-03-11,P016,C0395,3,19.99
2025-12-03,P016,C0275,2,19.99
2025-12-15,P017,C0433,1,12.50
2025-10-28,P013,C0439,4,35.00
2025-10-17,P003,C0127,4,12.50
2025-12-09,P010,C0042,3,12.50
2025-08-06,P011,C0084,4,19.99
2025-01-10,P007,C0363,1,35.00
2025-01-04,P001,C0262,2,24.75
2025-07-05,P016,C0223,4,19.99
2025-05-18,P006,C0271,3,19.99
2025-01-13,P010,C0302,1,49.90
2025-10-16,P007,C0138,1,35.00
2025-05-07,P018,C0057,10,8.90
2025-12-28,P003,C0086,1,49.90
2025-08-02,P006,C0435,5,19.99
2025-05-11,P011,C0090,10,35.00
2025-03-10,P017,C0276,20,35.00
2025-10-20,P006,C0375,2,19.99
2025-05-02,P017,C0270,2,8.90
2025-05-14,P001,C0098,2,24.75
2025-11-24,P019,C0251,10,19.99
2025-03-05,P006,C0262,2,19.99
2025-04-28,P002,C0056,3,8.90
2025-08-10,P018,C0257,2,12.50
2025-04-03,P006,C0012,1,24.75
2025-03-12,P013,C0047,3,19.99
2025-10-23,P010,C0394,1,8.90
2025-09-24,P003,C0037,4,19.99
2025-04-10,P003,C0090,1,8.90
2025-03-20,P007,C0359,1,8.90
2025-12-24,P012,C0465,1,79.00
2025-01-13,P012,C0201,3,49.90
2025-03-22,P016,C0227,2,24.75
2025-05-01,P008,C0070,3,49.90
2025-01-23,P012,C0156,3,8.90
2025-10-27,P001,C0289,4,35.00
2025-08-07,P009,C0195,10,19.99
2025-05-02,P006,C0289,3,19.99
2025-04-10,P002,C0281,5,12.50
2025-04-16,P007,C0342,1,8.90
2025-06-29,P003,C0163,20,24.75
2025-05-24,P002,C0301,1,12.50
2025-01-20,P015,C0053,5,8.90
2025-11-17,P004,C0011,3,8.90
2025-07-14,P002,C0311,3,49.90
2025-09-20,P013,C0226,2,19.99
2025-07-06,P005,C0079,1,8.90
2025-02-22,P007,C0164,1,19.99
2025-10-13,P014,C0393,2,49.90
2025-07-30,P008,C0327,1,35.00
2025-10-11,P019,C0311,1,8.90
2025-02-02,P004,C0214,5,49.90
2025-01-26,P011,C0060,1,19.99
2025-03-31,P014,C0070,5,35.00
2025-07-29,P012,C0414,4,79.00
2025-02-26,P015,C0294,1,49.90
2025-04-23,P006,C0146,3,8.90
2025-05-28,P014,C0228,1,79.00
2025-05-18,P012,C0434,4,19.99
2025-01-19,P020,C0211,4,8.90
2025-12-09,P001,C0332,2,49.90
2025-10-13,P007,C0070,1,19.99
2025-08-25,P009,C0278,2,49.90
2025-02-18,P018,C0438,4,49.90
2025-05-22,P015,C0059,4,19.99
2025-02-16,P008,C0440,2,19.99
2025-03-30,P007,C0014,3,8.90
2025-10-04,P001,C0167,3,35.00
2025-12-16,P015,C0373,2,19.99
2025-06-25,P013,C0499,20,24.75
2025-10-12,P006,C0165,3,8.90
2025-09-25,P013,C0261,4,79.00
2025-03-13,P020,C0340,3,79.00
2025-09-12,P005,C0172,4,19.99
2025-09-12,P013,C0035,2,8.90
2025-09-13,P020,C0161,3,35.00
2025-08-17,P008,C0193,3,35.00
2025-09-07,P018,C0264,1,35.00
2025-08-25,P020,C0313,1,8.90
2025-03-22,P014,C0263,1,35.00
2025-12-30,P006,C0384,2,19.99
2025-09-18,P018,C0373,3,35.00
2025-03-17,P002,C0111,2,24.75
2025-01-08,P019,C0349,2,24.75
2025-12-01,P013,C0360,3,12.50
2025-04-27,P009,C0229,1,12.50
2025-12-10,P006,C0187,3,79.00
2025-05-13,P002,C0243,1,24.75
2025-03-24,P018,C0449,3,79.00
2025-03-11,P007,C0369,5,79.00
2025-03-24,P019,C0064,2,49.90
2025-01-03,P002,C0226,3,12.50
2025-02-15,P009,C0364,5,24.75
2025-09-01,P003,C0082,1,49.90
2025-05-03,P015,C0058,4,49.90
2025-12-13,P012,C0129,5,19.99
2025-12-22,P019,C0254,2,12.50
2025-12-27,P011,C0098,1,79.00
2025-05-09,P009,C0119,2,49.90
2025-05-03,P004,C0329,5,35.00
2025-12-23,P007,C0431,1,19.99
2025-12-03,P008,C0412,4,24.75
2025-03-06,P014,C0255,1,8.90
2025-10-10,P020,C0103,3,8.90
2025-09-09,P010,C0242,1,19.99
2025-03-07,P016,C0120,1,19.99
2025-05-16,P002,C0177,4,24.75
2025-04-30,P001,C0435,4,49.90
2025-08-06,P012,C0330,5,19.99
2025-03-28,P008,C0202,5,12.50
2025-11-26,P008,C0183,3,79.00
2025-02-16,P018,C0147,5,8.90
2025-04-10,P011,C0008,2,12.50
2025-01-06,P012,C0401,-2,12.50
2025-06-14,P007,C0459,3,19.99
2025-05-24,P009,C0479,2,35.00
2025-10-20,P003,C0395,1,24.75
2025-07-19,P018,C0247,1,35.00
2025-08-13,P002,C0163,1,24.75
2025-12-05,P001,C0403,5,49.90
2025-03-19,P010,C0437,4,12.50
2025-12-23,P010,C0320,20,19.99
2025-11-01,P004,C0036,1,79.00
2025-12-28,P020,C0118,5,24.75
2025-09-19,P002,C0050,1,79.00
2025-10-10,P003,C0016,2,49.90
2025-10-27,P011,C0394,1,8.90
2025-12-20,P003,C0101,20,24.75
2025-02-26,P005,C0233,3,49.90
2025-01-06,P020,C0069,2,8.90
2025-06-04,P006,C0415,2,8.90
2025-01-24,P006,C0025,5,49.90
2025-04-16,P008,C0069,3,12.50
2025-06-30,P008,C0105,4,35.00
2025-05-01,P019,C0030,10,24.75
2025-05-20,P010,C0014,2,79.00
2025-01-24,P019,C0476,10,49.90
2025-07-24,P006,C0158,1,8.90
2025-10-31,P001,C0354,1,24.75
2025-04-28,P017,C0042,2,35.00
2025-09-13,P014,C0055,1,19.99
2025-09-23,P002,C0049,1,35.00
2025-12-02,P014,C0046,1,24.75
2025-09-10,P005,C0154,2,19.99
2025-12-19,P002,C0149,5,24.75
2025-11-12,P009,C0318,3,12.50
2025-12-26,P004,C0084,1,35.00
2025-08-27,P001,C0065,10,12.50
2025-05-13,P010,C0365,3,8.90
2025-05-15,P002,C0310,1,12.50
2025-10-04,P006,C0331,2,35.00
2025-07-25,P018,C0036,2,79.00
2025-11-19,P019,C0344,3,19.99
2025-12-01,P017,C0314,3,8.90
2025-12-15,P001,C0429,1,35.00
2025-08-19,P017,C0352,1,12.50
2025-10-29,P020,C0219,3,8.90
2025-03-17,P001,C0157,1,49.90
2025-12-03,P018,C0120,1,49.90
2025-03-16,P014,C0161,5,12.50
2025-11-12,P006,C0253,3,49.90
2025-08-17,P001,C0008,2,12.50
2025-12-14,P004,C0500,4,8.90
2025-12-17,P002,C0029,3,79.00
2025-01-13,P009,C0241,3,19.99
2025-09-18,P012,C0073,1,35.00
2025-12-09,P014,C0454,3,12.50
2025-06-26,P012,C0321,1,49.90
2025-02-04,P011,C0232,1,49.90
2025-05-07,P001,C0079,10,24.75
2025-09-16,P009,C0171,10,49.90
2025-03-12,P003,C0421,0,49.90
2025-11-22,P016,C0160,3,19.99
2025-11-20,P016,C0074,20,12.50
2025-07-05,P018,C0388,2,49.90
2025-04-29,P014,C0226,10,35.00
2025-10-20,P008,C0100,1,35.00
2025-04-05,P016,C0043,5,12.50
2025-07-18,P007,C0329,2,12.50
2025-10-14,P012,C0081,1,8.90
2025-04-19,P015,C0420,1,24.75
2025-03-09,P017,C0022,2,35.00
2025-01-22,P004,C0379,2,49.90
2025-11-18,P018,C0114,5,35.00
2025-11-06,P011,C0011,1,8.90
2025-09-21,P003,C0446,2,19.99
2025-01-28,P010,C0142,1,35.00
2025-09-27,P003,C0207,5,24.75
2025-04-25,P018,C0047,1,24.75
2025-11-28,P003,C0319,3,79.00
2025-04-04,P018,C0327,2,8.90
2025-03-21,P014,C0306,2,24.75
2025-03-09,P005,C0474,2,12.50
2025-11-30,P001,C0284,1,12.50
2025-03-23,P011,C0316,3,49.90
2025-03-25,P017,C0367,1,79.00
2025-11-16,P019,C0326,1,24.75
2025-08-12,P011,C0154,4,24.75
2025-03-14,P012,C0408,1,35.00
2025-11-27,P005,C0061,1,79.00
2025-10-01,P008,C0119,1,79.00
2025-09-10,P017,C0091,3,12.50
2025-06-27,P019,C0181,4,35.00
2025-11-26,P015,C0451,1,24.75
2025-01-26,P001,C0281,20,35.00
2025-01-16,P011,C0159,4,79.00
2025-02-07,P015,C0128,1,24.75
2025-05-08,P017,C0179,4,24.75
2025-08-24,P001,C0251,3,79.00
2025-08-17,P020,C0404,2,49.90
2025-11-28,P009,C0060,4,35.00
2025-01-08,P015,C0451,2,8.90
2025-02-06,P001,C0330,1,19.99
2025-05-16,P011,C0427,3,12.50
2025-02-24,P007,C0179,5,8.90
2025-08-29,P003,C0145,1,19.99
2025-11-14,P008,C0402,2,79.00
2025-11-27,P018,C0457,2,12.50
2025-06-13,P012,C0397,2,19.99
2025-10-30,P015,C0275,3,35.00
2025-03-14,P003,C0436,1,49.90
2025-09-20,P017,C0200,20,49.90
2025-08-04,P020,C0073,1,79.00
2025-09-02,P003,C0309,1,12.50
2025-08-25,P001,C0382,2,12.50
2025-01-26,P002,C0231,2,35.00
2025-02-02,P013,C0445,2,49.90
2025-03-27,P005,C0333,1,8.90
2025-03-15,P011,C0416,1,35.00
2025-12-05,P008,C0068,3,24.75
2025-06-25,P007,C0034,2,79.00
2025-02-25,P002,C0284,3,49.90
2025-02-10,P009,C0465,2,24.75
2025-03-27,P015,C0205,1,19.99
2025-01-22,P009,C0042,4,35.00
2025-08-08,P007,C0147,2,79.00
2025-10-23,P005,C0422,10,8.90
2025-03-20,P015,C0022,5,8.90
2025-01-08,P017,C0240,1,24.75
2025-10-15,P011,C0013,2,8.90
2025-01-08,P002,C0225,1,19.99
2025-10-14,P011,C0337,5,19.99
2025-10-23,P016,C0188,4,24.75
2025-10-08,P004,C0448,1,12.50
2025-08-08,P016,C0354,3,35.00
2025-09-09,P004,C0120,5,49.90
2025-03-30,P001,C0144,3,24.75
2025-04-14,P015,C0439,3,49.90
2025-02-05,,C0430,2,8.90
2025-08-22,P014,C0090,2,49.90
2025-11-02,P016,C0238,1,35.00
2025-06-01,P004,C0124,4,49.90
2025-12-31,P016,C0225,1,24.75
2025-02-10,P009,C0357,3,19.99
2025-01-28,P007,C0131,2,12.50
2025-09-15,P014,C0385,1,19.99
2025-11-15,P019,C0030,5,79.00
2025-02-04,P009,C0491,10,24.75
2025-05-06,P001,C0101,2,35.00
2025-06-09,P012,C0287,1,49.90
2025-01-07,P004,C0146,5,19.99
2025-03-27,P002,C0130,5,8.90
2025-07-10,P009,C0349,5,79.00
2025-11-12,P010,C0263,2,24.75
2025-04-19,P010,C0248,10,19.99
2025-07-17,P012,C0327,1,24.75
2025-03-28,P004,C0188,2,19.99
2025-10-13,P007,C0016,3,19.99
2025-08-21,P008,C0168,20,8.90
2025-11-14,P015,C0083,5,12.50
2025-01-11,P010,C0498,4,8.90
2025-05-22,P010,C0421,2,12.50
2025-05-26,P010,C0047,10,24.75
2025-12-13,P003,C0465,1,19.99
2025-05-03,P008,C0050,1,12.50
2025-05-01,P007,C0321,1,79.00
2025-08-15,P002,C0450,1,35.00
2025-10-24,P004,C0252,1,79.00
2025-12-28,P007,C0153,2,24.75
2025-02-07,P009,C0089,5,35.00
2025-12-13,P001,C0336,10,24.75
2025-06-08,P015,C0422,1,35.00
2025-06-25,P008,C0368,4,79.00
2025-10-09,P013,C0485,4,79.00
2025-06-20,P008,C0273,10,19.99
2025-05-17,P009,C0475,2,49.90
2025-02-09,P011,C0188,2,35.00
2025-01-01,P017,C0247,2,79.00
2025-12-15,P018,C0432,2,8.90
2025-11-15,P016,C0098,4,24.75
2025-10-22,P001,C0202,0,19.99
2025-05-17,P009,C0308,4,35.00
2025-03-03,P016,C0081,1,49.90
2025-03-31,P007,C0353,1,8.90
2025-10-19,P004,C0260,1,35.00
2025-09-10,P007,C0237,1,12.50
2025-02-19,P019,C0270,3,19.99
2025-10-22,P005,C0170,1,35.00
2025-08-28,P004,C0313,1,24.75
2025-06-02,P013,C0151,3,49.90
2025-03-16,P009,C0473,1,35.00
2025-07-12,P009,C0423,2,8.90
2025-03-17,P012,C0038,2,35.00
2025-05-17,P014,C0077,4,79.00
2025-02-04,P005,C0468,3,19.99
2025-05-31,P011,C0059,3,79.00
2025-01-15,P002,C0303,3,12.50
2025-04-15,P008,C0206,1,8.90
2025-07-13,P012,C0110,3,79.00
2025-09-12,P007,C0168,3,35.00
2025-11-10,P008,C0344,1,35.00
2025-07-03,P018,C0182,2,8.90
2025-11-06,P006,C0235,3,12.50
2025-02-10,P015,C0252,1,8.90
2025-07-11,P018,C0280,4,35.00
2025-02-01,P003,C0031,1,8.90
2025-06-19,P003,C0477,2,49.90
2025-02-25,P017,C0191,5,24.75
2025-03-17,P014,C0348,2,12.50
2025-07-30,P012,C0318,1,8.90
2025-06-07,P010,C0038,4,79.00
2025-02-01,P014,C0498,5,24.75
2025-04-09,P007,C0091,1,8.90
2025-05-23,P020,C0217,2,19.99
2025-11-18,P015,C0023,1,19.99
2025-07-01,P004,C0483,3,79.00
2025-11-22,P001,C0070,2,19.99
2025-07-28,P005,C0252,2,24.75
2025-11-20,P001,C0353,3,24.75
2025-11-01,P008,C0426,-2,12.50
2025-09-24,P015,C0239,3,24.75
2025-08-28,P013,C0134,5,12.50
2025-09-23,P017,C0165,4,49.90
2025-05-23,P019,C0381,2,49.90
2025-03-07,P020,C0131,10,49.90
2025-02-26,P019,C0351,5,19.99
2025-05-19,P013,C0496,10,49.90
2025-11-13,P018,C0004,2,12.50
2025-06-24,P015,C0069,4,8.90
2025-05-10,P006,C0038,1,24.75
2025-03-07,P002,C0374,2,8.90
2025-11-30,P016,C0375,4,24.75
2025-10-15,P011,C0157,0,12.50
2025-06-24,P017,C0149,2,8.90
2025-06-23,P007,C0450,2,49.90
2025-01-20,P015,C0414,1,24.75
2025-04-11,P006,C0179,0,49.90
2025-11-14,P011,C0402,4,49.90
2025-04-06,P013,C0019,3,8.90
2025-12-28,P017,C0388,2,24.75
2025-08-07,P010,C0332,3,8.90
2025-06-21,P009,C0436,1,12.50
2025-08-02,P018,C0255,1,49.90
2025-09-26,P012,C0399,1,12.50
2025-01-30,P017,C0405,1,79.00
2025-07-31,P016,C0027,3,8.90
2025-07-10,P010,C0450,0,19.99
2025-07-06,P001,C0148,1,49.90
2025-09-10,P010,C0421,4,19.99
2025-11-21,P010,C0331,1,24.75
2025-08-24,P020,C0379,2,79.00
2025-12-09,P018,C0259,2,49.90
2025-05-06,P006,C0477,3,35.00
2025-07-01,P014,C0328,1,8.90
2025-12-08,P020,C0495,2,8.90
2025-02-24,P017,C0292,1,49.90
2025-08-04,P003,C0170,1,19.99
2025-09-06,P005,C0087,10,12.50
2025-07-15,P020,C0393,-2,24.75
2025-01-22,P017,C0480,4,12.50
2025-01-13,P013,C0256,2,49.90
2025-06-27,P019,C0054,2,8.90
2025-09-15,P007,C0416,3,35.00
2025-08-12,P015,C0334,2,79.00
2025-05-02,P011,C0015,1,12.50
2025-04-10,P003,C0297,3,49.90
2025-01-15,P002,C0237,10,49.90
2025-09-03,P017,C0054,4,35.00
2025-10-12,P015,C0167,1,35.00
2025-12-26,P001,C0156,1,8.90
2025-01-04,P008,C0100,5,35.00
2025-09-12,P002,C0488,2,8.90
2025-09-24,P001,C0222,1,49.90
2025-08-03,P001,C0437,1,12.50
2025-04-20,P009,C0174,5,19.99
2025-01-05,P016,C0109,1,79.00
2025-09-16,P019,C0118,3,24.75
2025-10-07,P013,C0214,1,19.99
2025-01-13,P018,C0047,2,24.75
2025-12-27,P018,C0109,3,79.00
2025-01-07,P004,C0271,1,19.99
2025-04-17,P015,C0123,3,12.50
2025-09-23,P011,C0051,4,79.00
2025-11-08,P020,C0193,10,19.99
2025-08-25,P012,C0073,2,35.00
2025-02-13,P001,C0494,1,35.00
2025-06-16,P015,C0114,5,35.00
2025-09-29,P003,C0315,1,8.90
2025-06-04,P013,C0164,1,19.99
2025-07-29,P004,C0163,3,79.00
2025-10-08,P004,C0146,2,35.00
2025-04-27,P003,C0249,5,49.90
2025-02-07,P008,C0196,2,19.99
2025-07-15,P004,C0138,4,19.99
2025-12-16,P019,C0241,2,79.00
2025-01-10,P004,C0406,3,12.50
2025-01-15,P019,C0015,1,49.90
2025-12-30,P007,C0451,3,49.90
2025-07-08,P006,C0187,1,8.90
2025-07-07,P004,C0096,10,79.00
2025-11-26,P008,C0310,4,49.90
2025-05-10,P017,C0197,3,8.90
2025-05-12,P009,C0053,2,8.90
2025-11-08,P009,C0249,1,24.75
2025-08-31,P017,C0327,1,24.75
2025-04-11,P002,C0471,2,19.99
2025-11-05,P015,C0479,1,49.90
2025-04-26,P006,C0040,5,79.00
2025-06-23,P020,C0170,2,49.90
2025-11-02,P001,C0260,2,79.00
2025-12-29,P001,C0463,2,79.00
2025-11-03,P008,C0188,20,19.99
2025-07-26,P005,C0277,5,35.00
2025-10-01,P017,C0028,3,19.99
2025-09-06,P008,C0394,4,79.00
2025-07-25,P013,C0030,4,12.50
2025-12-29,P019,C0268,5,8.90
2025-08-06,P007,C0233,2,19.99
2025-11-26,P020,C0434,3,8.90
2025-10-07,P012,C0496,3,49.90
2025-05-25,P018,C0390,3,8.90
2025-06-30,P016,C0089,10,8.90
2025-07-03,P017,C0303,2,8.90
2025-04-08,P019,C0332,1,8.90
2025-03-31,P015,C0195,2,79.00
2025-04-04,P020,C0500,2,24.75
2025-04-15,P006,C0186,1,24.75
2025-07-14,P019,C0166,3,24.75
2025-12-29,P012,C0032,1,79.00
2025-04-22,P020,C0414,5,24.75
2025-01-01,P012,C0030,10,79.00
2025-08-15,P005,C0425,1,19.99
2025-08-26,P020,C0025,5,8.90
2025-12-16,P012,C0306,10,79.00
2025-05-11,P004,C0175,2,35.00
2025-08-18,P009,C0201,1,19.99
2025-07-08,P008,C0318,2,19.99
2025-03-16,P019,C0162,1,19.99
2025-09-20,P017,C0245,20,49.90
2025-08-29,P020,C0109,2,49.90
2025-05-17,P016,C0441,3,24.75
2025-10-21,P006,C0265,10,24.75
2025-12-04,P001,C0241,1,19.99
2025-11-11,P012,C0315,1,79.00
2025-10-10,P005,C0135,2,79.00
2025-02-19,P012,C0355,1,19.99
2025-05-23,P006,C0107,3,8.90
2025-10-09,P016,C0268,5,8.90
2025-06-03,P005,C0237,3,49.90
2025-03-18,P020,C0382,10,8.90
2025-10-03,P002,C0184,3,12.50
2025-11-11,P012,C0452,3,79.00
2025-04-18,P018,C0380,5,49.90
2025-04-16,P005,C0445,3,24.75
2025-03-18,P017,C0394,2,49.90
2025-05-08,P008,C0235,10,79.00
2025-04-25,P004,C0089,3,35.00
2025-11-13,P004,C0310,4,8.90
2025-08-25,P015,C0138,2,12.50
2025-08-23,P007,C0116,1,35.00
2025-07-02,P020,C0259,1,24.75
2025-07-06,P014,C0167,5,24.75
2025-11-06,P002,C0036,4,8.90
2025-07-06,P010,C0053,4,24.75
2025-12-20,P014,C0066,4,35.00
2025-10-15,P017,C0341,3,49.90
2025-10-03,P017,C0293,3,35.00
2025-01-02,P007,C0077,4,24.75
2025-12-14,P012,C0481,1,19.99
2025-10-06,P015,C0261,3,24.75
2025-01-24,P012,C0292,4,49.90
2025-10-11,P002,C0150,2,49.90
2025-10-18,P004,C0336,3,79.00
2025-01-22,P014,C0426,1,79.00
2025-04-12,P019,C0371,3,24.75
2025-11-24,P009,C0282,1,24.75
2025-12-08,P007,C0014,4,49.90
2025-06-09,P005,C0389,1,49.90
2025-09-21,P020,C0119,10,35.00
2025-07-25,P012,C0024,1,19.99
2025-01-25,P001,C0473,2,35.00
2025-04-19,P020,C0381,4,24.75
2025-03-06,P012,C0050,10,12.50
2025-01-02,P013,C0176,3,19.99
2025-04-30,P010,C0069,3,19.99
2025-09-09,P007,C0181,1,8.90
2025-11-28,P018,C0044,5,49.90
2025-06-25,P002,C0267,10,12.50
2025-01-16,P015,C0137,3,79.00
2025-05-28,P019,C0065,3,35.00
2025-09-28,P008,C0260,1,19.99
2025-02-16,P006,C0432,3,49.90
2025-01-08,P005,C0042,3,79.00
2025-06-29,P009,C0290,1,49.90
2025-10-29,P011,C0138,3,79.00
2025-11-03,P009,C0040,3,12.50
2025-02-27,P001,C0485,5,8.90
2025-09-24,P009,C0057,4,49.90
2025-03-20,P018,C0333,1,19.99
2025-02-12,P020,C0130,3,79.00
2025-04-30,P004,C0494,10,49.90
2025-09-17,P018,C0008,10,8.90
2025-04-06,P006,C0208,1,49.90
2025-10-08,P001,C0187,3,19.99
2025-09-25,P007,C0285,4,19.99
2025-12-30,P002,C0413,2,49.90
2025-04-18,P010,C0492,3,8.90
2025-01-09,P017,C0052,1,12.50
2025-01-19,P003,C0488,3,12.50
2025-08-17,P008,C0425,5,12.50
2025-02-28,P010,C0381,3,79.00
2025-12-27,P006,C0068,2,19.99
2025-12-13,P009,C0498,2,19.99
2025-12-04,P001,C0035,2,12.50
2025-08-28,P015,C0105,1,19.99
2025-02-11,P005,C0274,1,24.75
2025-05-10,P014,C0066,3,79.00
2025-12-06,P011,C0315,2,12.50
2025-12-29,P019,C0236,5,24.75
2025-06-23,P014,C0013,4,49.90
2025-06-11,P006,C0113,5,49.90
2025-04-27,P016,C0183,2,12.50
2025-10-17,P016,C0132,1,79.00
2025-02-05,P012,C0241,1,8.90
2025-02-22,P015,C0033,2,79.00
2025-10-15,P007,C0407,1,49.90
2025-06-08,P010,C0108,1,24.75
2025-10-03,P004,C0109,1,49.90
2025-02-05,P016,C0481,1,79.00
2025-04-09,P012,C0250,1,8.90
2025-07-29,P019,C0303,2,49.90
2025-03-25,P016,C0394,4,12.50
2025-02-08,P015,C0060,2,12.50
2025-02-15,P010,C0362,5,24.75
2025-10-16,P007,C0457,2,19.99
2025-04-17,P017,C0470,4,19.99
2025-07-10,P003,C0217,3,19.99
2025-05-05,P018,C0466,3,49.90
2025-12-22,P007,C0179,1,24.75
2025-09-26,P010,C0102,1,12.50
2025-10-24,P020,C0396,4,19.99
2025-09-25,P018,C0023,2,35.00
2025-07-21,P003,C0428,5,79.00
2025-01-10,P008,C0262,10,49.90
2025-03-15,P016,C0224,3,35.00
2025-03-05,P007,C0283,4,79.00
2025-02-07,P009,C0002,4,49.90
2025-09-22,P002,C0371,2,49.90
2025-06-10,P016,C0233,3,49.90
2025-05-22,P015,C0380,3,49.90
2025-10-18,P005,C0432,1,24.75
2025-05-23,P004,C0429,3,8.90
2025-06-17,P012,C0468,3,79.00
2025-03-19,P010,C0477,0,24.75
2025-02-16,P013,C0485,3,8.90
2025-12-09,P020,C0054,5,49.90
2025-03-02,P010,C0169,3,24.75
2025-05-05,P012,C0002,1,49.90
2025-10-10,P007,C0032,5,79.00
2025-05-27,P018,C0198,1,24.75
2025-02-19,P001,C0444,1,49.90
2025-10-25,P011,C0125,1,35.00
2025-03-22,P003,C0216,3,35.00
2025-07-23,P016,C0193,1,35.00
2025-04-10,P015,C0055,5,12.50
2025-02-06,P001,C0439,1,12.50
2025-09-02,P013,C0404,4,35.00
2025-02-28,P014,C0464,10,35.00
2025-02-18,P020,C0316,1,35.00
2025-07-29,P012,C0170,1,12.50
2025-12-16,P016,C0449,5,12.50
2025-05-11,P008,C0472,1,79.00
2025-07-28,P015,C0408,0,79.00
2025-12-19,P001,C0403,1,24.75
2025-08-05,,C0318,5,35.00
2025-08-18,P018,C0223,2,24.75
2025-07-12,P008,C0125,1,49.90
2025-10-09,P020,C0149,1,12.50
2025-03-22,P019,C0470,4,8.90
2025-06-19,P011,C0344,20,12.50
2025-02-27,P016,C0075,10,49.90
2025-05-15,P015,C0125,1,79.00
2025-01-03,P019,C0462,2,79.00
2025-06-24,P011,C0484,2,24.75
2025-10-31,P016,C0318,2,49.90
2025-12-21,P015,C0217,10,8.90
2025-06-01,P009,C0243,5,35.00
2025-10-18,P011,C0152,3,12.50
2025-07-03,P014,C0077,3,49.90
2025-06-07,P010,C0236,2,49.90
2025-07-05,P010,C0230,5,79.00
2025-05-13,P001,C0320,5,19.99
2025-01-22,P010,C0227,4,8.90
2025-06-22,P010,C0414,2,19.99
2025-10-31,P013,C0483,4,79.00
2025-08-12,P002,C0406,2,24.75
2025-05-04,P016,C0497,1,12.50
2025-09-27,P015,C0115,1,79.00
2025-09-06,P011,C0427,1,49.90
2025-02-02,P008,C0014,2,8.90
2025-10-15,P010,C0481,3,19.99
2025-03-31,P018,C0461,3,79.00
2025-02-28,P017,C0056,3,19.99
2025-11-28,P011,C0434,10,49.90
2025-08-20,P004,C0442,1,8.90
2025-05-31,P019,C0420,3,24.75
2025-07-25,P011,C0256,4,19.99
2025-02-09,P010,C0014,4,49.90
2025-10-05,P011,C0211,5,8.90
2025-08-06,P001,C0345,2,35.00
2025-09-21,P020,C0201,2,12.50
2025-02-05,P016,C0377,2,24.75
2025-01-13,P016,C0314,2,19.99
2025-07-21,P010,C0054,20,35.00
2025-12-06,P004,C0059,1,8.90
2025-01-12,P011,C0252,1,79.00
2025-10-15,P008,C0084,1,35.00
2025-03-29,P014,C0072,5,8.90
2025-12-27,P002,C0130,2,12.50
2025-11-30,P011,C0022,0,79.00
2025-12-20,P013,C0435,1,49.90
2025-01-24,P011,C0247,2,79.00
2025-12-20,P019,C0169,3,35.00
2025-02-22,P007,C0481,4,8.90
2025-02-15,P001,C0372,1,24.75
2025-01-22,P011,C0176,1,79.00
2025-07-04,P020,C0106,5,19.99
2025-06-18,P012,C0471,2,12.50
2025-03-03,P011,C0324,1,35.00
2025-03-04,P020,C0491,1,8.90
2025-11-01,P007,C0422,3,8.90
2025-05-20,P016,C0106,5,19.99
2025-09-03,P019,C0024,4,8.90
2025-07-05,P019,C0111,2,12.50
2025-06-08,P010,C0412,5,35.00
2025-09-05,P007,C0465,3,19.99
2025-05-17,P017,C0101,2,19.99
2025-08-03,P019,C0190,5,24.75
2025-01-27,P006,C0383,3,49.90
2025-01-17,P001,C0181,3,79.00
2025-01-17,P005,C0369,10,8.90
2025-06-01,P010,C0354,3,79.00
2025-06-17,P014,C0459,10,24.75
2025-04-30,P006,C0368,1,8.90
2025-10-11,P018,C0305,10,8.90
2025-03-05,P002,C0431,3,19.99
2025-08-03,P007,C0455,1,19.99
2025-10-01,P017,C0006,3,8.90
2025-07-14,P012,C0117,2,24.75
2025-12-27,P003,C0457,1,12.50
2025-08-09,P005,C0199,1,35.00
2025-11-25,P012,C0436,1,49.90
2025-08-18,P017,C0055,1,19.99
2025-11-08,P005,C0472,1,35.00
2025-02-23,P006,C0448,3,12.50
2025-06-09,P012,C0291,2,8.90
2025-05-27,P011,C0450,3,24.75
2025-05-25,P016,C0275,1,24.75
2025-05-29,P020,C0211,1,49.90
2025-08-02,P007,C0443,4,24.75
2025-02-10,P007,C0233,1,24.75
2025-09-02,P007,C0423,3,12.50
2025-12-21,P011,C0113,1,49.90
2025-09-12,P010,C0433,3,79.00
2025-04-15,P015,C0248,3,35.00
2025-06-30,P009,C0216,1,19.99
2025-06-26,P014,C0249,1,19.99
2025-09-21,P009,C0244,2,8.90
2025-10-16,P019,C0367,5,12.50
2025-08-20,P001,C0326,3,12.50
2025-02-06,P017,C0289,2,12.50
2025-01-06,P003,C0447,5,79.00
2025-11-09,P014,C0402,1,12.50
2025-08-15,P002,C0176,1,24.75
2025-07-31,P014,C0462,4,24.75
2025-03-07,P017,C0222,5,12.50
2025-08-11,P012,C0487,3,49.90
2025-04-28,P009,C0484,4,19.99
2025-10-08,P016,C0083,10,49.90
2025-01-18,P007,C0360,10,35.00
2025-12-04,P008,C0082,1,24.75
2025-05-11,P001,C0274,10,19.99
2025-10-12,P002,C0399,5,35.00
2025-10-22,P009,C0232,2,79.00
2025-04-15,P019,C0321,2,12.50
2025-10-19,P019,C0370,1,19.99
2025-11-25,P012,C0376,1,79.00
2025-06-26,P019,C0156,5,24.75
2025-06-28,P019,C0073,3,12.50
2025-12-10,P002,C0305,1,35.00
2025-04-23,P014,C0487,20,8.90
2025-08-25,P018,C0085,5,8.90
2025-07-15,P010,C0091,5,19.99
2025-03-16,P002,C0208,1,19.99
2025-11-14,P002,C0292,2,8.90
2025-03-02,P007,C0287,1,35.00
2025-01-09,P007,C0498,1,24.75
2025-11-16,P004,C0432,3,79.00
2025-09-04,P006,C0169,4,79.00
2025-12-13,P006,C0444,1,35.00
2025-08-27,P018,C0303,3,24.75
2025-04-21,P006,C0126,3,35.00
2025-08-13,P013,C0424,10,19.99
2025-12-07,P009,C0239,3,24.75
2025-10-21,P005,C0182,3,19.99
2025-10-25,P018,C0227,3,24.75
2025-02-03,P004,C0129,1,49.90
2025-01-07,P013,C0394,2,79.00
2025-01-17,P010,C0024,1,12.50
2025-01-24,P015,C0203,1,49.90
2025-11-12,P005,C0124,2,49.90
2025-02-15,P007,C0218,1,12.50
2025-12-21,P018,C0473,2,19.99
2025-01-21,P003,C0496,1,24.75
2025-12-15,P016,C0181,1,79.00
2025-07-23,P014,C0285,1,24.75
2025-07-26,P014,C0345,1,8.90
2025-10-27,P008,C0177,3,49.90
2025-11-14,P006,C0297,1,79.00
2025-10-19,P005,C0166,1,79.00
2025-08-09,P016,C0019,20,49.90
2025-11-12,P012,C0196,2,35.00
2025-08-30,P001,C0202,4,35.00
2025-04-09,P005,C0367,3,79.00
2025-11-25,P008,C0052,2,19.99
2025-07-24,P013,C0072,1,8.90
2025-09-16,P017,C0428,1,79.00
2025-02-16,P017,C0193,10,79.00
2025-10-27,P001,C0444,1,79.00
2025-11-16,P019,C0468,2,49.90
2025-10-30,P019,C0369,3,24.75
2025-12-28,P018,C0033,2,12.50
2025-09-04,P002,C0429,4,35.00
2025-03-09,P006,C0194,4,19.99
2025-08-03,P009,C0215,1,24.75
2025-07-19,P012,C0092,3,8.90
2025-10-02,P020,C0003,3,19.99
2025-09-13,P018,C0484,1,24.75
2025-02-08,P006,C0172,1,49.90
2025-03-08,P009,C0244,1,35.00
2025-04-15,P014,C0215,1,49.90
2025-02-21,P019,C0177,2,8.90
2025-11-06,P004,C0137,3,8.90
2025-02-05,P005,C0115,4,8.90
2025-06-28,P015,C0497,2,8.90
2025-09-20,P015,C0413,5,12.50
2025-09-05,P006,C0168,4,19.99
2025-06-01,P018,C0374,2,19.99
2025-10-18,P009,C0022,1,19.99
2025-10-16,P013,C0326,1,24.75
2025-10-07,P015,C0300,3,24.75
2025-11-15,P012,C0386,5,24.75
2025-04-20,P020,C0244,2,49.90
2025-08-14,P003,C0430,1,49.90
2025-03-21,P015,C0483,1,24.75
2025-03-22,P012,C0314,10,49.90
2025-11-10,P011,C0164,2,8.90
2025-04-27,P006,C0209,2,35.00
2025-12-24,P007,C0169,2,35.00
2025-03-06,P001,C0187,3,19.99
2025-09-07,P014,C0057,2,35.00
2025-08-19,P020,C0378,1,19.99
2025-05-05,P018,C0128,2,8.90
2025-02-19,P008,C0464,4,12.50
2025-07-17,P019,C0098,3,19.99
2025-11-04,P017,C0140,3,35.00
2025-12-26,P017,C0416,2,19.99
2025-11-15,P002,C0266,2,79.00
2025-01-02,P003,C0478,4,8.90
2025-05-22,P014,C0084,4,12.50
2025-10-17,P017,C0048,2,49.90
2025-08-19,P001,C0496,1,19.99
2025-05-04,P018,C0047,2,79.00
2025-03-26,P007,C0283,5,35.00
2025-11-12,P009,C0074,1,8.90
2025-03-31,P010,C0235,2,79.00
2025-08-26,P008,C0160,4,19.99
2025-02-13,P014,C0276,1,49.90
2025-02-19,P007,C0008,20,8.90
2025-05-30,P013,C0130,2,24.75
2025-09-12,P019,C0191,2,8.90
2025-01-24,P011,C0059,3,49.90
2025-08-28,P005,C0046,2,79.00
2025-01-06,P001,C0454,5,24.75
2025-10-08,P012,C0011,2,19.99
2025-01-24,P008,C0443,3,49.90
2025-04-19,P018,C0336,3,19.99
2025-12-08,P007,C0138,2,12.50
2025-03-10,P013,C0173,2,35.00
2025-11-10,P020,C0202,3,79.00
2025-04-29,P014,C0030,3,24.75
2025-04-16,P014,C0131,20,12.50
2025-01-25,P002,C0459,3,35.00
2025-10-23,P005,C0411,2,24.75
2025-10-14,P002,C0141,2,8.90
2025-02-25,P017,C0264,4,49.90
2025-10-12,P020,C0247,2,35.00
2025-03-24,P006,C0413,3,79.00
2025-09-19,P019,C0226,3,19.99
2025-03-29,P013,C0139,-2,12.50
2025-03-09,P017,C0369,3,79.00
2025-07-29,P011,C0020,1,79.00
2025-05-07,P010,C0345,2,35.00
2025-10-05,P003,C0055,1,24.75
2025-08-27,P004,C0351,2,8.90
2025-03-08,P009,C0392,2,35.00
2025-10-22,P008,C0401,3,35.00
2025-10-31,P009,C0381,4,24.75
2025-01-03,P020,C0011,1,79.00
2025-01-19,P019,C0261,2,12.50
2025-04-11,P009,C0415,4,35.00
2025-06-09,P012,C0383,1,19.99
2025-07-22,P001,C0499,4,35.00
2025-10-28,P012,C0036,4,49.90
2025-05-22,P005,C0377,5,49.90
2025-03-21,P016,C0336,20,19.99
2025-10-29,P012,C0263,2,79.00
2025-11-16,P001,C0072,10,24.75
2025-04-03,P020,C0428,2,24.75
2025-12-22,P005,C0443,5,19.99
2025-08-24,P001,C0397,1,12.50
2025-04-22,P013,C0466,-2,12.50
2025-05-21,P008,C0142,2,35.00
2025-12-19,P009,C0242,20,8.90
2025-04-18,P008,C0261,4,8.90
2025-10-31,P004,C0201,5,49.90
2025-10-07,P007,C0360,4,79.00
2025-02-24,P001,C0185,3,79.00
2025-08-01,P012,C0056,2,79.00
2025-03-19,P020,C0371,2,24.75
2025-07-05,P008,C0081,3,19.99
2025-12-31,P007,C0194,2,24.75
2025-12-06,P001,C0452,1,49.90
2025-06-12,P010,C0345,2,19.99
2025-07-13,P013,C0192,10,19.99
2025-03-16,P008,C0273,1,8.90
2025-03-11,P012,C0112,1,24.75
2025-01-29,P016,C0141,20,19.99
2025-06-15,P019,C0263,1,19.99
2025-01-25,P006,C0228,4,12.50
2025-05-03,P019,C0487,2,24.75
2025-06-21,P002,C0443,1,8.90
2025-11-06,P019,C0459,2,19.99
2025-07-23,P018,C0461,2,24.75
2025-05-19,P019,C0375,1,35.00
2025-10-04,P007,C0144,3,79.00
2025-01-21,P008,C0486,4,8.90
2025-08-02,P004,C0316,5,24.75
2025-04-01,P017,C0151,10,79.00
2025-08-15,P013,C0267,1,19.99
2025-05-25,P003,C0369,4,19.99
2025-11-09,P017,C0411,2,49.90
2025-08-29,P002,C0024,1,35.00
2025-10-20,P002,C0499,5,49.90
2025-10-04,P010,C0314,4,79.00
2025-07-31,P012,C0239,10,79.00
2025-01-17,P008,C0385,2,79.00
2025-05-05,P005,C0171,1,35.00
2025-03-27,P018,C0412,10,79.00
2025-10-01,P007,C0232,10,35.00
2025-08-17,P016,C0045,1,8.90
2025-07-24,P003,C0390,3,79.00
2025-04-05,P016,C0448,2,79.00
2025-04-01,P010,C0298,10,8.90
2025-02-10,P019,C0129,2,19.99
2025-08-10,P020,C0016,2,8.90
2025-09-10,P016,C0443,1,79.00
2025-04-30,P018,C0111,2,79.00
2025-12-14,P019,C0089,5,8.90
2025-10-28,P006,C0057,1,12.50
2025-11-01,P014,C0413,1,12.50
2025-03-06,P004,C0329,3,8.90
2025-12-21,P020,C0279,2,79.00
2025-02-10,P013,C0419,4,24.75
2025-02-19,P019,C0167,0,24.75
2025-04-03,P011,C0287,4,49.90
2025-11-17,P008,C0374,20,19.99
2025-08-11,P016,C0233,3,79.00
2025-11-16,P020,C0382,1,24.75
2025-02-18,P020,C0344,4,49.90
2025-01-24,P013,C0074,1,35.00
2025-06-02,P014,C0237,4,79.00
2025-12-28,P006,C0080,2,24.75
2025-08-02,P007,C0149,2,24.75
2025-03-10,P014,C0236,2,8.90
2025-02-21,P015,C0383,1,8.90
2025-02-11,P010,C0134,2,8.90
2025-09-23,P018,C0182,1,79.00
2025-06-29,P007,C0417,4,24.75
2025-10-19,P009,C0420,2,19.99
2025-03-14,P006,C0378,4,19.99
2025-06-23,P006,C0062,5,19.99
2025-08-16,P003,C0061,2,79.00
2025-04-08,P008,C0385,2,8.90
2025-06-10,P013,C0163,4,24.75
2025-02-06,P017,C0198,4,35.00
2025-04-27,P007,C0471,2,79.00
2025-05-02,P006,C0421,1,49.90
2025-02-03,P019,C0247,1,24.75
2025-09-23,P007,C0480,10,8.90
2025-07-12,P014,C0008,1,35.00
2025-12-09,P006,C0157,4,12.50
2025-12-16,P010,C0096,2,24.75
2025-04-16,P010,C0146,10,8.90
2025-07-28,P009,C0357,4,19.99
2025-05-07,P005,C0484,10,8.90
2025-06-17,P002,C0186,2,8.90
2025-11-13,P016,C0455,5,19.99
2025-04-01,P013,C0018,4,79.00
2025-03-11,P002,C0479,10,35.00
2025-10-09,,C0404,1,8.90
2025-05-05,P013,C0261,10,12.50
2025-12-19,P001,C0108,5,19.99
2025-07-14,P016,C0252,3,35.00
2025-03-10,P012,C0112,5,79.00
2025-03-25,P009,C0416,4,49.90
2025-09-09,P006,C0151,20,35.00
2025-03-15,P004,C0028,2,19.99
2025-12-31,P005,C0364,2,12.50
2025-10-21,P011,C0084,1,79.00
2025-08-15,P008,C0223,1,12.50
2025-04-29,P009,C0123,5,12.50
2025-04-17,P001,C0061,2,49.90
2025-09-09,P005,C0222,2,19.99
2025-01-18,P004,C0405,5,35.00
2025-03-09,P006,C0334,2,79.00
2025-08-08,P019,C0088,2,49.90
2025-12-10,P001,C0499,1,35.00
2025-05-03,P009,C0070,5,8.90
2025-02-22,P008,C0037,1,12.50
2025-11-29,P007,C0484,2,19.99
2025-07-28,P004,C0284,2,19.99
2025-12-12,P014,C0209,1,35.00
2025-04-13,P002,C0391,1,12.50
2025-12-30,P020,C0388,1,12.50
2025-07-03,P015,C0418,2,35.00
2025-02-05,P017,C0325,3,8.90
2025-01-31,P011,C0170,2,24.75
2025-01-18,P013,C0150,2,12.50
2025-11-02,P015,C0231,2,35.00
2025-12-03,P002,C0414,10,79.00
2025-09-13,P004,C0324,1,79.00
2025-06-16,P005,C0440,3,49.90
2025-04-23,P006,C0142,5,24.75
2025-10-08,P007,C0392,2,49.90
2025-04-29,P016,C0224,1,8.90
2025-04-30,P020,C0394,2,12.50
2025-01-14,P020,C0254,10,19.99
2025-02-09,P002,C0414,1,19.99
2025-11-14,P011,C0066,10,35.00
2025-11-07,P016,C0389,3,19.99
2025-07-18,P005,C0194,1,49.90
2025-08-03,P007,C0400,4,35.00
2025-11-05,P016,C0375,1,12.50
2025-06-16,P014,C0401,2,79.00
2025-11-29,P001,C0285,3,35.00
2025-01-26,P017,C0453,1,49.90
2025-01-19,P011,C0453,3,8.90
2025-07-16,P013,C0391,1,19.99
2025-04-27,P020,C0370,1,8.90
2025-02-10,P001,C0138,1,35.00
2025-06-09,P018,C0172,2,79.00
2025-05-06,P007,C0121,1,12.50
2025-04-20,P011,C0220,3,79.00
2025-04-24,P016,C0254,2,19.99
2025-06-30,P012,C0453,1,19.99
2025-12-20,P005,C0010,3,19.99
2025-12-10,P002,C0489,20,12.50
2025-03-08,P015,C0375,3,8.90
2025-09-24,P018,C0088,4,19.99
2025-07-07,P002,C0190,5,35.00
2025-12-20,P004,C0172,5,49.90
2025-02-20,P017,C0101,4,8.90
2025-09-22,P006,C0071,2,12.50
2025-09-17,P020,C0156,2,12.50
2025-04-26,P004,C0274,0,24.75
2025-03-19,P018,C0307,3,24.75
2025-04-12,P006,C0101,3,19.99
2025-02-16,P010,C0398,3,35.00
2025-11-27,P009,C0341,1,49.90
2025-11-09,P008,C0281,3,12.50
2025-08-11,P007,C0060,2,79.00
2025-05-24,P019,C0401,3,79.00
2025-03-27,P020,C0208,1,49.90
2025-11-06,P018,C0020,2,8.90
2025-11-10,P004,C0285,1,12.50
2025-01-18,P016,C0175,3,49.90
2025-02-13,P006,C0351,3,35.00
2025-09-01,P020,C0301,3,49.90
2025-07-01,P005,C0223,4,12.50
2025-09-29,P013,C0480,4,35.00
2025-11-06,P020,C0098,3,8.90
2025-09-25,P001,C0401,2,12.50
2025-08-02,P006,C0079,4,12.50
2025-05-20,P012,C0293,10,49.90
2025-06-10,P019,C0292,1,19.99
2025-06-03,P006,C0078,3,49.90
2025-02-06,P017,C0285,2,19.99
2025-05-14,P008,C0139,10,79.00
2025-06-02,P011,C0324,3,49.90
2025-01-20,P008,C0092,3,12.50
2025-07-11,P014,C0024,1,49.90
2025-11-20,P005,C0285,10,35.00
2025-07-31,P018,C0093,2,24.75
2025-07-30,P009,C0211,10,19.99
2025-12-08,P015,C0195,2,79.00
2025-12-02,P016,C0368,4,49.90
2025-03-05,P008,C0342,4,19.99
2025-06-20,P009,C0185,2,12.50
2025-08-21,P007,C0050,3,79.00
2025-02-01,P015,C0487,5,8.90
2025-10-25,P020,C0101,4,12.50
2025-05-22,P004,C0217,5,8.90
2025-08-25,P005,C0028,3,49.90
2025-07-11,P017,C0267,1,19.99
2025-08-08,P001,C0100,2,35.00
2025-12-04,P020,C0069,1,49.90
2025-01-15,P017,C0040,2,24.75
2025-10-31,P005,C0089,2,35.00
2025-08-31,P008,C0111,1,49.90
2025-05-11,P007,C0088,1,12.50
2025-02-01,P014,C0142,1,79.00
2025-06-21,P004,C0051,1,19.99
2025-05-18,P013,C0334,5,19.99
2025-10-09,P004,C0379,1,24.75
2025-08-11,P006,C0418,4,35.00
2025-04-12,P004,C0071,3,8.90
2025-04-25,P006,C0105,2,35.00
2025-05-30,P006,C0134,4,12.50
2025-11-04,P005,C0179,2,24.75
2025-07-20,P009,C0223,3,19.99
2025-10-02,P007,C0158,4,12.50
2025-12-05,P019,C0034,3,24.75
2025-06-03,P018,C0043,20,35.00
2025-08-16,P017,C0466,1,35.00
2025-01-19,P014,C0249,1,49.90
2025-07-24,P008,C0024,1,35.00
2025-04-10,P016,C0075,10,79.00
2025-12-17,P006,C0077,4,12.50
2025-05-17,P011,C0089,2,8.90
2025-08-02,P018,C0242,4,8.90
2025-07-22,P020,C0461,4,8.90
2025-02-26,P005,C0219,1,19.99
2025-11-13,P003,C0375,1,35.00
2025-02-04,P005,C0030,1,24.75
2025-06-25,P019,C0328,5,49.90
2025-06-06,P005,C0004,3,49.90
2025-08-26,P007,C0257,3,24.75
2025-09-28,P019,C0339,4,35.00
2025-09-12,P016,C0258,1,79.00
2025-08-18,P019,C0444,-2,8.90
2025-04-22,P009,C0121,2,49.90
2025-09-22,P018,C0322,1,19.99
2025-11-25,P003,C0049,4,12.50
2025-05-22,P003,C0042,2,19.99
2025-10-01,P002,C0331,2,19.99
2025-05-06,P003,C0497,0,35.00
2025-07-15,P008,C0453,3,79.00
2025-12-01,P011,C0264,2,12.50
2025-09-18,P016,C0146,1,35.00
2025-08-24,P015,C0405,2,8.90
2025-01-14,P009,C0009,2,19.99
2025-06-03,P020,C0406,1,19.99
2025-11-01,P006,C0248,1,79.00
2025-05-08,P007,C0476,4,12.50
2025-10-24,P008,C0225,1,24.75
2025-03-22,P017,C0060,3,19.99
2025-12-22,P013,C0192,1,79.00
2025-03-19,P015,C0415,1,35.00
2025-09-07,P006,C0345,2,35.00
2025-08-17,P008,C0375,1,8.90
2025-05-23,P016,C0213,1,24.75
2025-02-28,P002,C0097,3,8.90
2025-01-11,P009,C0374,2,35.00
2025-02-10,P019,C0226,3,79.00
2025-06-21,P005,C0096,2,19.99
2025-06-10,P001,C0481,5,12.50
2025-06-29,P006,C0170,-2,19.99
2025-12-04,P006,C0371,2,12.50
2025-04-10,P003,C0073,1,79.00
2025-09-28,P016,C0167,1,12.50
2025-11-12,P019,C0466,3,8.90
2025-03-09,P016,C0075,1,79.00
2025-01-04,P018,C0451,1,35.00
2025-12-07,P016,C0212,4,24.75
2025-08-08,P003,C0027,1,12.50
2025-08-22,P020,C0176,5,8.90
2025-01-15,P009,C0045,4,19.99
2025-11-06,P016,C0257,2,12.50
2025-11-14,P006,C0351,3,12.50
2025-05-22,P003,C0202,2,12.50
2025-02-20,P009,C0195,1,19.99
2025-02-13,P017,C0346,1,49.90
2025-04-15,P019,C0189,4,35.00
2025-09-24,P018,C0399,2,8.90
2025-10-08,P005,C0357,5,49.90
2025-04-18,P015,C0200,2,79.00
2025-06-19,P019,C0055,4,49.90
2025-07-18,P001,C0416,3,49.90
2025-08-04,P019,C0435,1,49.90
2025-03-31,P013,C0093,2,79.00
2025-02-03,P002,C0291,10,24.75
2025-01-04,P018,C0232,5,12.50
2025-03-27,P015,C0321,4,19.99
2025-12-14,P004,C0001,4,49.90
2025-12-19,P009,C0128,5,35.00
2025-03-19,P010,C0083,4,35.00
2025-11-20,P015,C0308,4,8.90
2025-01-30,P002,C0062,2,12.50
2025-05-13,P008,C0422,3,19.99
2025-02-26,P006,C0179,3,12.50
2025-04-15,P019,C0296,3,35.00
2025-04-24,P003,C0347,10,24.75
2025-08-25,P011,C0135,3,12.50
2025-05-27,P007,C0372,1,24.75
2025-09-04,P005,C0355,2,19.99
2025-06-09,P013,C0459,2,12.50
2025-11-06,P005,C0438,2,24.75
2025-06-15,P002,C0237,5,35.00
2025-04-01,P013,C0072,2,79.00
2025-05-15,P014,C0329,1,24.75
2025-01-06,P019,C0053,4,8.90
2025-10-31,P015,C0209,1,8.90
2025-03-13,P005,C0291,1,79.00
2025-11-15,P015,C0448,4,24.75
2025-07-07,P011,C0198,10,8.90
2025-02-03,P017,C0358,4,12.50
2025-09-05,P008,C0092,3,12.50
2025-01-05,P002,C0366,10,79.00
2025-03-20,P012,C0317,3,8.90
2025-10-06,P008,C0302,2,8.90
2025-03-23,P009,C0049,3,8.90
2025-11-03,P003,C0252,1,35.00
2025-08-01,P002,C0155,10,49.90
2025-09-14,P004,C0348,1,19.99
2025-02-03,P005,C0473,2,19.99
2025-07-09,P009,C0188,5,19.99
2025-05-04,P016,C0168,1,8.90
2025-05-25,P006,C0019,1,24.75
2025-08-15,P012,C0374,4,49.90
2025-02-03,P007,C0243,1,35.00
2025-02-10,P004,C0068,5,8.90
2025-07-27,P007,C0268,1,12.50
2025-04-29,P018,C0088,4,79.00
2025-07-30,P003,C0118,2,49.90
2025-01-02,P013,C0167,2,35.00
2025-02-22,P012,C0095,1,35.00
2025-07-04,P003,C0432,3,24.75
2025-05-13,P004,C0253,10,79.00
2025-07-21,P005,C0380,3,79.00
2025-09-13,P013,C0027,1,8.90
2025-05-25,P017,C0164,1,8.90
2025-12-26,P013,C0222,2,24.75
2025-02-14,P003,C0368,0,79.00
2025-11-08,P015,C0430,4,19.99
2025-09-22,P003,C0367,3,24.75
2025-05-13,P020,C0122,5,35.00
2025-02-26,P016,C0112,4,24.75
2025-05-17,P003,C0094,4,24.75
2025-03-25,P018,C0475,1,79.00
2025-07-23,P012,C0405,1,8.90
2025-06-11,P010,C0051,5,8.90
2025-02-23,P014,C0045,3,19.99
2025-11-12,P020,C0437,2,35.00
2025-05-31,P006,C0395,1,24.75
2025-06-03,P016,C0298,3,12.50
2025-06-10,P003,C0022,3,35.00
2025-05-07,P019,C0443,4,12.50
2025-04-10,P006,C0486,3,8.90
2025-08-27,P004,C0220,2,35.00
2025-10-18,P011,C0040,-2,12.50
2025-05-16,P014,C0224,5,79.00
2025-11-04,P002,C0241,3,24.75
2025-09-04,P014,C0040,3,49.90
2025-07-12,P004,C0283,3,19.99
2025-08-17,P011,C0306,2,49.90
2025-11-25,P019,C0180,10,79.00
2025-09-05,P014,C0376,4,8.90
2025-08-18,P011,C0406,3,49.90
2025-09-03,P011,C0123,1,8.90
2025-12-14,P008,C0325,1,8.90
2025-01-06,P018,C0491,4,19.99
2025-10-09,P006,C0082,10,24.75
2025-12-18,P006,C0360,1,49.90
2025-09-24,P018,C0487,1,19.99
2025-08-24,P011,C0182,2,49.90
2025-05-31,P003,C0027,5,19.99
2025-01-24,P017,C0250,3,49.90
2025-05-28,P010,C0218,5,24.75
2025-09-20,P007,C0444,5,79.00
2025-04-02,P008,C0005,1,35.00
2025-06-27,P010,C0300,4,19.99
2025-11-26,P008,C0084,1,19.99
2025-11-01,P011,C0024,4,24.75
2025-10-31,P017,C0107,1,49.90
2025-01-29,P010,C0215,1,19.99
2025-01-11,P012,C0265,1,49.90
2025-03-09,P016,C0134,1,8.90
2025-10-30,P019,C0352,1,49.90
2025-01-18,P003,C0196,10,8.90
2025-02-18,P014,C0055,10,12.50
2025-05-20,P003,C0366,2,8.90
2025-07-06,P005,C0095,2,12.50
2025-01-24,P007,C0154,10,12.50
2025-12-27,P019,C0025,2,49.90
2025-01-07,P019,C0240,2,8.90
2025-06-08,P010,C0487,1,8.90
2025-09-04,P011,C0483,4,8.90
2025-03-01,P007,C0375,3,12.50
2025-01-24,P014,C0181,4,8.90
2025-06-28,P001,C0323,4,19.99
2025-03-02,P004,C0327,2,24.75
2025-01-01,P005,C0388,2,12.50
2025-06-08,P001,C0381,2,49.90
2025-11-16,P009,C0137,2,12.50
2025-05-10,P015,C0306,2,35.00
2025-06-11,P020,C0149,1,12.50
2025-09-27,P004,C0160,1,35.00
2025-04-09,P020,C0406,3,19.99
2025-10-01,P008,C0328,1,8.90
2025-06-12,P005,C0151,20,8.90
2025-08-19,P005,C0042,2,12.50
2025-12-28,P003,C0128,2,35.00
2025-02-14,P001,C0465,1,79.00
2025-11-20,P005,C0198,10,49.90
2025-11-08,P006,C0313,4,79.00
2025-04-04,P011,C0157,5,79.00
2025-10-10,P001,C0074,3,49.90
2025-05-09,P015,C0436,5,8.90
2025-08-22,P015,C0342,3,49.90
2025-09-05,P005,C0291,2,49.90
2025-07-06,P012,C0053,1,12.50
2025-05-08,P012,C0401,2,12.50
2025-02-10,P020,C0479,4,79.00
2025-09-15,P002,C0407,5,79.00
2025-10-14,P004,C0131,1,24.75
2025-12-10,P019,C0302,2,8.90
2025-10-04,P012,C0140,1,24.75
2025-08-11,P011,C0196,1,24.75
2025-02-09,P009,C0451,1,35.00
2025-01-01,P011,C0147,1,49.90
2025-01-22,P006,C0468,1,49.90
2025-11-12,P017,C0353,4,8.90
2025-08-03,P006,C0078,4,19.99
2025-07-19,P008,C0193,2,12.50
2025-10-22,P016,C0097,10,8.90
2025-08-23,P006,C0388,2,19.99
2025-12-27,P008,C0481,1,24.75
2025-05-31,P012,C0458,1,12.50
2025-03-01,P005,C0067,4,35.00
2025-11-25,P020,C0421,1,12.50
2025-07-19,P018,C0248,1,24.75
2025-01-17,P005,C0047,1,12.50
2025-06-07,P012,C0271,10,12.50
2025-10-14,P001,C0055,1,35.00
2025-05-25,P004,C0393,2,35.00
2025-11-02,,C0430,1,12.50
2025-04-08,P016,C0087,4,49.90
2025-07-17,P003,C0090,10,8.90
2025-11-08,P019,C0311,1,35.00
2025-04-17,P019,C0164,4,8.90
2025-05-06,P006,C0479,1,8.90
2025-11-26,P003,C0258,5,35.00
2025-09-11,P010,C0193,4,79.00
2025-05-08,P020,C0138,3,19.99
2025-12-05,P005,C0043,1,8.90
2025-05-05,P011,C0243,5,8.90
2025-05-22,P013,C0028,1,8.90
2025-11-04,P016,C0404,3,24.75
2025-11-22,P011,C0154,1,24.75
2025-08-23,P013,C0453,5,49.90
2025-02-10,P017,C0192,10,79.00
2025-03-02,P013,C0406,2,35.00
2025-11-21,P017,C0260,5,35.00
2025-02-10,P002,C0056,5,24.75
2025-08-16,P010,C0386,2,49.90
2025-09-03,P008,C0337,10,49.90
2025-06-07,P015,C0200,-2,24.75
2025-06-09,P011,C0008,2,12.50
2025-05-19,P001,C0446,2,19.99
2025-04-09,P008,C0455,1,19.99
2025-03-13,P011,C0230,3,19.99
2025-09-18,P004,C0370,3,79.00
2025-05-25,P007,C0204,2,24.75
2025-07-17,P013,C0415,3,24.75
2025-01-16,P019,C0361,2,12.50
2025-09-23,P002,C0120,20,49.90
2025-06-01,P006,C0041,1,24.75
2025-04-06,P014,C0302,2,49.90
2025-06-01,P009,C0166,1,35.00
2025-03-30,P008,C0416,1,8.90
2025-03-03,P005,C0192,10,49.90
2025-01-22,P015,C0314,2,12.50
2025-07-17,P002,C0413,1,35.00
2025-08-08,P017,C0148,1,49.90
2025-02-15,P017,C0093,1,35.00
2025-11-11,P003,C0113,1,24.75
2025-08-29,P012,C0148,2,19.99
2025-12-17,P020,C0274,20,12.50
2025-08-15,P010,C0078,3,24.75
2025-02-08,P018,C0002,1,49.90
2025-12-06,P013,C0127,10,35.00
2025-09-18,P019,C0356,2,49.90
2025-11-04,P019,C0220,4,12.50
2025-01-16,P014,C0371,2,8.90
2025-04-22,P020,C0273,2,79.00
2025-06-24,P002,C0347,2,24.75
2025-08-04,P015,C0423,4,8.90
2025-03-08,P010,C0356,2,35.00
2025-07-05,P006,C0318,2,12.50
2025-04-24,P004,C0497,2,24.75
2025-09-03,P001,C0449,5,35.00
2025-08-09,P019,C0060,1,12.50
2025-04-05,P007,C0406,3,24.75
2025-07-20,P015,C0063,1,24.75
2025-06-07,P006,C0431,1,12.50
2025-10-07,P006,C0156,1,49.90
2025-04-04,P002,C0278,4,12.50
2025-02-11,P004,C0022,2,19.99
2025-09-25,P013,C0497,3,8.90
2025-04-14,P002,C0077,3,12.50
2025-11-13,P016,C0205,3,12.50
2025-06-21,P009,C0344,1,8.90
2025-06-06,P013,C0296,1,12.50
2025-09-20,P005,C0083,1,19.99
2025-11-07,P012,C0152,2,35.00
2025-01-02,P013,C0346,4,79.00
2025-10-05,P017,C0183,4,19.99
2025-01-09,P019,C0119,4,12.50
2025-01-25,P015,C0285,1,35.00
2025-10-04,P008,C0433,2,79.00
2025-09-07,P005,C0284,2,8.90
2025-07-20,P016,C0259,20,24.75
2025-11-10,P010,C0010,1,12.50
2025-11-02,P016,C0500,1,35.00
2025-08-22,P002,C0217,5,79.00
2025-04-28,P013,C0062,2,12.50
2025-02-27,P008,C0417,5,24.75
2025-02-02,P002,C0133,5,8.90
2025-01-01,P014,C0352,10,35.00
2025-06-20,P017,C0153,10,35.00
2025-04-14,P011,C0356,5,49.90
2025-09-10,P015,C0206,3,24.75
2025-12-23,P006,C0292,-2,24.75
2025-03-12,P013,C0188,3,79.00
2025-06-01,P006,C0263,1,8.90
2025-11-15,P004,C0161,5,35.00
2025-12-29,P003,C0077,1,8.90
2025-03-10,P010,C0334,1,79.00
2025-02-24,P012,C0329,3,49.90
2025-03-01,P007,C0471,1,24.75
2025-12-11,P012,C0449,3,49.90
2025-11-25,P018,C0332,3,24.75
2025-03-04,P017,C0107,10,49.90
2025-11-19,P012,C0059,1,49.90
2025-06-20,P017,C0203,1,79.00
2025-03-21,P006,C0352,3,49.90
2025-07-09,P019,C0095,5,8.90
2025-02-23,P005,C0232,2,79.00
2025-05-23,P006,C0097,20,79.00
2025-04-06,P014,C0079,2,49.90
2025-06-27,P020,C0109,2,8.90
2025-05-12,P020,C0281,10,79.00
2025-06-15,P013,C0259,-2,79.00
2025-06-24,P012,C0310,2,79.00
2025-02-05,P003,C0360,5,79.00
2025-06-16,P008,C0069,3,19.99
2025-04-05,P001,C0036,2,12.50
2025-05-22,P011,C0132,2,8.90
2025-02-17,P012,C0045,2,49.90
2025-12-19,P012,C0314,2,19.99
2025-08-16,P017,C0398,2,12.50
2025-10-10,P019,C0057,2,49.90
2025-12-26,P013,C0363,10,49.90
2025-04-19,P016,C0209,2,79.00
2025-11-26,P005,C0081,5,35.00
2025-11-09,P009,C0189,1,79.00
2025-11-23,P013,C0173,5,8.90
2025-03-31,P016,C0344,1,24.75
2025-11-30,P013,C0041,5,35.00
2025-09-03,P003,C0326,2,8.90
2025-06-02,P012,C0008,1,49.90
2025-04-23,P009,C0460,1,79.00
2025-01-18,P017,C0229,5,12.50
2025-05-25,P011,C0397,5,19.99
2025-11-04,P010,C0148,2,19.99
2025-03-15,P018,C0073,5,79.00
2025-01-28,P007,C0324,1,8.90
2025-10-06,P017,C0491,4,24.75
2025-07-29,P011,C0137,3,12.50
2025-11-01,P013,C0204,3,19.99
2025-05-22,P014,C0164,1,8.90
2025-06-23,P019,C0228,-2,24.75
2025-09-07,P008,C0433,3,8.90
2025-06-21,P015,C0165,5,79.00
2025-08-08,P012,C0435,10,12.50
2025-12-04,P014,C0394,2,49.90
2025-07-25,P013,C0480,1,8.90
2025-03-08,P012,C0226,1,8.90
2025-03-26,P019,C0013,3,49.90
2025-05-22,P013,C0312,2,35.00
2025-12-24,P002,C0239,1,24.75
2025-12-10,P016,C0407,3,49.90
2025-10-13,P008,C0227,10,8.90
2025-11-16,P005,C0050,10,12.50
2025-09-08,P007,C0263,2,8.90
2025-11-20,P006,C0215,2,24.75
2025-04-07,P010,C0047,5,19.99
2025-05-15,P018,C0039,2,49.90
2025-11-10,P012,C0378,1,79.00
2025-03-15,P018,C0456,1,19.99
2025-05-15,P013,C0026,4,8.90
2025-06-09,P010,C0457,2,49.90
2025-07-10,P006,C0290,3,35.00
2025-02-24,P013,C0173,4,19.99
2025-01-22,P012,C0157,3,49.90
2025-11-18,P003,C0360,2,35.00
2025-06-09,P011,C0131,2,8.90
2025-03-18,P019,C0389,3,35.00
2025-10-30,P016,C0073,20,8.90
2025-03-07,P016,C0482,1,79.00
2025-07-22,P019,C0323,2,49.90
2025-01-23,P004,C0419,4,35.00
2025-10-18,P012,C0174,4,35.00
2025-12-11,P017,C0268,2,35.00
2025-08-26,P007,C0434,1,24.75
2025-03-23,P011,C0379,1,49.90
2025-08-07,P018,C0244,2,12.50
2025-09-18,P013,C0247,2,12.50
2025-04-30,P011,C0293,10,8.90
2025-09-22,P011,C0258,1,12.50
2025-04-21,P011,C0368,1,12.50
2025-06-23,P009,C0314,4,19.99
2025-10-01,P001,C0413,4,79.00
2025-11-08,P018,C0218,3,19.99
2025-03-11,P018,C0429,1,35.00
2025-10-29,P014,C0092,1,19.99
2025-04-06,P008,C0260,1,35.00
2025-06-03,P008,C0122,2,8.90
2025-09-11,P017,C0363,1,49.90
2025-09-08,P003,C0392,4,8.90
2025-03-15,P005,C0398,1,79.00
2025-06-16,P010,C0256,3,24.75
2025-02-03,P015,C0058,4,24.75
2025-12-07,P007,C0246,1,49.90
2025-11-17,P016,C0126,2,12.50
2025-12-31,P003,C0375,2,79.00
2025-10-07,P020,C0264,2,19.99
2025-06-16,P020,C0473,4,35.00
2025-05-21,P015,C0342,2,8.90
2025-03-03,P015,C0433,1,8.90
2025-12-07,P007,C0416,2,24.75
2025-08-03,P002,C0271,4,35.00
2025-09-01,P015,C0422,10,79.00
2025-11-09,P009,C0485,1,19.99
2025-07-08,P006,C0099,1,12.50
2025-08-20,P002,C0240,2,19.99
2025-06-04,P002,C0462,1,49.90
2025-03-12,P010,C0345,5,35.00
2025-09-28,P004,C0474,4,12.50
2025-05-26,P012,C0033,4,79.00
2025-12-29,P003,C0229,1,49.90
2025-08-07,P010,C0426,1,35.00
2025-02-01,P005,C0056,3,8.90
2025-04-22,P014,C0184,3,79.00
2025-03-24,P012,C0434,1,49.90
2025-01-25,P020,C0030,1,49.90
2025-05-16,P010,C0091,3,49.90
2025-01-20,P011,C0079,3,49.90
2025-04-30,P008,C0011,10,49.90
2025-05-26,P006,C0441,20,8.90
2025-08-25,P013,C0458,3,12.50
2025-07-17,P006,C0118,4,79.00
2025-02-16,P016,C0418,3,19.99
2025-10-12,P007,C0317,2,79.00
2025-04-07,P006,C0179,5,19.99
2025-10-13,P005,C0431,4,35.00
2025-12-29,P006,C0403,4,35.00
2025-04-13,P011,C0197,2,24.75
2025-06-05,P001,C0435,3,8.90
2025-01-05,P019,C0342,4,19.99
2025-01-15,P006,C0173,1,24.75
2025-01-26,P007,C0479,1,79.00
2025-06-17,P009,C0012,3,35.00
2025-09-11,P002,C0251,3,49.90
2025-06-02,P016,C0008,2,79.00
2025-01-17,P013,C0212,4,35.00
2025-06-07,P013,C0360,1,79.00
2025-09-25,P014,C0193,1,8.90
2025-12-21,P002,C0206,2,24.75
2025-10-06,P018,C0197,3,35.00
2025-12-02,P009,C0022,20,79.00
2025-02-27,P015,C0458,1,12.50
2025-01-27,P006,C0102,3,35.00
2025-01-22,P007,C0146,3,35.00
2025-11-28,P004,C0246,4,35.00
2025-10-29,P010,C0231,2,19.99
2025-05-17,P018,C0355,2,35.00
2025-12-19,P019,C0080,4,79.00
2025-06-29,P001,C0169,2,24.75
2025-08-15,P009,C0387,2,35.00
2025-04-09,P003,C0264,5,35.00
2025-12-14,P007,C0443,1,79.00
2025-12-03,P018,C0429,3,35.00
2025-12-17,P007,C0195,10,8.90
2025-02-24,P002,C0276,2,12.50
2025-06-19,P018,C0487,1,12.50
2025-05-06,P012,C0485,5,49.90
2025-10-13,P015,C0325,20,35.00
2025-09-18,P009,C0495,2,24.75
2025-09-30,P007,C0003,2,8.90
2025-09-08,P002,C0060,1,8.90
2025-10-15,P012,C0182,1,24.75
2025-02-13,P013,C0327,1,24.75
2025-05-03,P008,C0388,4,35.00
2025-04-08,P002,C0269,5,35.00
2025-07-16,P009,C0167,2,49.90
2025-12-22,P016,C0476,2,49.90
2025-10-20,P016,C0368,3,19.99
2025-02-16,P006,C0463,10,8.90
2025-01-18,P010,C0138,3,79.00
2025-02-24,P011,C0130,5,49.90
2025-06-12,P011,C0358,3,35.00
2025-11-06,P013,C0271,2,79.00
2025-12-21,P017,C0112,3,12.50
2025-04-27,P014,C0379,2,24.75
2025-05-25,P018,C0215,3,12.50
2025-09-23,P008,C0236,2,8.90
2025-01-13,P019,C0486,10,79.00
2025-08-04,P010,C0311,5,24.75
2025-05-27,P020,C0200,1,24.75
2025-02-18,P012,C0352,2,35.00
2025-09-20,P005,C0369,3,19.99
2025-07-16,P010,C0004,1,8.90
2025-07-31,P014,C0307,5,8.90
2025-04-10,P017,C0027,4,35.00
2025-08-13,P005,C0084,5,12.50
2025-10-20,P006,C0098,4,79.00
2025-06-13,P020,C0221,3,24.75
2025-10-03,P012,C0348,1,49.90
2025-06-21,P003,C0048,10,79.00
2025-07-04,P004,C0418,2,35.00
2025-07-06,P002,C0070,5,12.50
2025-04-30,P020,C0365,1,19.99
2025-02-28,P005,C0496,5,35.00
2025-10-12,P012,C0095,10,12.50
2025-01-14,P007,C0487,2,35.00
2025-09-28,P017,C0444,10,24.75
2025-04-03,P009,C0052,5,49.90
2025-10-28,P005,C0324,4,35.00
2025-05-12,P003,C0410,1,35.00
2025-12-18,P001,C0398,1,12.50
2025-07-07,P001,C0452,4,19.99
2025-01-27,P020,C0215,1,12.50
2025-05-07,P008,C0382,2,79.00
2025-01-05,P017,C0409,5,49.90
2025-01-20,P017,C0248,5,79.00
2025-10-31,P015,C0321,3,19.99
2025-03-19,P017,C0160,1,12.50
2025-11-27,P002,C0225,4,79.00
2025-05-12,P004,C0117,3,35.00
2025-01-23,P018,C0418,3,35.00
2025-11-13,P008,C0033,5,24.75
2025-01-12,P006,C0447,4,8.90
2025-10-26,P004,C0256,3,24.75
2025-01-12,P008,C0336,1,12.50
2025-10-23,P018,C0008,4,12.50
2025-07-10,P018,C0172,1,24.75
2025-04-16,P014,C0329,4,12.50
2025-05-02,P012,C0380,10,49.90
2025-04-01,P017,C0106,3,49.90
2025-08-09,P016,C0051,2,49.90
2025-11-07,P005,C0200,2,35.00
2025-04-21,P005,C0245,4,24.75
2025-01-04,P007,C0174,4,8.90
2025-09-12,P009,C0097,4,49.90
2025-07-25,P019,C0115,2,79.00
2025-07-07,P013,C0027,1,19.99
2025-10-29,P019,C0439,5,12.50
2025-03-12,P020,C0320,4,24.75
2025-10-23,P018,C0117,3,12.50
2025-10-05,P004,C0214,1,19.99
2025-08-17,P013,C0445,5,49.90
2025-07-02,P011,C0361,0,79.00
2025-04-30,P002,C0059,3,49.90
2025-09-26,P010,C0145,5,19.99
2025-12-11,P020,C0358,10,8.90
2025-06-23,P006,C0360,2,79.00
2025-10-04,P009,C0039,3,12.50
2025-10-13,P004,C0270,1,49.90
2025-04-16,P003,C0330,2,49.90
2025-06-12,P007,C0289,10,24.75
2025-10-20,P020,C0468,1,49.90
2025-07-16,P018,C0154,5,49.90
2025-08-21,P008,C0242,5,12.50
2025-03-05,P014,C0395,2,49.90
2025-06-12,P002,C0171,4,19.99
2025-01-04,P001,C0198,1,79.00
2025-11-21,P015,C0380,1,19.99
2025-09-14,P002,C0273,-2,79.00
2025-04-11,P005,C0035,20,49.90
2025-10-09,P008,C0131,3,24.75
2025-11-16,P009,C0169,4,24.75
2025-07-19,P014,C0248,3,35.00
2025-03-09,P004,C0020,2,79.00
2025-11-24,P011,C0441,2,24.75
2025-09-15,P017,C0094,3,19.99
2025-09-12,P010,C0045,4,35.00
2025-10-27,P018,C0391,5,49.90
2025-08-15,P005,C0435,2,24.75
2025-08-24,P006,C0140,3,8.90
2025-05-05,P010,C0048,10,35.00
2025-12-27,P001,C0457,1,79.00
2025-02-13,P010,C0265,-2,12.50
2025-11-26,P008,C0155,3,79.00
2025-08-27,P005,C0408,5,79.00
2025-09-06,P020,C0028,3,24.75
2025-05-23,P014,C0309,3,8.90
2025-12-09,P005,C0345,3,35.00
2025-06-10,P001,C0235,1,12.50
2025-03-05,P013,C0323,5,12.50
2025-04-25,P007,C0065,1,12.50
2025-07-02,P003,C0070,-2,19.99
2025-11-13,P004,C0307,2,79.00
2025-08-11,P011,C0135,1,35.00
2025-02-04,P017,C0314,5,12.50
2025-04-01,P005,C0004,4,49.90
2025-12-23,P020,C0427,3,8.90
2025-12-16,P003,C0363,2,8.90
2025-07-18,P010,C0058,2,49.90
2025-08-22,P018,C0498,1,24.75
2025-12-11,P001,C0444,1,49.90
2025-10-09,P017,C0127,4,8.90
2025-02-18,P008,C0349,4,12.50
2025-01-30,P011,C0172,1,49.90
2025-07-19,P020,C0192,1,24.75
2025-06-21,P003,C0442,3,8.90
2025-02-14,P014,C0442,1,8.90
2025-09-08,P016,C0042,4,49.90
2025-12-13,P005,C0224,2,49.90
2025-12-02,P020,C0188,4,12.50
2025-01-16,P012,C0474,2,49.90
2025-02-12,P019,C0029,5,79.00
2025-09-01,P002,C0352,10,49.90
2025-03-28,P020,C0095,2,35.00
2025-12-30,P008,C0395,1,49.90
2025-10-15,P020,C0471,2,8.90
2025-03-27,P007,C0215,4,49.90
2025-03-08,P004,C0346,2,79.00
2025-10-25,P016,C0378,1,35.00
2025-08-06,P015,C0174,5,24.75
2025-04-06,P004,C0040,1,8.90
2025-08-04,P018,C0385,1,8.90
2025-05-11,P015,C0334,3,19.99
2025-12-13,P014,C0044,1,24.75
2025-04-11,P006,C0099,1,8.90
2025-12-27,P004,C0050,4,35.00
2025-05-31,P001,C0469,4,8.90
2025-10-27,P003,C0255,1,24.75
2025-06-29,P018,C0468,2,19.99
2025-01-17,P008,C0361,3,35.00
2025-12-15,P011,C0418,5,12.50
2025-05-06,P020,C0474,3,49.90
2025-08-01,P001,C0468,2,24.75
2025-04-14,P003,C0214,2,79.00
2025-11-13,P003,C0084,1,24.75
2025-11-06,P005,C0018,5,19.99
2025-05-19,P006,C0014,10,35.00
2025-06-22,P001,C0008,2,35.00
2025-02-19,P012,C0025,1,35.00
2025-01-31,P001,C0022,2,79.00
2025-04-10,P010,C0339,5,35.00
2025-07-02,P020,C0307,10,8.90
2025-01-22,P008,C0377,2,12.50
2025-10-27,P003,C0435,3,19.99
2025-10-08,P020,C0050,1,19.99
2025-03-12,P017,C0135,10,19.99
2025-08-20,P010,C0249,3,12.50
2025-04-05,P008,C0318,3,8.90
2025-11-06,P014,C0469,1,79.00
2025-05-10,P016,C0256,4,35.00
2025-05-24,P010,C0345,1,8.90
2025-01-23,P012,C0426,4,12.50
2025-01-04,P020,C0222,4,79.00
2025-08-03,P013,C0038,0,8.90
2025-06-18,P014,C0096,3,79.00
2025-12-24,P012,C0200,20,12.50
2025-07-22,P001,C0091,2,49.90
2025-06-27,P002,C0313,4,49.90
2025-09-11,P012,C0330,1,79.00
2025-08-02,P006,C0179,2,19.99
2025-10-28,P005,C0102,3,8.90
2025-09-21,P008,C0433,1,12.50
2025-10-10,P013,C0464,2,8.90
2025-03-24,P001,C0296,1,8.90
2025-09-16,P005,C0008,3,8.90
2025-03-05,P017,C0447,2,49.90
2025-12-05,P007,C0222,3,8.90
2025-03-18,P010,C0448,2,49.90
2025-11-15,P020,C0437,3,12.50
2025-01-10,P010,C0016,1,49.90
2025-02-12,P012,C0121,1,24.75
2025-11-17,P006,C0026,2,8.90
2025-06-19,P012,C0490,2,35.00
2025-06-22,P010,C0213,5,8.90
2025-01-11,P008,C0215,3,79.00
2025-11-30,P014,C0335,3,49.90
2025-02-05,P012,C0129,3,49.90
2025-05-25,P010,C0169,3,24.75
2025-02-23,P013,C0484,10,79.00
2025-11-13,P017,C0249,3,24.75
2025-05-17,P008,C0284,4,8.90
2025-07-21,P011,C0100,3,8.90
2025-04-18,P019,C0245,5,19.99
2025-05-23,P014,C0022,1,79.00
2025-10-20,P017,C0349,5,49.90
2025-02-01,P008,C0092,1,8.90
2025-05-21,P013,C0315,3,49.90
2025-02-15,P018,C0226,3,79.00
2025-03-02,P005,C0348,4,49.90
2025-10-12,P019,C0165,2,49.90
2025-01-21,P007,C0437,2,49.90
2025-04-24,P006,C0224,4,12.50
2025-08-19,P011,C0042,1,35.00
2025-05-27,P007,C0105,5,12.50
2025-01-11,P013,C0411,5,49.90
2025-06-30,P007,C0275,3,8.90
2025-12-01,P006,C0185,2,8.90
2025-09-02,P011,C0277,4,24.75
2025-02-18,P001,C0397,4,79.00
2025-08-10,P013,C0393,10,35.00
2025-12-25,P019,C0184,2,35.00
2025-09-02,P001,C0223,2,8.90
2025-04-22,P007,C0441,3,35.00
2025-06-15,P011,C0171,5,24.75
2025-02-16,P013,C0192,2,49.90
2025-08-12,P017,C0261,10,12.50
2025-12-21,P014,C0347,4,8.90
2025-10-03,P019,C0443,5,12.50
2025-03-31,P015,C0345,4,24.75
2025-09-11,P003,C0168,2,49.90
2025-06-21,P009,C0259,2,8.90
2025-08-08,P002,C0045,1,8.90
2025-09-21,P010,C0456,2,19.99
2025-10-10,P013,C0302,4,35.00
2025-09-17,P007,C0136,5,49.90
2025-09-17,P017,C0437,1,24.75
2025-01-12,P004,C0013,5,19.99
2025-04-16,P014,C0139,4,12.50
2025-12-04,P018,C0058,3,35.00
2025-10-01,P010,C0303,0,35.00
2025-10-22,P006,C0005,2,24.75
2025-01-22,P006,C0135,2,12.50
2025-10-21,P018,C0270,4,8.90
2025-03-19,P016,C0232,1,79.00
2025-02-09,P002,C0484,2,8.90
2025-06-21,P014,C0112,2,35.00
2025-03-25,P015,C0165,10,49.90
2025-07-30,P007,C0098,5,19.99
2025-03-31,P008,C0302,3,79.00
2025-05-07,P003,C0422,1,24.75
2025-06-07,P007,C0162,4,24.75
2025-06-28,P016,C0173,1,35.00
2025-11-02,P010,C0108,5,19.99
2025-08-11,P020,C0020,2,19.99
2025-09-29,P005,C0026,1,24.75
2025-01-05,P015,C0289,10,49.90
2025-10-06,P008,C0492,4,79.00
2025-09-08,P004,C0141,1,12.50
2025-12-30,P010,C0338,5,19.99
2025-11-03,P015,C0374,5,8.90
2025-01-06,P004,C0050,2,24.75
2025-02-11,P006,C0386,4,19.99
2025-08-24,P020,C0172,5,24.75
2025-12-24,P014,C0425,3,79.00
2025-11-23,P008,C0132,5,24.75
2025-04-10,P006,C0086,4,79.00
2025-03-24,P017,C0323,2,19.99
2025-11-02,P011,C0214,1,79.00
2025-04-23,P002,C0044,4,8.90
2025-09-07,P003,C0003,4,35.00
2025-11-03,P007,C0173,1,35.00
2025-01-21,P012,C0466,2,49.90
2025-06-18,P004,C0448,3,19.99
2025-06-10,P013,C0467,1,24.75
2025-02-21,P010,C0145,3,79.00
2025-09-18,P015,C0277,3,8.90
2025-05-26,P017,C0471,1,24.75
2025-04-30,P020,C0448,2,79.00
2025-04-29,P009,C0171,-2,79.00
2025-02-19,P009,C0067,4,24.75
2025-10-21,P017,C0331,-2,35.00
2025-10-15,P013,C0005,1,8.90
2025-06-11,P012,C0176,4,19.99
2025-09-05,P005,C0468,4,19.99
2025-05-22,P001,C0081,0,24.75
2025-08-12,P004,C0414,1,24.75
2025-05-20,P014,C0131,20,12.50
2025-02-25,P013,C0117,5,24.75
2025-04-03,P014,C0128,2,35.00
2025-04-04,P020,C0303,1,24.75
2025-11-30,P006,C0234,2,8.90
2025-01-28,P016,C0329,10,24.75
2025-01-06,P009,C0356,1,12.50
2025-07-31,P016,C0258,5,35.00
2025-11-23,P019,C0397,1,24.75
2025-06-12,P017,C0248,1,8.90
2025-02-22,P006,C0074,5,19.99
2025-11-14,P010,C0143,20,12.50
2025-04-19,P011,C0258,2,8.90
2025-01-16,P002,C0467,10,49.90
2025-07-13,P015,C0027,2,79.00
2025-01-20,P001,C0160,2,49.90
2025-01-03,P013,C0109,3,8.90
2025-03-31,P016,C0365,2,49.90
2025-08-16,P017,C0311,20,49.90
2025-10-03,P011,C0368,1,35.00
2025-11-12,P009,C0157,4,49.90
2025-03-28,P005,C0232,1,79.00
2025-10-25,P012,C0231,1,79.00
2025-03-25,P001,C0101,4,79.00
2025-05-19,P010,C0448,2,49.90
2025-02-16,P010,C0010,10,12.50
2025-08-30,P019,C0365,2,8.90
2025-05-23,P008,C0085,0,8.90
2025-07-22,P010,C0284,5,49.90
2025-08-24,P016,C0050,5,79.00
2025-03-11,P011,C0405,2,12.50
2025-03-03,P012,C0355,2,79.00
2025-10-26,P005,C0467,3,19.99
2025-06-11,P020,C0267,2,24.75
2025-06-21,P017,C0394,3,49.90
2025-01-21,P008,C0426,1,8.90
2025-04-18,P002,C0425,20,49.90
2025-05-08,P005,C0307,1,12.50
2025-12-12,P020,C0053,1,49.90
2025-01-25,P012,C0069,1,19.99
2025-12-27,P005,C0350,3,12.50
2025-06-16,P011,C0411,4,12.50
2025-05-29,P011,C0477,2,12.50
2025-04-29,P020,C0113,3,8.90
2025-07-23,P012,C0203,10,24.75
2025-02-22,P009,C0248,4,24.75
2025-05-10,P014,C0051,4,19.99
2025-03-05,P005,C0416,2,49.90
2025-07-29,P009,C0139,4,8.90
2025-12-12,P014,C0019,2,8.90
2025-07-12,P009,C0025,2,12.50
2025-11-16,P020,C0142,5,8.90
2025-05-16,P016,C0038,1,19.99
2025-01-04,P018,C0209,4,35.00
2025-12-05,P013,C0281,2,49.90
2025-05-04,P002,C0108,1,79.00
2025-08-03,P016,C0452,3,24.75
2025-11-22,P005,C0416,20,19.99
2025-12-30,P012,C0068,1,12.50
2025-09-23,P012,C0017,2,8.90
2025-06-05,P016,C0138,4,24.75
2025-11-11,P009,C0404,5,35.00
2025-10-05,P007,C0453,10,24.75
2025-03-02,P015,C0270,2,24.75
2025-02-10,P005,C0311,3,12.50
2025-07-15,P019,C0059,2,19.99
2025-04-30,P016,C0082,1,35.00
2025-03-15,P006,C0001,4,24.75
2025-06-25,P012,C0236,2,12.50
2025-02-25,P003,C0464,0,49.90
2025-09-18,P011,C0084,2,35.00
2025-05-05,P009,C0387,5,12.50
2025-12-18,P018,C0330,1,49.90
2025-09-23,P008,C0039,4,8.90
2025-04-16,P016,C0400,10,35.00
2025-02-01,P010,C0030,2,8.90
2025-01-16,P018,C0423,1,49.90
2025-07-12,P012,C0184,2,8.90
2025-10-20,P009,C0408,4,49.90
2025-10-23,P002,C0303,4,35.00
2025-08-10,P012,C0025,2,79.00
2025-07-13,P011,C0424,2,12.50
2025-10-07,P003,C0227,5,8.90
2025-09-04,P003,C0298,3,49.90
2025-08-15,P013,C0259,1,24.75
2025-01-18,P017,C0160,2,12.50
2025-04-20,P017,C0082,2,24.75
2025-10-29,P017,C0371,3,35.00
2025-01-03,P020,C0354,2,79.00
2025-02-20,P019,C0368,1,8.90
2025-02-25,P009,C0427,1,19.99
2025-04-18,P003,C0447,2,24.75
2025-02-20,P006,C0119,1,24.75
2025-01-23,P004,C0416,10,19.99
2025-04-18,P011,C0410,5,24.75
2025-07-22,P017,C0111,5,49.90
2025-11-02,P014,C0131,3,49.90
2025-03-24,P008,C0198,1,8.90
2025-08-26,P019,C0361,4,49.90
2025-06-07,P009,C0313,5,49.90
2025-01-14,P003,C0120,20,35.00
2025-10-01,P003,C0325,4,24.75
2025-08-07,P015,C0418,4,35.00
2025-09-03,P015,C0291,2,79.00
2025-07-09,P013,C0133,1,35.00
2025-12-11,P018,C0082,5,24.75
2025-03-23,P007,C0239,4,8.90
2025-12-19,P018,C0144,2,49.90
2025-08-14,P010,C0093,2,12.50
2025-03-29,P006,C0455,1,24.75
2025-05-23,P011,C0294,3,19.99
2025-11-02,P012,C0157,1,24.75
2025-02-01,P012,C0271,4,35.00
2025-08-02,P020,C0130,20,24.75
2025-12-12,P004,C0228,1,19.99
2025-03-15,P009,C0457,1,19.99
2025-07-26,P001,C0192,2,8.90
2025-03-01,P018,C0180,4,35.00
2025-06-25,P020,C0021,10,8.90
2025-09-17,P001,C0017,1,35.00
2025-09-25,P002,C0028,3,24.75
2025-02-06,P001,C0203,4,12.50
2025-06-25,P003,C0389,2,12.50
2025-02-24,P015,C0172,2,49.90
2025-03-13,P006,C0333,2,79.00
2025-04-06,P017,C0062,1,79.00
2025-05-22,P006,C0439,1,24.75
2025-08-06,P001,C0435,2,12.50
2025-07-17,P020,C0476,20,79.00
2025-09-26,P012,C0078,4,19.99
2025-09-25,P005,C0444,2,79.00
2025-12-30,P009,C0162,2,49.90
2025-05-23,P007,C0271,4,35.00
2025-03-14,P015,C0146,5,79.00
2025-02-05,P006,C0178,3,8.90
2025-07-05,P005,C0246,1,8.90
2025-12-28,P010,C0320,2,8.90
2025-09-22,P003,C0475,2,8.90
2025-01-02,P002,C0156,2,12.50
2025-07-31,P016,C0265,2,24.75
2025-10-12,,C0025,3,12.50
2025-08-28,P018,C0429,1,8.90
2025-07-08,P007,C0147,4,24.75
2025-02-05,P018,C0073,2,19.99
2025-12-02,P008,C0302,1,79.00
2025-11-08,P004,C0178,2,35.00
2025-09-03,P006,C0316,4,79.00
2025-08-01,P019,C0257,3,12.50
2025-11-20,P009,C0242,4,8.90
2025-05-25,P012,C0329,1,35.00
2025-08-07,P019,C0227,3,79.00
2025-10-07,P004,C0031,1,79.00
2025-09-20,P020,C0378,5,19.99
2025-02-05,P001,C0194,5,8.90
2025-04-05,P006,C0104,4,79.00
2025-08-08,P019,C0241,3,49.90
2025-10-17,P005,C0255,4,12.50
2025-03-24,P016,C0448,1,24.75
2025-07-15,P009,C0349,2,24.75
2025-06-20,P015,C0238,5,49.90
2025-03-13,P008,C0376,5,8.90
2025-02-15,P016,C0437,2,79.00
2025-04-05,P003,C0177,2,19.99
2025-04-10,P013,C0352,1,8.90
2025-01-22,P005,C0421,20,8.90
2025-02-02,P012,C0057,1,49.90
2025-03-26,P002,C0105,1,49.90
2025-02-21,P016,C0171,1,12.50
2025-11-05,P008,C0021,3,35.00
2025-05-25,P008,C0170,3,35.00
2025-08-04,P012,C0153,10,19.99
2025-06-26,P006,C0017,2,24.75
2025-04-23,P004,C0044,2,12.50
2025-02-28,P012,C0488,3,79.00
2025-11-27,P003,C0353,2,12.50
2025-08-11,P005,C0107,5,12.50
2025-02-17,P020,C0077,4,24.75
2025-03-09,P017,C0283,4,49.90
2025-07-28,P013,C0300,1,12.50
2025-03-01,P001,C0416,2,19.99
2025-09-18,P002,C0093,1,79.00
2025-12-17,P002,C0090,3,35.00
2025-04-04,P011,C0019,1,49.90
2025-07-14,P007,C0431,5,24.75
2025-08-03,P007,C0265,3,49.90
2025-01-17,P006,C0228,3,79.00
2025-10-08,P010,C0096,5,8.90
2025-05-15,P017,C0335,5,79.00
2025-07-13,P019,C0013,2,24.75
2025-01-07,P014,C0437,1,49.90
2025-02-02,P015,C0089,3,35.00
2025-01-03,P007,C0061,5,49.90
2025-05-30,P002,C0443,5,49.90
2025-03-03,P001,C0130,3,79.00
2025-05-30,P005,C0473,3,19.99
2025-09-12,P015,C0350,3,19.99
2025-08-01,P006,C0202,2,8.90
2025-11-09,P012,C0402,5,35.00
2025-09-03,P020,C0131,4,8.90
2025-02-19,P005,C0366,1,49.90
2025-07-11,P008,C0490,2,49.90
2025-03-13,P003,C0444,4,24.75
2025-10-17,P002,C0355,3,8.90
2025-01-09,P008,C0025,3,12.50
2025-07-10,P020,C0499,2,79.00
2025-08-20,P003,C0279,1,35.00
2025-08-11,P011,C0437,5,24.75
2025-05-18,P014,C0333,4,35.00
2025-01-28,P010,C0247,1,19.99
2025-02-20,P018,C0273,20,12.50
2025-06-11,P008,C0317,4,19.99
2025-10-16,P005,C0042,1,24.75
2025-04-30,P001,C0274,5,24.75
2025-07-31,P005,C0026,4,19.99
2025-07-16,P015,C0167,1,12.50
2025-11-24,P004,C0314,10,8.90
2025-06-26,P015,C0439,3,79.00
2025-07-07,P018,C0022,1,49.90
2025-10-20,P004,C0441,3,49.90
2025-01-28,P014,C0224,10,35.00
2025-05-19,P002,C0491,2,12.50
2025-05-31,P007,C0284,2,35.00
2025-07-29,P013,C0046,3,49.90
2025-09-25,P004,C0372,1,24.75
2025-07-20,P003,C0006,2,12.50
2025-01-20,P009,C0210,4,8.90
2025-10-10,P001,C0391,1,79.00
2025-03-16,P003,C0079,5,24.75
2025-04-13,P002,C0029,4,19.99
2025-05-16,P010,C0201,3,12.50
2025-09-24,P007,C0086,4,8.90
2025-09-13,P010,C0022,2,19.99
2025-03-08,P001,C0235,10,19.99
2025-10-14,P015,C0374,2,19.99
2025-03-23,P016,C0111,3,35.00
2025-10-30,P006,C0085,5,49.90
2025-03-13,P020,C0426,1,35.00
2025-01-25,P008,C0147,4,8.90
2025-12-27,P019,C0334,1,19.99
2025-09-26,P010,C0183,10,8.90
2025-03-25,P017,C0378,2,49.90
2025-01-24,P009,C0216,0,19.99
2025-02-18,P008,C0007,2,8.90
2025-05-15,P009,C0421,2,79.00
2025-12-22,P008,C0458,2,35.00
2025-12-09,P008,C0219,2,24.75
2025-08-14,P004,C0314,1,19.99
2025-10-22,P020,C0223,1,35.00
2025-10-31,P004,C0236,5,35.00
2025-04-27,P020,C0293,3,19.99
2025-07-28,P019,C0102,2,24.75
2025-03-13,P005,C0342,3,79.00
2025-11-07,P018,C0009,0,35.00
2025-01-04,P008,C0212,3,19.99
2025-03-31,P004,C0090,4,19.99
2025-05-25,P014,C0382,5,19.99
2025-12-02,P010,C0184,1,8.90
2025-08-04,P019,C0394,3,12.50
2025-11-29,P004,C0140,1,24.75
2025-03-12,P011,C0436,4,12.50
2025-02-06,P008,C0370,2,35.00
2025-06-18,P018,C0439,1,12.50
2025-07-20,P012,C0479,1,79.00
2025-10-02,P016,C0019,1,35.00
2025-07-08,P012,C0293,3,49.90
2025-09-02,P009,C0111,2,19.99
2025-10-20,P006,C0013,3,8.90
2025-07-27,P020,C0294,4,12.50
2025-02-23,P012,C0102,1,79.00
2025-12-13,P010,C0344,2,79.00
2025-11-15,P008,C0454,1,24.75
2025-09-28,P013,C0033,2,35.00
2025-02-06,P006,C0352,4,24.75
2025-07-30,P004,C0492,10,24.75
2025-04-21,P007,C0400,4,19.99
2025-07-23,P011,C0445,5,24.75
2025-07-13,P007,C0437,3,79.00
2025-08-09,P018,C0296,10,79.00
2025-12-30,P002,C0426,2,19.99
2025-04-12,P011,C0147,2,49.90
2025-10-16,P013,C0103,1,12.50
2025-10-04,P015,C0474,1,49.90
2025-03-17,P007,C0402,5,35.00
2025-10-26,P006,C0198,2,24.75
2025-02-21,P013,C0204,2,24.75
2025-06-01,P011,C0492,4,79.00
2025-12-20,P010,C0430,2,49.90
2025-09-27,P014,C0260,3,35.00
2025-08-08,P005,C0187,1,8.90
2025-07-07,P011,C0404,10,35.00
2025-10-15,P002,C0254,2,49.90
2025-07-16,P016,C0375,1,49.90
2025-06-10,P019,C0307,3,12.50
2025-03-11,P016,C0356,3,19.99
2025-11-27,P020,C0450,2,12.50
2025-10-31,P008,C0440,4,35.00
2025-01-11,P017,C0041,1,35.00
2025-08-25,P014,C0423,2,49.90
2025-05-28,P007,C0213,1,8.90
2025-04-04,P015,C0457,5,49.90
2025-08-30,P014,C0409,2,49.90
2025-04-28,P001,C0054,3,35.00
2025-08-09,P015,C0139,1,49.90
2025-06-20,P013,C0150,5,8.90
2025-10-30,P015,C0313,1,24.75
2025-10-23,P015,C0330,1,12.50
2025-06-30,P004,C0289,2,19.99
2025-11-05,P017,C0418,1,12.50
2025-07-25,P001,C0160,1,49.90
2025-04-26,P014,C0066,4,19.99
2025-02-07,P013,C0388,2,49.90
2025-05-12,P004,C0222,2,12.50
2025-12-19,P017,C0279,1,19.99
2025-01-04,P015,C0339,4,79.00
2025-06-23,P020,C0105,3,12.50
2025-11-17,P019,C0074,3,8.90
2025-09-18,P003,C0183,3,49.90
2025-06-22,P003,C0447,5,24.75
2025-08-22,P006,C0080,3,24.75
2025-08-09,P014,C0149,4,49.90
2025-12-10,P006,C0375,1,19.99
2025-06-08,P005,C0361,-2,49.90
2025-05-16,P019,C0066,4,8.90
2025-07-02,P019,C0098,1,8.90
2025-11-05,P009,C0134,4,24.75
2025-08-04,P009,C0398,1,35.00
2025-09-25,P020,C0406,5,35.00
2025-04-20,P006,C0036,3,35.00
2025-02-26,P003,C0015,1,19.99
2025-03-12,P016,C0453,1,79.00
2025-01-17,P003,C0423,2,24.75
2025-10-25,P016,C0305,3,8.90
2025-11-13,P013,C0030,3,8.90
2025-07-08,P007,C0149,2,8.90
2025-10-11,P006,C0237,5,35.00
2025-07-29,P008,C0346,0,19.99
2025-01-09,P010,C0190,1,19.99
2025-10-09,P002,C0028,3,79.00
2025-10-30,P010,C0171,1,8.90
2025-06-11,P020,C0029,1,79.00
2025-07-25,P007,C0138,10,12.50
2025-02-14,P007,C0250,1,19.99
2025-10-08,P016,C0260,3,24.75
2025-11-14,P006,C0350,5,35.00
2025-09-05,P016,C0181,2,8.90
2025-12-29,P001,C0088,1,35.00
2025-06-22,P007,C0033,2,8.90
2025-03-25,P007,C0112,2,79.00
2025-02-21,P001,C0099,4,8.90
2025-07-29,P008,C0264,20,12.50
2025-09-22,P007,C0356,5,35.00
2025-11-24,P013,C0264,2,35.00
2025-11-11,P012,C0244,2,8.90
2025-11-05,P013,C0125,2,8.90
2025-09-27,P007,C0244,0,49.90
2025-06-06,P013,C0384,1,49.90
2025-10-19,P008,C0140,1,79.00
2025-08-01,P013,C0067,4,8.90
2025-09-20,P012,C0244,2,49.90
2025-12-09,P011,C0484,1,35.00
2025-02-18,P008,,2,79.00
2025-05-14,P016,C0309,2,24.75
2025-07-18,P014,C0153,2,8.90
2025-06-09,P018,C0377,4,79.00
2025-09-05,P011,C0284,1,12.50
2025-05-02,P018,C0163,4,49.90
2025-07-22,P003,C0342,3,49.90
2025-04-09,P020,C0180,10,19.99
2025-01-15,P002,C0117,3,24.75
2025-05-30,P008,C0087,20,8.90
2025-06-12,P010,C0294,3,49.90
2025-12-17,P003,C0012,10,35.00
2025-12-17,P007,C0378,1,8.90
2025-04-10,P016,C0341,1,12.50
2025-05-17,P002,C0063,3,35.00
2025-11-19,P001,C0479,3,49.90
2025-08-06,P020,C0003,2,35.00
2025-11-18,P015,C0469,1,19.99
2025-06-09,P012,C0403,4,79.00
2025-07-28,P011,C0420,3,79.00
2025-09-21,P005,C0450,1,79.00
2025-06-06,P019,C0468,1,8.90
2025-02-10,P015,C0142,0,49.90
2025-12-25,P013,C0319,1,35.00
2025-10-30,P006,C0160,2,79.00
2025-01-16,P004,C0204,4,24.75
2025-01-10,P012,C0153,2,35.00
2025-07-23,P005,C0432,1,19.99
2025-09-16,P011,C0416,1,19.99
2025-06-15,P019,C0338,1,12.50
2025-08-20,P001,C0003,3,8.90
2025-02-26,P004,C0321,3,35.00
2025-01-17,P012,C0448,2,49.90
2025-03-31,P005,C0003,1,19.99
2025-07-27,P011,C0039,4,35.00
2025-03-16,P019,C0012,1,24.75
2025-07-17,P003,C0405,5,35.00
2025-11-06,P008,C0099,3,19.99
2025-11-15,P017,C0315,4,19.99
2025-09-26,P010,C0494,2,12.50
2025-03-20,P004,C0434,1,35.00
2025-02-17,P013,C0495,2,12.50
2025-07-29,P016,C0419,2,8.90
2025-06-27,P009,C0372,1,12.50
2025-03-07,P017,C0219,1,35.00
2025-05-27,P005,C0451,10,24.75
2025-08-28,P002,C0075,4,19.99
2025-01-15,P003,C0203,2,79.00
2025-05-03,P018,C0209,4,49.90
2025-09-07,P018,C0069,4,19.99
2025-01-29,P011,C0250,3,8.90
2025-03-30,P013,C0016,2,8.90
2025-02-19,P003,C0275,1,8.90
2025-10-25,P019,C0005,3,24.75
2025-01-03,P014,C0099,1,19.99
2025-06-15,P014,C0331,3,24.75
2025-05-22,P007,C0451,3,49.90
2025-01-03,P007,C0317,4,24.75
2025-01-01,P020,C0390,5,19.99
2025-09-01,P011,C0106,4,19.99
2025-03-11,P006,C0440,2,79.00
2025-01-03,P005,C0228,3,79.00
2025-06-21,P008,C0290,2,24.75
2025-03-18,P007,C0337,2,12.50
2025-04-08,P006,C0184,3,35.00
2025-10-01,P017,C0148,2,19.99
2025-11-18,P009,C0373,2,35.00
2025-06-04,P006,C0346,4,8.90
2025-11-11,P013,C0215,2,49.90
2025-07-10,P003,C0433,5,19.99
2025-12-10,P018,C0120,5,19.99
2025-06-02,P017,C0264,3,24.75
2025-05-04,P010,C0014,3,24.75
2025-09-17,P020,C0313,1,49.90
2025-05-13,P017,C0478,2,8.90
2025-09-22,P018,C0066,3,8.90
2025-12-24,P006,C0366,1,79.00
2025-09-12,P006,C0353,4,49.90
2025-03-14,P004,C0181,4,79.00
2025-12-02,P020,C0307,3,12.50
2025-11-30,P004,C0196,5,79.00
2025-04-20,P016,C0186,3,79.00
2025-09-05,P020,C0038,1,8.90
2025-10-14,P005,C0288,1,8.90
2025-07-04,P004,C0052,2,8.90
2025-05-13,P001,C0281,1,49.90
2025-08-12,P015,C0226,2,79.00
2025-07-03,P006,C0107,3,35.00
2025-09-24,P015,C0342,4,79.00
2025-01-06,P004,C0044,20,12.50
2025-05-27,P011,C0009,2,24.75
2025-06-26,P013,C0048,3,19.99
2025-10-04,P001,C0415,3,19.99
2025-12-12,P018,C0439,2,8.90
2025-02-06,P005,C0037,5,24.75
2025-11-06,P014,C0333,10,49.90
2025-02-14,P008,C0483,0,49.90
2025-08-06,P008,C0326,3,79.00
2025-07-30,P009,C0062,1,79.00
2025-12-01,P016,C0080,1,79.00
2025-01-08,P010,C0274,4,19.99
2025-07-25,P018,C0075,1,35.00
2025-09-20,P005,C0166,4,19.99
2025-11-25,P019,C0205,4,35.00
2025-11-18,P002,C0444,2,19.99
2025-11-23,P001,C0174,1,35.00
2025-09-24,P018,C0235,3,49.90
2025-04-02,P014,C0286,1,79.00
2025-07-26,P003,C0449,2,8.90
2025-05-28,P013,C0407,3,8.90
2025-07-25,P005,C0278,2,35.00
2025-09-17,P010,C0074,1,49.90
2025-03-15,P018,C0094,1,19.99
2025-01-22,P010,C0307,4,8.90
2025-11-26,P007,C0180,2,49.90
2025-09-10,P007,C0084,5,35.00
2025-10-19,P009,C0459,3,8.90
2025-02-03,P019,C0047,1,12.50
2025-10-28,P005,C0163,1,8.90
2025-05-16,P003,C0325,1,24.75
2025-12-24,P005,C0160,4,8.90
2025-10-23,P018,C0419,1,35.00
2025-11-28,P006,C0492,2,12.50
2025-02-06,P010,C0317,5,49.90
2025-03-02,P018,C0001,2,12.50
2025-11-22,P012,C0148,2,49.90
2025-10-31,,C0039,2,79.00
2025-04-03,P013,C0111,2,12.50
2025-10-18,P002,C0299,3,19.99
2025-06-18,P015,C0419,5,19.99
2025-02-17,P015,C0352,4,79.00
2025-05-30,P017,C0458,10,19.99
2025-04-16,P010,C0198,5,49.90
2025-02-23,P004,C0087,2,49.90
2025-01-11,P020,C0464,3,35.00
2025-02-03,P015,C0049,3,49.90
2025-02-18,P016,C0121,2,19.99
2025-06-25,P008,C0327,1,49.90
2025-06-10,P006,C0485,4,35.00
2025-10-16,P017,C0412,4,19.99
2025-01-24,P019,C0152,3,8.90
2025-06-30,P012,C0249,4,24.75
2025-09-19,P012,C0301,4,49.90
2025-03-27,P010,C0220,1,79.00
2025-03-24,P010,C0175,5,35.00
2025-08-07,P009,C0391,5,79.00
2025-05-01,P001,C0060,3,19.99
2025-11-23,P015,C0216,3,12.50
2025-08-15,P003,C0348,3,24.75
2025-12-22,P010,C0160,2,12.50
2025-04-01,P017,C0148,3,12.50
2025-12-25,P011,C0186,1,12.50
2025-08-26,P013,C0431,1,12.50
2025-01-11,P009,C0492,2,35.00
2025-03-14,P008,C0193,1,79.00
2025-09-27,P001,C0164,10,35.00
2025-08-05,P003,C0435,5,12.50
2025-11-24,P008,C0192,1,79.00
2025-01-20,P002,C0403,3,19.99
2025-08-10,P010,C0384,3,24.75
2025-04-13,P003,C0219,5,49.90
2025-01-23,P012,C0269,4,35.00
2025-10-14,P015,C0399,2,19.99
2025-11-01,P007,C0206,1,79.00
2025-03-18,P003,C0142,2,79.00
2025-12-27,P007,C0371,5,35.00
2025-03-08,P014,C0126,20,19.99
2025-09-12,P004,C0023,3,79.00
2025-07-08,P020,C0294,20,49.90
2025-09-16,P014,C0086,2,8.90
2025-06-04,P003,C0465,3,49.90
2025-01-22,P015,C0483,2,49.90
2025-06-27,P011,C0375,4,49.90
2025-08-24,P002,C0297,2,19.99
2025-11-30,P005,C0494,10,49.90
2025-06-08,P002,C0265,2,19.99
2025-12-22,P018,C0263,0,49.90
2025-11-19,P004,C0463,2,24.75
2025-10-17,P011,C0052,2,8.90
2025-11-23,P005,C0479,1,8.90
2025-02-22,P007,C0029,1,79.00
2025-06-22,P009,C0234,-2,79.00
2025-08-07,P005,C0016,1,12.50
2025-05-10,P019,C0056,1,49.90
2025-06-15,P009,C0073,3,8.90
2025-07-08,P017,C0384,1,49.90
2025-12-15,P018,C0066,4,19.99
2025-07-08,P010,C0023,10,79.00
2025-04-05,P005,C0228,5,8.90
2025-12-24,P019,C0453,5,19.99
2025-11-13,P011,C0011,10,12.50
2025-05-21,P011,C0408,1,12.50
2025-09-24,P007,C0449,1,35.00
2025-12-13,P006,C0242,3,79.00
2025-08-24,P001,C0225,4,79.00
2025-07-04,P002,C0320,2,35.00
2025-05-17,P003,C0399,2,12.50
2025-07-24,P014,C0442,2,49.90
2025-10-24,P018,C0011,5,49.90
2025-06-24,P003,C0101,3,24.75
2025-05-08,P018,C0250,3,79.00
2025-11-10,P009,C0240,4,12.50
2025-04-13,P018,C0212,2,8.90
2025-01-01,P003,C0097,2,12.50
2025-06-11,P011,C0305,1,35.00
2025-09-14,P013,C0338,10,19.99
2025-07-01,P015,C0204,1,8.90
2025-07-12,P004,C0366,1,24.75
2025-03-08,P020,C0464,5,49.90
2025-07-02,P019,C0152,4,35.00
2025-01-18,P016,C0159,2,35.00
2025-10-08,P004,C0062,5,79.00
2025-04-22,P015,C0175,1,49.90
2025-08-30,P013,C0001,2,49.90
2025-08-19,P010,C0120,4,49.90
2025-09-07,P017,C0099,4,49.90
2025-06-04,P006,C0025,3,35.00
2025-09-03,P009,C0340,4,35.00
2025-07-13,P014,C0051,4,24.75
2025-11-06,P003,C0005,3,12.50
2025-03-13,P007,C0251,1,12.50
2025-10-20,P013,C0408,1,8.90
2025-02-15,P004,C0101,2,8.90
2025-10-28,P009,C0332,5,79.00
2025-10-27,P006,C0009,3,35.00
2025-03-10,P007,C0411,1,19.99
2025-10-12,P016,C0334,2,8.90
2025-06-30,P014,C0103,1,79.00
2025-09-21,P013,C0316,4,8.90
2025-07-21,P015,C0463,3,35.00
2025-06-29,P010,C0175,0,12.50
2025-01-20,P014,C0365,5,35.00
2025-12-10,P018,C0228,2,19.99
2025-01-10,P003,C0038,1,12.50
2025-09-22,P015,C0190,1,49.90
2025-03-31,P017,C0408,20,8.90
2025-07-21,P009,C0349,5,12.50
2025-02-07,P014,C0109,5,24.75
2025-11-06,P005,C0163,20,19.99
2025-03-05,P010,C0149,4,35.00
2025-04-10,P005,C0063,4,79.00
2025-05-31,P003,C0462,4,8.90
2025-01-25,P001,C0029,1,19.99
2025-07-10,P005,C0477,2,35.00
2025-07-22,P007,C0188,1,49.90
2025-04-06,P011,C0078,10,79.00
2025-07-11,P019,C0202,1,8.90
2025-11-28,P004,C0262,20,12.50
2025-04-16,P020,C0227,2,79.00
2025-04-22,P006,C0420,1,35.00
2025-01-20,P010,C0155,3,19.99
2025-03-18,P009,C0365,1,35.00
2025-11-30,P018,C0256,0,24.75
2025-06-23,P006,C0316,2,8.90
2025-01-10,P020,C0344,3,49.90
2025-04-11,P008,C0395,3,49.90
2025-02-17,P001,C0006,2,79.00
2025-03-07,P017,C0307,1,19.99
2025-07-13,P013,C0392,4,12.50
2025-07-24,P014,C0340,1,49.90
2025-02-12,P018,C0315,1,79.00
2025-01-01,P016,C0070,1,35.00
2025-03-15,P004,C0469,2,12.50
2025-12-06,P014,C0452,2,8.90
2025-08-30,P009,C0041,1,8.90
2025-06-06,P016,C0254,1,19.99
2025-07-05,P005,C0290,1,49.90
2025-11-26,P008,C0124,3,19.99
2025-03-22,P003,C0320,2,35.00
2025-03-06,P006,C0343,3,49.90
2025-08-05,P002,C0317,2,24.75
2025-12-18,P004,C0487,2,49.90
2025-01-17,P017,C0322,1,12.50
2025-07-18,P009,C0332,1,35.00
2025-01-19,P020,C0346,2,24.75
2025-04-19,P010,C0465,2,19.99
2025-03-17,P009,C0094,1,19.99
2025-10-23,P020,C0294,4,24.75
2025-08-27,P008,C0164,2,35.00
2025-06-18,P016,C0181,4,35.00
2025-02-15,P013,C0144,1,79.00
2025-12-30,P006,C0308,4,24.75
2025-12-06,P012,C0077,20,19.99
2025-02-13,P006,C0051,2,35.00
2025-01-28,P020,C0121,10,49.90
2025-01-23,P001,C0185,1,19.99
2025-03-29,P009,C0236,3,19.99
2025-10-04,P014,C0207,3,12.50
2025-08-09,P018,C0355,4,12.50
2025-07-13,P011,C0069,1,49.90
2025-05-28,P020,C0077,4,12.50
2025-06-27,P004,C0022,1,35.00
2025-04-17,P014,C0205,2,49.90
2025-03-18,P008,C0481,10,49.90
2025-08-11,P012,C0347,3,12.50
2025-01-16,P005,C0150,1,35.00
2025-02-12,P014,C0219,3,8.90
2025-08-01,P015,C0371,4,35.00
2025-06-01,P003,C0046,4,35.00
2025-05-13,P017,C0299,1,12.50
2025-10-16,P005,C0493,1,79.00
2025-01-02,P002,C0306,2,79.00
2025-01-15,P020,C0259,2,8.90
2025-01-10,P012,C0498,10,12.50
2025-11-03,P009,C0420,5,19.99
2025-08-15,P008,C0110,1,79.00
2025-06-24,P010,C0264,3,35.00
2025-05-19,P013,C0320,5,49.90
2025-06-11,P006,C0495,20,49.90
2025-02-10,P006,C0067,1,35.00
2025-11-13,P002,C0242,4,49.90
2025-02-18,P011,C0149,1,49.90
2025-09-15,P007,C0197,1,24.75
2025-12-10,P009,C0073,3,49.90
2025-10-25,P020,C0300,2,19.99
2025-06-29,P007,C0023,2,79.00
2025-12-11,P013,C0405,1,12.50
2025-10-27,P018,C0039,2,12.50
2025-01-10,P018,C0064,5,24.75
2025-11-03,P007,C0217,5,24.75
2025-11-21,P010,C0345,20,49.90
2025-03-18,P003,C0371,3,35.00
2025-01-19,P008,C0426,1,35.00
2025-06-15,P008,C0499,1,12.50
2025-06-16,P010,C0264,2,8.90
2025-06-17,P014,C0192,2,8.90
2025-07-12,P007,C0154,3,24.75
2025-12-28,P009,C0306,3,24.75
2025-01-03,P020,C0329,1,24.75
2025-01-13,P012,C0444,2,19.99
2025-02-24,P013,C0078,10,12.50
2025-01-25,P017,C0493,5,49.90
2025-02-18,P020,C0497,4,24.75
2025-02-01,P003,C0073,5,49.90
2025-10-20,P017,C0191,2,35.00
2025-01-21,P020,C0404,10,79.00
2025-10-02,P017,C0437,3,24.75
2025-03-05,P020,C0421,5,12.50
2025-10-26,P001,C0323,3,49.90
2025-12-01,P020,C0311,2,49.90
2025-04-22,P006,C0136,4,19.99
2025-01-30,P016,C0150,20,79.00
2025-09-24,P009,C0144,0,24.75
2025-04-21,P011,C0041,4,35.00
2025-08-22,P016,C0121,2,12.50
2025-01-24,P015,C0363,1,24.75
2025-12-03,P019,C0150,4,79.00
2025-03-28,P020,C0073,2,49.90
2025-01-26,P009,C0293,2,24.75
2025-07-25,P015,C0459,10,35.00
2025-08-29,P011,C0206,3,49.90
2025-07-15,P005,C0336,5,49.90
2025-08-06,P013,C0191,3,79.00
2025-06-27,P018,C0347,5,12.50
2025-06-02,P012,C0227,-2,35.00
2025-03-11,P011,C0249,3,79.00
2025-08-08,P004,C0039,1,12.50
2025-02-21,P012,C0239,1,12.50
2025-07-11,P013,C0328,1,35.00
2025-06-03,P005,C0287,4,12.50
2025-07-26,P008,C0396,2,35.00
2025-07-07,P019,C0306,1,8.90
2025-12-28,P020,C0316,5,8.90
2025-02-05,P007,C0481,10,49.90
2025-06-27,P010,C0050,4,24.75
2025-11-25,P015,C0450,2,79.00
2025-09-18,P004,C0268,2,12.50
2025-09-07,P007,C0003,2,19.99
2025-05-24,P012,C0066,4,19.99
2025-02-15,P007,C0298,2,8.90
2025-07-13,P006,C0251,3,49.90
2025-12-05,P013,C0345,2,79.00
2025-01-29,P011,C0058,2,35.00
2025-07-12,P001,C0389,3,35.00
2025-03-28,P019,C0340,2,8.90
2025-12-05,P009,C0497,1,19.99
2025-09-20,P018,C0009,3,24.75
2025-02-06,P010,C0312,1,35.00
2025-09-16,P010,C0386,5,19.99
2025-09-11,P017,C0077,10,49.90
2025-07-04,P001,C0286,2,79.00
2025-08-19,P015,C0114,1,19.99
2025-05-19,P005,C0129,3,19.99
2025-08-14,P016,C0287,3,35.00
2025-09-18,P018,C0013,1,49.90
2025-04-17,P004,C0163,3,79.00
2025-05-27,P012,C0443,3,49.90
2025-01-05,P009,C0005,1,24.75
2025-04-13,P002,C0270,10,49.90
2025-07-22,P018,C0249,2,49.90
2025-11-29,P006,C0014,0,12.50
2025-05-18,P013,C0396,3,12.50
2025-02-28,P008,C0184,5,12.50
2025-12-09,P019,C0262,3,79.00
2025-10-07,P003,C0104,-2,24.75
2025-08-03,P019,C0022,1,8.90
2025-09-02,P003,C0099,3,8.90
2025-12-10,P016,C0212,2,19.99
2025-11-10,P014,C0194,2,49.90
2025-08-31,P018,C0025,1,79.00
2025-11-17,P006,C0213,4,8.90
2025-09-09,P008,C0022,-2,12.50
2025-09-09,P005,C0264,2,24.75
2025-10-27,P012,C0321,4,19.99
2025-06-19,P007,C0471,1,79.00
2025-04-23,P001,C0424,20,12.50
2025-10-03,P005,C0340,1,12.50
2025-10-23,P015,C0435,4,35.00
2025-05-25,P015,C0260,2,24.75
2025-08-26,P005,C0027,1,35.00
2025-08-02,P002,C0495,10,24.75
2025-12-23,P017,C0097,2,49.90
2025-01-30,P006,C0455,3,49.90
2025-04-19,P014,C0057,5,35.00
2025-03-06,P014,C0309,2,24.75
2025-04-03,P016,C0414,5,79.00
2025-09-04,P018,C0082,1,24.75
2025-01-02,P018,C0403,1,79.00
2025-10-18,P019,C0037,1,35.00
2025-10-19,P015,C0074,5,19.99
2025-10-06,P017,C0458,1,12.50
2025-10-11,P012,C0268,2,24.75
2025-05-12,P008,C0080,5,24.75
2025-06-16,P006,C0256,2,79.00
2025-04-28,P020,C0129,5,35.00
2025-02-26,P012,C0495,4,79.00
2025-01-27,P009,C0081,2,49.90
2025-05-09,P001,C0102,4,79.00
2025-01-09,P007,C0025,2,19.99
2025-01-15,P011,C0142,2,19.99
2025-09-18,P009,C0033,2,8.90
2025-05-06,P007,C0155,2,12.50
2025-08-04,P009,C0135,4,49.90
2025-11-28,P008,C0042,5,24.75
2025-05-25,P010,C0016,1,79.00
2025-08-28,P010,C0052,2,8.90
2025-11-05,P019,C0042,10,35.00
2025-10-04,P019,C0034,2,24.75
2025-03-14,P007,C0011,3,79.00
2025-10-11,P012,C0184,20,19.99
2025-07-01,P018,C0014,4,19.99
2025-10-21,P018,C0176,2,79.00
2025-04-27,P019,C0474,1,49.90
2025-09-11,P009,C0089,2,8.90
2025-06-26,P011,C0452,1,24.75
2025-03-02,P004,C0428,5,24.75
2025-11-08,P014,C0080,3,19.99
2025-12-15,P010,C0253,5,35.00
2025-05-06,P020,C0434,5,35.00
2025-12-02,P006,C0236,2,24.75
2025-09-05,P020,C0121,5,24.75
2025-02-11,P016,C0098,4,19.99
2025-08-27,P012,C0230,1,19.99
2025-09-25,P009,C0396,1,12.50
2025-02-05,P010,C0423,5,79.00
2025-06-06,P008,C0016,3,19.99
2025-12-10,P011,C0108,2,12.50
2025-02-17,P012,C0366,2,79.00
2025-06-05,P009,C0454,1,12.50
2025-09-14,P010,C0025,1,35.00
2025-06-02,P004,C0099,1,19.99
2025-04-16,P001,C0077,1,12.50
2025-03-23,P003,C0403,4,19.99
2025-08-26,P015,C0153,1,24.75
2025-07-01,P001,C0473,3,79.00
2025-04-29,P008,C0420,1,49.90
2025-12-18,P004,C0214,4,24.75
2025-01-14,P004,C0449,3,49.90
2025-12-27,P003,C0058,10,12.50
2025-03-23,P010,C0372,1,12.50
2025-06-06,P005,C0145,2,12.50
2025-11-25,P011,C0150,1,8.90
2025-05-01,P012,C0157,10,12.50
2025-07-23,P008,C0166,2,79.00
2025-04-16,P013,C0094,4,49.90
2025-09-15,P012,C0323,2,12.50
2025-11-01,P007,C0499,3,35.00
2025-08-04,P004,C0072,2,35.00
2025-11-30,P014,C0152,4,49.90
2025-07-15,P007,C0060,3,24.75
2025-01-05,P005,C0139,3,35.00
2025-05-09,P008,C0246,1,8.90
2025-06-27,P019,C0480,3,79.00
2025-04-04,P014,C0417,3,24.75
2025-12-18,P019,C0303,1,12.50
2025-02-08,P012,C0297,3,79.00
2025-02-23,P009,C0251,1,24.75
2025-12-11,P001,C0136,1,24.75
2025-03-06,P014,C0238,3,19.99
2025-01-27,P017,C0322,3,19.99
2025-03-11,P020,C0376,3,49.90
2025-12-10,P017,C0497,2,24.75
2025-06-18,P002,C0289,0,79.00
2025-07-29,P020,C0379,2,12.50
2025-06-19,P014,C0198,10,12.50
2025-04-06,P003,C0259,10,49.90
2025-03-12,P017,C0009,1,35.00
2025-06-07,P015,C0022,5,19.99
2025-02-06,P014,C0072,1,8.90
2025-06-13,P016,C0377,2,35.00
2025-03-27,P004,C0392,-2,8.90
2025-04-10,P012,C0030,2,35.00
2025-02-26,P020,C0482,2,8.90
2025-08-20,P018,C0360,1,8.90
2025-06-15,P015,C0101,-2,12.50
2025-06-10,P005,C0363,2,49.90
2025-10-01,P020,C0364,3,35.00
2025-07-17,P014,C0172,4,24.75
2025-06-30,P014,C0416,1,19.99
2025-05-02,P001,C0196,1,24.75
2025-09-05,P009,C0370,1,79.00
2025-02-02,P009,C0464,5,24.75
2025-07-28,P018,C0416,1,49.90
2025-11-25,P011,C0338,3,35.00
2025-08-06,P001,C0332,2,24.75
2025-10-27,P005,C0490,2,24.75
2025-10-18,P004,C0425,4,79.00
2025-11-06,P019,C0420,3,12.50
2025-05-31,P020,C0228,1,12.50
2025-01-16,P007,C0095,3,8.90
2025-03-12,P010,C0166,4,12.50
2025-12-22,P002,C0179,0,35.00
2025-07-27,P003,C0364,5,12.50
2025-03-27,P008,C0081,4,8.90
2025-09-09,P011,C0278,10,24.75
2025-11-06,P015,C0177,4,79.00
2025-10-05,P020,C0429,1,8.90
2025-05-12,P014,C0387,3,19.99
2025-09-24,P013,C0014,1,8.90
2025-02-27,P007,C0383,5,12.50
2025-10-01,P015,C0459,3,35.00
2025-10-03,P004,C0116,1,35.00
2025-12-02,P004,C0316,4,24.75
2025-08-26,P020,C0297,5,19.99
2025-07-26,P013,C0457,2,12.50
2025-04-07,P008,C0387,1,79.00
2025-04-09,P003,C0108,1,12.50
2025-02-26,P012,C0410,3,12.50
2025-12-12,P011,C0355,2,24.75
2025-04-09,P002,C0181,1,19.99
2025-03-11,P013,C0056,1,79.00
2025-05-18,P005,C0206,2,24.75
2025-09-25,P013,C0014,2,19.99
2025-11-29,P012,C0333,3,49.90
2025-06-13,P019,C0418,1,12.50
2025-02-02,P017,C0264,1,12.50
2025-07-04,P009,C0026,4,12.50
2025-10-26,P018,C0287,2,8.90
2025-04-29,P004,C0117,2,12.50
2025-11-04,P016,C0083,5,79.00
2025-06-18,P012,C0473,10,24.75
2025-04-18,P014,C0172,1,12.50
2025-07-13,P010,C0375,3,49.90
2025-07-12,P001,,3,24.75
2025-12-02,P017,C0202,3,19.99
2025-07-09,P019,C0336,1,79.00
2025-03-24,P005,C0121,3,19.99
2025-01-30,P011,C0259,5,8.90
2025-07-30,P017,C0211,4,24.75
2025-07-30,P015,C0314,2,24.75
2025-07-20,P013,C0299,2,12.50
2025-08-18,P016,C0246,3,8.90
2025-03-14,P006,C0382,1,35.00
2025-12-02,P017,C0102,3,19.99
2025-08-07,P014,C0335,20,49.90
2025-08-26,P013,C0435,5,8.90
2025-11-11,P012,C0482,2,19.99
2025-10-30,P017,C0009,4,19.99
2025-01-08,P018,C0027,1,8.90
2025-02-25,P010,C0373,2,24.75
2025-10-23,P010,C0148,2,12.50
2025-04-06,P018,C0410,2,35.00
2025-07-10,P018,C0123,10,24.75
2025-08-15,P017,C0343,20,79.00
2025-08-14,P014,C0226,1,35.00
2025-06-08,P007,C0440,3,8.90
2025-02-10,P001,C0418,20,8.90
2025-10-23,P001,C0066,5,19.99
2025-07-01,P001,C0374,10,8.90
2025-03-01,P011,C0399,1,49.90
2025-03-24,P016,C0076,1,49.90
2025-01-24,P014,C0264,3,24.75
2025-04-11,P012,C0051,2,24.75
2025-11-17,P018,C0316,1,49.90
2025-03-15,P001,C0145,3,19.99
2025-12-13,P001,C0053,4,8.90
2025-07-05,P013,C0332,1,79.00
2025-06-14,P006,C0428,10,79.00
2025-02-18,P003,C0145,10,12.50
2025-01-10,P001,C0003,2,79.00
2025-06-28,P008,C0417,3,19.99
2025-12-19,P007,C0143,4,79.00
2025-04-05,P008,C0318,1,8.90
2025-01-01,P013,C0333,5,35.00
2025-07-15,P018,C0091,1,19.99
2025-04-08,P009,C0178,2,12.50
2025-04-18,P015,C0425,5,24.75
2025-06-22,P012,C0101,4,35.00
2025-10-02,P005,C0455,5,12.50
2025-01-03,P019,C0216,10,19.99
2025-11-02,P017,C0101,10,12.50
2025-01-12,P014,C0136,3,79.00
2025-04-30,P002,C0239,2,49.90
2025-08-22,P015,C0035,2,8.90
2025-01-08,P008,C0269,2,79.00
2025-02-12,P002,C0234,1,35.00
2025-10-21,P016,C0076,1,49.90
2025-08-03,P005,C0022,1,24.75
2025-09-02,P004,C0399,5,12.50
2025-06-05,P015,C0362,3,79.00
2025-10-26,P010,C0419,1,8.90
2025-08-07,P012,C0385,4,19.99
2025-03-08,P009,C0178,1,24.75
2025-11-27,P004,C0473,2,35.00
2025-10-17,P011,C0322,1,8.90
2025-03-20,P009,C0194,4,49.90
2025-07-10,P016,C0449,3,8.90
2025-03-28,P009,C0329,3,24.75
2025-06-03,P019,C0375,1,8.90
2025-10-17,P020,C0180,1,35.00
2025-08-09,P019,C0064,2,49.90
2025-11-03,P020,C0345,2,35.00
2025-11-26,P017,C0359,1,12.50
2025-12-09,P017,C0071,3,8.90
2025-06-05,P001,C0085,10,12.50
2025-07-29,P006,C0499,10,49.90
2025-06-01,P018,C0357,4,35.00
2025-01-07,P001,C0239,3,8.90
2025-05-12,P013,C0129,1,12.50
2025-06-30,P001,C0387,2,19.99
2025-01-21,P018,C0057,2,12.50
2025-08-02,P001,C0489,1,49.90
2025-01-03,P014,C0134,2,49.90
2025-09-19,P002,C0069,10,19.99
2025-08-21,P018,C0445,3,19.99
2025-11-30,P009,C0049,3,8.90
2025-06-19,P003,C0005,3,79.00
2025-08-04,P004,C0216,0,12.50
2025-03-04,P012,C0227,5,8.90
2025-12-21,P018,C0134,4,24.75
2025-05-23,P016,C0486,3,35.00
2025-10-06,P002,C0114,10,12.50
2025-08-09,P018,C0161,1,8.90
2025-11-29,P006,C0071,1,12.50
2025-08-02,P010,C0225,1,49.90
2025-05-17,P004,C0499,3,19.99
2025-08-18,P014,C0415,5,24.75
2025-03-16,P009,C0052,4,19.99
2025-06-04,P014,C0178,2,49.90
2025-03-09,P005,C0440,1,19.99
2025-02-09,P013,C0420,3,79.00
2025-08-08,P004,C0389,4,49.90
2025-10-03,P002,C0167,2,79.00
2025-02-07,P007,C0310,4,24.75
2025-12-13,P008,C0299,1,79.00
2025-06-08,P005,C0207,5,35.00
2025-04-09,P009,C0004,20,8.90
2025-03-08,P019,C0022,3,24.75
2025-01-27,P019,C0354,1,79.00
2025-10-17,P007,C0429,20,24.75
2025-06-30,P013,C0137,1,8.90
2025-01-05,P020,C0069,2,8.90
2025-12-08,P001,C0353,2,35.00
2025-02-08,P004,C0120,2,35.00
2025-07-18,P019,C0278,2,8.90
2025-08-08,P012,C0454,4,12.50
2025-11-24,P016,C0044,5,49.90
2025-07-27,P016,C0218,1,8.90
2025-03-22,P004,C0253,5,8.90
2025-02-05,P003,C0280,3,19.99
2025-10-01,P013,C0458,2,49.90
2025-04-08,P013,C0034,2,35.00
2025-10-29,P007,C0181,5,35.00
2025-10-18,P018,C0124,3,12.50
2025-10-07,P008,C0168,4,12.50
2025-02-25,P006,C0085,3,8.90
2025-04-02,P010,C0424,1,12.50
2025-04-19,P017,C0349,-2,19.99
2025-05-23,P016,C0381,4,24.75
2025-12-21,P003,C0078,5,24.75
2025-06-04,P017,C0133,2,24.75
2025-08-07,P018,C0151,3,35.00
2025-01-27,P017,C0198,3,19.99
2025-04-14,P010,C0273,4,8.90
2025-10-12,P004,C0383,1,49.90
2025-04-06,P003,C0006,1,12.50
2025-06-30,P020,C0308,1,19.99
2025-02-25,P018,C0158,4,12.50
2025-11-02,P008,C0187,1,79.00
2025-05-11,P010,C0025,4,8.90
2025-07-22,P018,C0239,5,79.00
2025-02-18,P010,C0488,2,24.75
2025-09-11,P015,C0222,1,12.50
2025-03-10,P015,C0382,5,35.00
2025-12-24,P013,C0062,1,12.50
2025-12-20,P019,C0121,2,49.90
2025-01-24,P020,C0391,1,35.00
2025-09-01,P020,C0234,2,12.50
2025-06-30,P005,C0162,0,35.00
2025-11-25,P001,C0374,20,49.90
2025-04-02,P012,C0070,5,12.50
2025-03-21,P002,C0124,2,49.90
2025-11-18,P005,C0056,1,12.50
2025-12-19,P010,C0385,5,49.90
2025-06-10,P006,C0362,4,35.00
2025-01-13,P013,C0124,1,8.90
2025-10-07,P014,C0163,1,24.75
2025-08-16,P015,C0080,20,79.00
2025-06-03,P008,C0234,2,24.75
2025-07-11,P006,C0183,5,35.00
2025-04-11,P019,C0163,2,8.90
2025-12-25,P001,C0140,20,79.00
2025-01-06,P001,C0221,3,79.00
2025-04-13,P008,C0025,1,24.75
2025-09-25,P007,C0351,2,24.75
2025-10-25,P009,C0016,4,79.00
2025-10-30,P017,C0420,4,8.90
2025-04-26,P015,C0080,2,8.90
2025-01-15,P006,C0035,5,19.99
2025-03-19,P007,C0458,1,8.90
2025-04-23,P018,C0136,1,35.00
2025-09-08,P012,C0419,1,49.90
2025-01-13,P003,C0292,5,8.90
2025-01-11,P011,C0495,5,24.75
2025-07-31,P009,C0413,5,12.50
2025-01-05,P017,C0442,1,24.75
2025-03-16,P020,C0033,0,35.00
2025-12-25,P013,C0222,1,12.50
2025-11-09,P014,C0411,3,79.00
2025-08-13,P013,C0412,2,19.99
2025-04-23,P013,C0421,1,79.00
2025-05-07,P008,C0034,1,8.90
2025-02-06,P005,C0309,2,8.90
2025-02-08,P009,C0223,2,35.00
2025-12-29,P015,C0438,2,49.90
2025-08-23,P016,C0049,2,19.99
2025-01-27,P009,C0192,4,12.50
2025-04-02,P011,C0399,1,12.50
2025-09-27,P017,C0342,2,79.00
2025-05-18,P001,C0298,2,35.00
2025-10-26,P007,C0090,1,79.00
2025-01-10,P012,C0301,2,79.00
2025-08-27,P003,C0322,2,8.90
2025-07-19,P002,C0414,2,49.90
2025-10-03,P005,C0391,2,35.00
2025-12-05,P020,C0148,1,12.50
2025-02-19,P007,C0041,10,8.90
2025-10-13,P010,C0441,4,12.50
2025-10-14,P006,C0178,10,49.90
2025-01-03,P011,C0491,1,24.75
2025-06-11,P020,C0414,1,79.00
2025-08-12,P017,C0285,2,12.50
2025-05-10,P002,C0251,5,35.00
2025-02-01,P016,C0452,1,8.90
2025-07-23,P015,C0368,20,24.75
2025-01-25,P007,C0096,3,19.99
2025-11-01,P001,C0051,5,24.75
2025-09-14,P018,C0079,10,19.99
2025-11-14,P011,C0267,2,19.99
2025-01-16,P004,C0159,-2,24.75
2025-11-06,P019,C0298,1,24.75
2025-09-26,P001,C0378,3,19.99
2025-09-09,P006,C0068,3,12.50
2025-03-07,P009,C0316,1,24.75
2025-01-22,P002,C0329,3,49.90
2025-01-30,P011,C0414,3,19.99
2025-03-12,P013,C0367,2,35.00
2025-03-06,P013,C0310,4,19.99
2025-04-28,P014,C0331,2,35.00
2025-12-17,P001,C0391,2,12.50
2025-12-31,P007,C0044,20,12.50
2025-11-29,P005,C0350,5,19.99
2025-05-28,P004,C0009,10,12.50
2025-05-01,P009,C0256,5,79.00
2025-12-04,P018,C0291,2,24.75
2025-09-26,P010,C0101,4,12.50
2025-02-26,P019,C0122,10,79.00
2025-09-20,P016,C0419,3,49.90
2025-02-20,P020,C0329,20,12.50
2025-02-03,P004,C0024,2,35.00
2025-05-06,P005,C0384,1,19.99
2025-03-30,P018,C0450,1,8.90
2025-01-15,P017,C0494,5,19.99
2025-08-19,P001,C0226,4,24.75
2025-12-01,P009,C0130,2,19.99
2025-04-29,P018,C0005,2,8.90
2025-04-02,P001,C0040,2,19.99
2025-08-23,P009,C0150,1,19.99
2025-07-18,P002,C0494,4,12.50
2025-05-29,P015,C0052,1,12.50
2025-05-18,P018,C0077,3,8.90
2025-07-18,P006,C0442,1,12.50
2025-08-06,P007,C0201,1,19.99
2025-05-20,P016,C0311,5,24.75
2025-02-19,P004,C0362,1,49.90
2025-12-20,P013,C0066,1,49.90
2025-06-09,P002,C0484,2,35.00
2025-01-23,P015,C0399,10,24.75
2025-05-29,P010,C0200,2,35.00
2025-01-07,P003,C0039,3,79.00
2025-03-12,P009,C0237,2,49.90
2025-08-21,P012,C0159,2,79.00
2025-12-07,P002,C0027,10,49.90
2025-09-11,P019,C0004,1,79.00
2025-09-17,P001,C0261,1,19.99
2025-06-02,P004,C0169,20,35.00
2025-03-20,P002,C0413,1,24.75
2025-12-04,P003,C0012,2,19.99
2025-10-12,P012,C0139,2,35.00
2025-10-11,P003,C0028,1,79.00
2025-08-17,P008,C0268,3,49.90
2025-04-18,P009,C0156,1,19.99
2025-01-17,P020,C0428,1,19.99
2025-08-25,P019,C0349,2,49.90
2025-10-19,P012,C0251,5,35.00
2025-05-13,P017,C0434,1,49.90
2025-04-03,P013,C0448,1,35.00
2025-02-20,P002,C0101,3,24.75
2025-07-16,P013,C0369,3,24.75
2025-09-04,P001,C0167,10,79.00
2025-12-20,P007,C0089,4,35.00
2025-10-06,P009,C0334,2,19.99
2025-06-22,P003,C0493,2,12.50
2025-04-13,P020,C0277,1,8.90
2025-05-30,P008,C0006,3,19.99
2025-03-31,P018,C0460,2,19.99
2025-06-20,P017,C0042,10,35.00
2025-04-11,P018,C0441,2,24.75
2025-12-19,P007,C0389,1,19.99
2025-05-07,P012,C0296,1,79.00
2025-12-04,P018,C0468,3,24.75
2025-04-06,P019,C0102,1,49.90
2025-09-13,P001,C0038,4,35.00
2025-04-03,P019,C0360,3,24.75
2025-01-29,P009,C0196,1,19.99
2025-10-09,P010,C0456,5,12.50
2025-08-19,P005,C0305,2,79.00
2025-08-14,P016,C0304,10,12.50
2025-08-08,P014,C0034,1,8.90
2025-05-02,P002,C0456,1,12.50
2025-07-27,P010,C0496,5,24.75
2025-05-15,P017,C0396,4,79.00
2025-07-22,P003,C0224,2,79.00
2025-12-21,P002,C0401,3,24.75
2025-03-30,P003,C0468,1,24.75
2025-03-26,P004,C0392,10,35.00
2025-02-03,P003,C0365,3,49.90
2025-02-12,P009,C0405,2,12.50
2025-01-18,P010,C0337,2,19.99
2025-02-12,P018,C0484,4,35.00
2025-01-20,P004,C0319,1,8.90
2025-06-12,P015,C0274,3,19.99
2025-12-06,P019,C0252,10,12.50
2025-03-20,P007,C0088,3,49.90
2025-12-19,P002,C0065,10,8.90
2025-04-21,P017,C0324,1,19.99
2025-09-21,P016,C0493,5,79.00
2025-01-28,P008,C0260,5,79.00
2025-08-06,P010,C0376,2,8.90
2025-02-18,P012,C0055,3,35.00
2025-05-17,P011,C0167,2,79.00
2025-07-02,P012,C0070,1,19.99
2025-12-11,P010,C0373,1,24.75
2025-07-13,P015,C0369,1,49.90
2025-07-26,P014,C0017,1,12.50
2025-09-08,P006,C0066,4,8.90
2025-11-28,P003,C0306,1,35.00
2025-03-18,P008,C0461,1,8.90
2025-06-24,P012,C0499,3,12.50
2025-01-23,P019,C0369,1,35.00
2025-02-03,P014,C0311,3,8.90
2025-08-27,P005,C0130,5,49.90
2025-11-08,P007,C0011,1,8.90
2025-08-10,P009,C0256,5,35.00
2025-03-27,P018,C0463,1,12.50
2025-11-11,P009,C0094,4,24.75
2025-07-29,P018,C0246,3,49.90
2025-07-20,P010,C0173,-2,24.75
2025-08-01,P020,C0350,1,19.99
2025-10-20,P009,C0388,2,24.75
2025-11-13,P005,C0094,1,12.50
2025-06-06,P005,C0055,3,8.90
2025-06-16,P018,C0228,3,19.99
2025-03-02,P006,C0209,2,35.00
2025-02-12,P011,C0396,4,8.90
2025-02-08,P007,C0270,5,35.00
2025-12-26,P018,C0179,2,49.90
2025-11-19,P003,C0209,1,49.90
2025-04-04,P008,C0166,4,8.90
2025-03-24,P018,C0133,3,19.99
2025-01-19,P010,C0007,5,35.00
2025-10-17,P006,C0264,1,8.90
2025-06-07,P005,C0160,2,12.50
2025-07-21,P020,C0362,3,79.00
2025-05-30,P012,C0172,1,35.00
2025-11-05,P006,C0456,0,12.50
2025-11-03,P018,C0247,10,49.90
2025-10-29,P011,C0031,1,8.90
2025-12-03,P008,C0461,1,19.99
2025-07-06,P013,C0443,4,12.50
2025-04-16,P005,C0301,2,24.75
2025-06-02,P003,C0088,5,8.90
2025-03-14,P020,C0187,10,79.00
2025-08-30,P020,C0329,5,12.50
2025-09-01,P015,C0266,2,12.50
2025-03-09,P003,C0183,20,49.90
2025-12-25,P013,C0211,2,12.50
2025-09-14,P005,C0231,5,35.00
2025-10-18,P016,C0189,1,12.50
2025-01-09,P005,C0233,3,19.99
2025-01-08,P010,C0477,2,8.90
2025-12-31,P007,C0456,10,8.90
2025-12-26,P018,C0146,2,49.90
2025-08-25,P003,C0295,1,79.00
2025-10-09,P015,C0312,1,12.50
2025-03-04,P005,C0363,1,19.99
2025-07-09,P001,C0242,4,35.00
2025-09-19,P011,C0150,4,24.75
2025-03-09,P009,C0117,2,79.00
2025-08-22,P005,C0043,2,19.99
2025-01-16,P017,C0021,3,19.99
2025-04-18,P018,C0338,5,35.00
2025-06-10,P020,C0389,10,49.90
2025-02-12,P001,C0191,5,49.90
2025-09-08,P014,C0186,2,24.75
2025-07-20,P013,C0411,5,24.75
2025-09-29,P018,C0479,3,49.90
2025-11-15,P020,C0180,10,12.50
2025-06-28,P018,C0030,4,19.99
2025-09-28,P007,C0205,5,19.99
2025-12-03,P004,C0363,5,79.00
2025-06-28,P010,C0139,1,24.75
2025-05-22,P015,C0206,20,19.99
2025-08-09,P015,C0399,2,19.99
2025-08-23,P002,C0151,4,24.75
2025-12-18,P019,C0241,20,8.90
2025-12-27,P009,C0450,5,8.90
2025-10-17,P011,C0271,1,19.99
2025-04-13,P006,C0164,1,24.75
2025-08-22,P012,C0311,2,19.99
2025-06-17,P013,C0017,1,12.50
2025-10-15,P015,C0363,20,49.90
2025-10-18,P014,C0372,2,24.75
2025-06-14,P011,C0339,1,79.00
2025-10-18,P015,C0384,4,79.00
2025-05-24,P012,C0490,2,8.90
2025-04-17,P002,C0418,2,8.90
2025-08-04,P014,C0245,5,79.00
2025-11-19,P018,C0049,10,19.99
2025-03-18,P006,C0092,1,35.00
2025-12-30,P004,C0186,1,19.99
2025-08-06,P008,C0368,2,49.90
2025-02-04,P018,C0277,3,24.75
2025-05-26,P019,C0478,20,19.99
2025-04-15,P011,C0153,2,24.75
2025-04-07,P016,C0247,2,19.99
2025-04-03,P011,C0431,5,24.75
2025-06-05,P001,C0166,5,79.00
2025-10-03,P012,C0047,1,8.90
2025-09-15,P016,C0475,1,79.00
2025-08-05,P003,C0104,2,24.75
2025-04-02,P018,C0099,10,19.99
2025-08-01,P010,C0162,3,24.75
2025-09-03,P011,C0316,1,24.75
2025-12-02,P010,C0074,2,19.99
2025-01-24,P017,C0444,3,35.00
2025-05-05,P006,C0234,3,8.90
2025-02-05,P009,C0445,2,24.75
2025-04-08,P007,C0378,1,79.00
2025-03-21,P003,C0300,1,49.90
2025-06-02,P012,C0347,3,35.00
2025-05-14,P011,C0140,1,35.00
2025-11-28,P007,C0380,4,35.00
2025-11-22,P002,C0110,20,12.50
2025-03-19,P001,C0024,1,24.75
2025-05-19,P002,C0202,4,8.90
2025-07-02,P003,C0176,2,79.00
2025-11-18,P011,C0462,2,12.50
2025-02-16,P013,C0414,1,19.99
2025-07-21,P011,C0106,4,49.90
2025-11-28,P005,C0361,3,79.00
2025-01-18,P007,C0217,5,35.00
2025-08-01,P002,C0439,4,12.50
2025-09-10,P019,C0426,1,24.75
2025-12-06,P007,C0402,5,19.99
2025-12-06,P007,C0195,2,8.90
2025-05-09,P020,C0390,4,12.50
2025-04-30,P013,C0045,3,19.99
2025-06-03,P002,C0330,1,8.90
2025-12-24,P015,C0490,1,24.75
2025-04-07,P009,C0398,2,35.00
2025-05-19,P018,C0106,3,49.90
2025-05-05,P004,C0428,1,24.75
2025-03-16,P001,C0220,2,12.50
2025-04-20,P014,C0394,2,35.00
2025-05-20,P018,C0033,2,19.99
2025-02-05,P008,C0305,1,24.75
2025-10-02,P011,C0344,1,8.90
2025-09-15,P006,C0142,3,24.75
2025-01-25,P020,C0239,1,8.90
2025-10-23,P010,C0396,-2,8.90
2025-06-09,P017,C0242,1,19.99
2025-04-30,P012,C0287,5,24.75
2025-07-01,P020,C0200,4,35.00
2025-12-01,P017,C0033,1,19.99
2025-04-04,P001,C0170,4,12.50
2025-06-18,P005,C0381,2,12.50
2025-12-06,P013,C0159,1,12.50
2025-12-18,P011,C0432,5,19.99
2025-02-13,P013,C0030,3,8.90
2025-06-04,P005,C0076,5,35.00
2025-02-04,P016,C0153,2,24.75
2025-11-17,P019,C0217,4,24.75
2025-02-05,P019,C0482,1,79.00
2025-11-16,P007,C0220,3,12.50
2025-10-31,P019,C0196,4,35.00
2025-09-22,P015,C0255,10,12.50
2025-02-13,P009,C0280,1,8.90
2025-06-10,P017,C0396,5,12.50
2025-10-29,P017,C0038,4,19.99
2025-02-20,P016,C0200,3,12.50
2025-04-22,P004,C0423,1,8.90
2025-06-07,P009,C0284,2,19.99
2025-10-09,P017,C0137,3,35.00
2025-10-06,P009,C0032,2,35.00
2025-03-16,P019,C0483,4,79.00
2025-01-30,P017,C0197,2,12.50
2025-02-12,P015,C0224,2,12.50
2025-09-14,P003,C0446,2,49.90
2025-08-09,P004,C0413,1,79.00
2025-01-31,P007,C0363,4,24.75
2025-11-19,P020,C0342,1,8.90
2025-04-28,P017,C0073,1,35.00
2025-08-12,P003,C0234,1,8.90
2025-06-25,P020,C0156,3,19.99
2025-09-27,P007,C0376,2,79.00
2025-08-25,P019,C0266,3,8.90
2025-03-12,P009,C0485,4,79.00
2025-12-14,P018,C0433,4,24.75
2025-10-14,P010,C0037,1,19.99
2025-05-07,P014,C0244,3,49.90
2025-05-26,P001,C0047,2,24.75
2025-12-09,P014,C0287,10,49.90
2025-07-10,P003,C0066,2,79.00
2025-08-26,P012,C0298,4,49.90
2025-10-19,P006,C0197,1,49.90
2025-11-22,P017,C0097,5,24.75
2025-12-16,P017,C0267,3,19.99
2025-10-20,P012,C0348,4,8.90
2025-02-22,P013,C0021,3,24.75
2025-04-23,P013,C0083,1,24.75
2025-06-28,P002,C0496,1,24.75
2025-01-29,P011,C0132,2,79.00
2025-10-15,P020,C0235,2,12.50
2025-04-28,P007,C0275,5,12.50
2025-11-18,P001,C0292,2,35.00
2025-07-09,P002,C0062,5,19.99
2025-06-25,P010,C0386,1,19.99
2025-04-03,P015,C0185,3,49.90
2025-05-21,P001,C0250,2,8.90
2025-12-23,P001,C0372,1,19.99
2025-11-26,P010,C0379,1,19.99
2025-10-25,P002,C0332,2,8.90
2025-07-21,P008,C0465,5,12.50
2025-10-07,P009,C0308,1,12.50
2025-07-30,P010,C0143,1,24.75
2025-08-04,P019,C0145,1,24.75
2025-05-26,P018,,10,35.00
2025-05-07,P006,C0111,4,49.90
2025-02-01,P011,C0395,1,49.90
2025-02-14,P009,C0301,0,8.90
2025-04-07,P005,C0165,2,12.50
2025-11-08,P007,C0003,2,49.90
2025-08-21,P017,C0100,4,19.99
2025-11-18,P001,C0207,2,24.75
2025-10-14,P005,C0476,3,12.50
2025-05-16,P020,C0128,5,8.90
2025-11-19,P008,C0296,1,79.00
2025-03-06,P002,C0191,2,24.75
2025-05-04,P005,C0487,4,24.75
2025-10-19,P007,C0090,4,49.90
2025-04-09,P014,C0099,1,35.00
2025-03-26,P009,C0448,2,49.90
2025-04-23,P002,C0087,1,79.00
2025-10-29,P020,C0246,1,49.90
2025-05-08,P002,C0019,4,24.75
2025-07-16,P018,C0363,3,24.75
2025-03-23,P006,C0285,5,12.50
2025-11-26,P001,C0215,5,79.00
2025-04-13,P013,C0073,1,49.90
2025-01-04,P001,C0500,4,35.00
2025-04-30,P014,C0214,10,24.75
2025-08-26,P001,C0358,1,79.00
2025-07-14,P009,C0436,2,8.90
2025-07-08,P003,C0426,1,49.90
2025-04-18,P001,C0467,2,19.99
2025-07-08,P012,C0497,10,19.99
2025-11-27,P006,C0094,10,79.00
2025-03-23,P010,C0321,2,79.00
2025-08-29,P003,C0228,4,8.90
2025-06-26,P019,C0242,3,24.75
2025-10-30,P015,C0140,5,79.00
2025-05-23,P010,C0032,4,49.90
2025-10-20,P011,C0339,1,24.75
2025-01-26,,C0197,3,35.00
2025-01-13,P019,C0301,2,24.75
2025-04-13,P009,C0179,5,24.75
2025-11-25,P006,C0085,2,35.00
2025-12-09,P013,C0100,4,35.00
2025-04-21,P018,C0496,1,79.00
2025-11-09,P003,C0475,5,79.00
2025-04-08,P017,C0443,10,35.00
2025-06-20,P011,C0302,2,8.90
2025-01-02,P011,C0394,5,19.99
2025-07-31,P018,C0134,2,79.00
2025-04-17,P004,C0199,1,24.75
2025-08-15,P016,C0151,4,19.99
2025-02-18,P006,C0266,4,24.75
2025-07-27,P001,C0110,1,12.50
2025-08-22,P012,C0277,1,19.99
2025-08-10,P001,C0408,1,35.00
2025-10-22,P010,C0422,5,24.75
2025-03-15,P019,C0254,1,12.50
2025-01-30,P010,C0171,3,12.50
2025-09-19,P019,C0395,20,24.75
2025-06-29,P012,C0379,5,19.99
2025-12-01,P015,C0485,4,35.00
2025-09-26,P014,C0393,3,8.90
2025-02-08,P012,C0267,4,8.90
2025-01-02,P014,C0022,2,19.99
2025-07-06,P005,C0297,1,24.75
2025-04-13,P010,C0373,3,8.90
2025-04-16,P014,C0482,4,79.00
2025-02-02,P005,C0326,4,79.00
2025-10-20,P009,C0292,2,12.50
2025-01-19,P020,C0308,1,49.90
2025-12-06,P009,C0055,1,24.75
2025-08-13,P011,C0152,1,12.50
2025-06-18,P004,C0448,3,19.99
2025-04-08,P017,C0011,2,35.00
2025-02-01,P007,C0204,1,49.90
2025-11-30,P019,C0369,5,19.99
2025-05-19,P002,C0297,3,79.00
2025-12-22,P007,C0452,2,49.90
2025-07-24,P003,C0212,3,12.50
2025-03-06,P017,C0245,1,19.99
2025-03-23,P015,C0477,2,79.00
2025-12-22,P009,C0058,3,8.90
2025-06-07,P014,C0185,10,19.99
2025-05-26,P016,C0129,1,24.75
2025-02-20,P009,C0384,2,12.50
2025-10-08,P011,C0125,2,24.75
2025-08-20,P017,C0058,5,24.75
2025-08-29,P002,C0494,1,12.50
2025-09-14,P001,C0133,10,19.99
2025-02-02,P007,C0291,4,24.75
2025-12-28,P019,C0475,5,19.99
2025-08-10,P016,C0186,1,12.50
2025-02-27,P018,C0178,1,19.99
2025-08-16,P007,C0038,2,19.99
2025-03-08,P005,C0319,2,19.99
2025-10-28,P017,C0375,2,49.90
2025-10-31,P012,C0353,1,24.75
2025-07-16,P014,C0044,3,79.00
2025-12-07,P019,C0486,2,79.00
2025-05-29,P003,C0298,20,19.99
2025-06-17,P005,C0246,2,79.00
2025-02-26,P005,C0172,5,35.00
2025-03-09,P005,C0036,3,49.90
2025-03-05,P012,C0214,4,35.00
2025-03-05,P016,C0382,4,35.00
2025-03-23,P006,C0302,1,19.99
2025-06-01,P013,C0079,2,35.00
2025-04-08,P003,C0249,1,19.99
2025-05-30,P016,C0256,5,8.90
2025-03-05,P016,C0429,2,24.75
2025-07-05,P009,C0155,2,12.50
2025-05-19,P007,C0403,1,24.75
2025-01-28,P004,C0032,1,19.99
2025-10-23,P019,C0430,3,24.75
2025-12-07,P019,C0041,3,49.90
2025-03-27,P003,C0264,2,12.50
2025-10-08,P011,C0447,1,79.00
2025-01-16,P012,C0136,5,24.75
2025-11-04,P003,C0231,5,49.90
2025-07-05,P020,C0287,3,12.50
2025-03-18,P008,C0318,3,19.99
2025-09-03,P001,C0065,2,12.50
2025-10-09,P013,C0381,2,79.00
2025-06-02,P015,C0281,2,19.99
2025-08-11,P020,C0150,2,12.50
2025-05-02,P014,C0393,20,8.90
2025-04-10,P017,C0188,2,19.99
2025-08-04,P001,C0108,0,8.90
2025-01-24,P004,C0066,20,49.90
2025-02-08,P018,C0482,2,12.50
2025-11-22,P012,C0465,5,49.90
2025-03-03,P009,C0470,2,49.90
2025-09-03,P015,C0086,4,49.90
2025-12-09,P004,C0083,4,49.90
2025-02-04,P009,C0495,3,12.50
2025-03-23,P012,C0005,4,19.99
2025-11-17,P006,C0323,3,35.00
2025-04-05,P007,C0099,1,49.90
2025-01-05,P017,C0432,3,79.00
2025-04-28,P016,C0460,3,19.99
2025-02-03,P003,C0442,2,8.90
2025-02-22,P010,C0285,1,12.50
2025-11-18,P005,C0009,1,35.00
2025-12-22,P005,C0158,1,24.75
2025-06-26,P001,C0187,2,12.50
2025-12-15,P013,C0295,4,19.99
2025-01-26,P007,C0490,1,12.50
2025-09-10,P010,C0480,5,19.99
2025-11-10,P011,C0067,1,49.90
2025-11-01,P010,C0158,2,35.00
2025-01-23,P020,C0141,2,8.90
2025-08-02,P008,C0496,2,8.90
2025-02-17,P018,C0140,1,49.90
2025-07-23,P009,C0483,3,35.00
2025-10-16,P001,C0242,1,49.90
2025-03-05,P003,C0469,2,79.00
2025-08-03,P016,C0136,3,49.90
2025-12-13,P017,C0247,2,8.90
2025-06-16,P004,C0142,4,8.90
2025-01-12,P001,C0319,20,19.99
2025-07-31,P007,C0149,2,35.00
2025-11-21,P017,C0420,4,49.90
2025-12-06,P007,C0042,3,49.90
2025-04-30,P015,C0321,3,8.90
2025-12-19,P012,C0300,3,79.00
2025-04-19,P008,C0313,10,12.50
2025-10-12,P018,C0411,1,24.75
2025-07-18,P018,C0053,2,49.90
2025-07-30,P019,C0218,4,12.50
2025-09-15,P013,C0341,3,12.50
2025-10-23,P016,C0081,3,79.00
2025-05-07,P016,C0418,1,79.00
2025-08-16,P009,C0218,10,35.00
2025-08-03,P001,C0192,1,8.90
2025-08-08,P019,C0029,1,49.90
2025-04-22,P019,C0424,1,8.90
2025-01-03,P002,C0419,-2,35.00
2025-03-25,P018,C0438,1,79.00
2025-11-03,P014,C0242,3,49.90
2025-02-22,P002,C0300,4,35.00
2025-08-02,P005,C0410,1,79.00
2025-08-26,P002,C0226,4,35.00
2025-04-24,P005,C0352,4,8.90
2025-03-02,P018,C0275,2,79.00
2025-12-28,P014,C0252,1,24.75
2025-04-20,P018,C0040,5,12.50
2025-07-21,P004,C0069,2,24.75
2025-02-08,P017,C0392,5,79.00
2025-04-20,P012,C0379,1,8.90
2025-10-25,P019,C0225,4,24.75
2025-12-23,P001,C0103,2,35.00
2025-04-07,P016,C0100,2,8.90
2025-03-08,P012,C0183,3,8.90
2025-03-21,P011,C0276,1,19.99
2025-01-31,P002,C0338,3,8.90
2025-08-12,P010,C0349,5,12.50
2025-01-08,P013,C0304,3,12.50
2025-11-04,P001,C0047,20,79.00
2025-08-22,P010,C0120,10,49.90
2025-08-04,P008,C0387,1,19.99
2025-09-03,P002,C0186,3,49.90
2025-11-08,P007,C0205,5,19.99
2025-08-09,P005,C0009,1,49.90
2025-05-15,P018,C0008,1,8.90
2025-06-08,P004,C0113,2,19.99
2025-05-14,P002,C0088,3,24.75
2025-03-09,P019,C0224,10,24.75
2025-03-08,P009,C0168,1,8.90
2025-06-17,P017,C0418,1,24.75
2025-01-04,P016,C0230,2,12.50
2025-03-07,P020,C0228,4,19.99
2025-02-02,P015,C0110,4,8.90
2025-05-23,P015,C0207,10,8.90
2025-04-21,P015,C0138,4,79.00
2025-12-01,P005,C0232,1,8.90
2025-11-01,P010,C0368,3,12.50
2025-04-10,P015,C0367,3,49.90
2025-04-17,P012,C0319,1,79.00
2025-05-28,P017,C0113,5,19.99
2025-12-25,P002,C0347,5,19.99
2025-10-03,P013,C0258,1,12.50
2025-08-22,P003,C0425,3,35.00
2025-03-25,P013,C0262,2,35.00
2025-01-25,P015,C0323,3,19.99
2025-08-01,P020,C0349,5,19.99
2025-01-19,P004,C0101,1,24.75
2025-10-19,P013,C0233,1,35.00
2025-02-01,P010,C0480,1,35.00
2025-12-13,P011,C0077,1,19.99
2025-07-31,P003,C0449,2,12.50
2025-07-30,P012,C0154,2,35.00
2025-10-08,P006,C0368,4,19.99
2025-09-10,P001,C0465,1,24.75
2025-02-19,P004,C0282,20,35.00
2025-06-06,P018,C0237,2,8.90
2025-09-07,P005,C0482,10,35.00
2025-01-29,P009,C0124,20,19.99
2025-02-24,P011,C0236,4,49.90
2025-05-27,P003,C0318,1,49.90
2025-12-17,P011,C0188,3,35.00
2025-10-10,P007,C0100,3,79.00
2025-03-22,P012,C0278,1,8.90
2025-03-23,P009,C0005,2,8.90
2025-10-18,P003,C0440,4,12.50
2025-10-07,P014,C0316,3,12.50
2025-10-26,P018,C0500,2,35.00
2025-06-08,P008,C0011,1,19.99
2025-05-01,P011,C0406,1,35.00
2025-01-10,P006,C0021,3,79.00
2025-08-23,P020,C0209,4,24.75
2025-07-24,P017,C0103,2,19.99
2025-07-22,P002,C0157,2,12.50
2025-03-07,P017,C0257,5,8.90
2025-02-21,P015,C0386,10,49.90
2025-10-11,P003,C0422,1,24.75
2025-11-24,P006,C0457,3,24.75
2025-11-04,P019,C0165,2,49.90
2025-10-03,P016,C0492,1,24.75
2025-03-14,P012,C0298,5,49.90
2025-05-19,P011,C0022,4,35.00
2025-01-08,P002,C0062,4,79.00
2025-02-28,P003,C0382,2,12.50
2025-05-08,P007,C0028,1,19.99
2025-12-08,P003,C0005,2,19.99
2025-08-17,P016,C0393,1,8.90
2025-11-22,P019,C0077,4,19.99
2025-03-06,P005,C0169,1,24.75
2025-11-02,P013,C0375,2,49.90
2025-06-11,P017,C0017,2,8.90
2025-08-27,P010,C0251,4,79.00
2025-03-13,P006,C0437,3,49.90
2025-11-19,P003,C0148,1,8.90
2025-11-19,P008,C0457,1,79.00
2025-05-13,P008,C0030,5,79.00
2025-07-10,P007,C0207,-2,12.50
2025-08-29,P011,C0022,3,12.50
2025-05-24,P010,C0012,5,24.75
2025-07-02,P004,C0093,2,35.00
2025-09-17,P014,C0246,5,49.90
2025-09-08,P011,C0340,5,24.75
2025-01-14,P016,C0198,1,35.00
2025-06-04,P004,C0396,1,35.00
2025-07-15,P015,C0286,2,12.50
2025-03-30,P001,C0186,3,35.00
2025-07-20,P005,C0278,2,12.50
2025-04-29,P010,C0180,3,35.00
2025-11-23,P015,C0089,0,12.50
2025-04-11,P019,C0066,3,8.90
2025-12-04,P014,C0275,2,49.90
2025-11-03,P010,C0466,5,49.90
2025-05-19,P012,C0160,3,24.75
2025-09-15,P020,C0206,4,79.00
2025-09-15,P020,C0387,1,19.99
2025-12-18,P011,C0384,2,49.90
2025-02-09,P008,C0269,2,8.90
2025-09-26,P004,C0066,1,12.50
2025-07-28,P015,C0462,4,35.00
2025-08-08,P016,C0371,2,24.75
2025-04-23,P013,C0493,2,12.50
2025-09-28,P012,C0392,3,19.99
2025-01-31,P005,C0414,2,49.90
2025-02-20,P012,C0480,4,49.90
2025-08-27,P001,C0451,2,8.90
2025-01-16,P018,C0174,1,12.50
2025-04-29,P011,C0392,1,8.90
2025-08-02,P003,C0320,4,49.90
2025-10-13,P015,C0127,2,49.90
2025-12-03,P019,C0443,5,49.90
2025-02-23,P010,C0247,2,19.99
2025-04-18,P001,C0295,1,35.00
2025-09-01,P016,C0453,2,24.75
2025-11-24,P010,C0325,4,19.99
2025-04-29,P003,C0232,20,12.50
2025-05-22,P019,C0048,20,8.90
2025-03-09,P010,C0301,5,12.50
2025-10-08,P009,C0080,1,24.75
2025-05-08,P015,C0243,4,24.75
2025-04-18,P007,C0469,2,19.99
2025-05-18,P006,C0081,1,24.75
2025-12-19,P005,C0158,10,12.50
2025-10-17,P018,C0042,3,79.00
2025-06-30,P013,C0451,10,24.75
2025-09-19,P004,C0169,3,19.99
2025-09-16,P005,C0214,5,19.99
2025-03-16,P006,C0029,1,19.99
2025-07-14,P017,C0478,5,12.50
2025-04-10,P009,C0356,3,8.90
2025-07-29,P019,C0442,5,19.99
2025-04-16,P014,C0366,1,12.50
2025-07-30,P019,C0289,5,79.00
2025-03-27,P004,C0307,2,24.75
2025-11-25,P008,C0061,1,49.90
2025-02-06,P018,C0264,3,12.50
2025-06-01,P006,C0387,1,35.00
2025-02-19,P001,C0414,1,8.90
2025-11-30,P016,C0046,2,8.90
2025-02-24,P005,C0096,3,79.00
2025-08-16,P016,C0093,2,79.00
2025-02-10,P004,C0291,3,35.00
2025-07-22,P004,C0049,20,49.90
2025-09-26,P014,C0406,2,35.00
2025-10-14,P008,C0185,0,35.00
2025-07-14,P015,C0317,1,49.90
2025-10-01,P001,C0465,2,12.50
2025-03-13,P009,C0279,1,8.90
2025-06-14,P002,C0414,10,19.99
2025-12-19,P009,C0068,1,8.90
2025-02-08,P004,C0380,10,8.90
2025-09-26,P001,C0484,4,8.90
2025-03-24,P017,C0179,10,24.75
2025-08-23,P003,C0325,4,19.99
2025-08-10,P006,C0141,1,49.90
2025-02-16,P018,C0226,3,24.75
2025-09-08,P001,C0472,1,35.00
2025-09-15,P006,C0393,1,12.50
2025-05-07,P012,C0151,2,12.50
2025-07-13,P003,C0196,2,49.90
2025-09-11,P007,C0125,4,35.00
2025-11-18,P002,C0039,3,35.00
2025-08-15,P004,C0019,1,35.00
2025-05-08,P013,C0229,1,8.90
2025-10-29,,C0469,2,24.75
2025-05-08,P020,C0449,5,24.75
2025-04-08,P011,C0080,3,8.90
2025-11-01,P017,C0417,3,35.00
2025-04-07,P013,C0335,2,19.99
2025-07-24,P001,C0208,1,12.50
2025-08-21,P009,C0040,2,24.75
2025-07-21,P006,C0363,2,49.90
2025-11-27,P017,C0319,1,79.00
2025-03-25,P012,C0415,2,35.00
2025-08-12,P002,C0403,2,49.90
2025-06-28,P019,C0399,4,12.50
2025-04-21,P015,C0280,4,79.00
2025-12-19,P009,C0416,1,49.90
2025-11-06,P018,C0444,2,12.50
2025-12-31,P005,C0224,4,19.99
2025-01-14,P002,C0237,2,24.75
2025-02-23,P011,C0062,1,12.50
2025-02-20,P017,C0119,1,79.00
2025-11-22,P019,C0264,20,49.90
2025-01-13,P001,C0003,1,24.75
2025-08-16,P019,C0272,2,19.99
2025-03-18,P010,C0099,3,24.75
2025-05-05,P015,C0116,2,8.90
2025-07-24,P004,C0379,1,12.50
2025-04-11,P016,C0449,4,49.90
2025-10-16,P012,C0159,2,12.50
2025-11-18,P003,C0017,3,12.50
2025-06-10,P003,C0131,3,12.50
2025-07-01,P005,C0313,1,79.00
2025-04-22,P019,C0042,3,79.00
2025-11-19,P009,C0289,4,79.00
2025-09-27,P003,C0112,4,79.00
2025-02-13,P005,C0305,3,49.90
2025-11-25,P007,C0218,1,12.50
2025-09-01,P006,C0015,5,79.00
2025-09-21,P017,C0364,1,79.00
2025-07-10,P007,C0046,5,8.90
2025-04-11,P001,C0405,1,8.90
2025-07-02,P007,C0402,4,8.90
2025-08-23,P018,C0302,3,19.99
2025-02-21,P002,C0183,4,35.00
2025-07-31,P007,C0490,3,35.00
2025-10-03,P009,C0006,4,35.00
2025-09-28,P012,C0223,3,35.00
2025-07-26,P011,C0329,2,19.99
2025-07-28,P006,C0136,1,35.00
2025-11-18,P001,C0126,4,19.99
2025-10-30,P011,C0101,4,35.00
2025-11-18,P007,C0198,2,24.75
2025-08-19,P019,C0334,3,12.50
2025-08-19,P018,C0284,2,19.99
2025-10-07,P016,C0342,2,12.50
2025-04-01,P010,C0306,1,19.99
2025-08-14,P020,C0425,5,19.99
2025-03-16,P014,C0221,3,49.90
2025-03-08,P005,C0070,2,79.00
2025-01-09,P005,C0319,3,8.90
2025-01-09,P017,C0172,0,8.90
2025-10-06,P018,C0248,10,79.00
2025-10-20,P019,C0321,4,35.00
2025-04-03,P001,C0332,2,24.75
2025-12-05,P007,C0133,1,35.00
2025-07-31,P001,C0098,1,12.50
2025-02-07,P006,C0111,2,35.00
2025-05-31,P013,C0134,5,12.50
2025-12-30,P007,C0077,2,79.00
2025-11-16,P013,C0371,10,12.50
2025-12-09,P015,C0118,4,12.50
2025-11-23,P019,C0321,3,79.00
2025-01-02,P007,C0072,10,12.50
2025-02-12,P011,C0094,-2,35.00
2025-03-04,P011,C0124,1,12.50
2025-10-22,P006,C0209,3,49.90
2025-10-05,P002,C0157,10,19.99
2025-04-23,P011,C0053,10,8.90
2025-05-16,P019,C0237,1,35.00
2025-05-06,P003,C0223,4,49.90
2025-01-05,P001,C0210,2,8.90
2025-07-13,P018,C0059,-2,49.90
2025-02-23,P005,C0420,1,35.00
2025-08-17,P013,C0369,1,24.75
2025-07-18,P006,C0305,3,8.90
2025-08-29,P008,C0500,3,35.00
2025-04-01,P011,C0084,2,79.00
2025-10-07,P018,C0409,1,79.00
2025-06-15,P013,C0219,4,19.99
2025-11-30,P006,C0241,2,12.50
2025-09-30,P006,C0034,5,12.50
2025-12-28,P002,C0435,2,24.75
2025-03-04,P019,C0275,2,19.99
2025-10-02,P019,C0305,2,19.99
2025-12-08,P007,C0499,1,79.00
2025-03-18,P011,C0012,1,49.90
2025-11-29,P004,C0211,5,12.50
2025-10-31,P018,C0062,1,8.90
2025-08-27,P018,C0322,2,12.50
2025-10-11,P007,C0219,3,12.50
2025-04-01,P010,C0128,20,35.00
2025-12-18,P018,C0231,2,19.99
2025-07-14,P009,C0292,3,19.99
2025-05-06,P013,C0212,1,79.00
2025-01-16,P004,C0256,3,8.90
2025-02-09,P003,C0286,4,19.99
2025-06-12,P005,C0342,-2,49.90
2025-11-06,P011,C0192,2,8.90
2025-01-12,P004,C0489,3,19.99
2025-07-26,P014,C0375,1,19.99
2025-02-15,P004,C0367,2,12.50
2025-07-11,P011,C0179,2,49.90
2025-06-04,P003,C0246,1,35.00
2025-04-05,P001,C0148,4,8.90
2025-02-24,P006,C0289,5,12.50
2025-05-24,P003,C0315,1,24.75
2025-10-04,P003,C0343,1,12.50
2025-03-04,P006,C0487,1,35.00
2025-05-13,P011,C0248,20,49.90
2025-01-13,P011,C0201,2,79.00
2025-11-13,P005,C0190,2,49.90
2025-12-06,P003,C0054,5,49.90
2025-08-27,P016,C0041,20,12.50
2025-10-21,P008,C0467,4,8.90
2025-02-27,P013,C0374,2,49.90
2025-01-15,P003,C0127,2,8.90
2025-06-16,P013,C0455,4,19.99
2025-11-02,P005,C0013,2,24.75
2025-07-30,P020,C0058,1,12.50
2025-09-20,P013,C0474,5,24.75
2025-01-18,P008,C0090,5,49.90
2025-11-30,P020,C0313,4,8.90
2025-03-13,P019,C0403,3,19.99
2025-09-11,P013,C0193,2,19.99
2025-04-26,P017,C0496,1,49.90
2025-06-13,P006,C0088,4,24.75
2025-01-16,P017,C0302,2,8.90
2025-09-11,P002,C0220,3,12.50
2025-11-09,P005,C0491,4,8.90
2025-08-05,P006,C0374,2,8.90
2025-07-15,P012,C0019,1,19.99
2025-12-17,P006,C0084,2,8.90
2025-01-18,P018,C0362,10,49.90
2025-06-25,P005,C0460,4,79.00
2025-11-04,P009,C0409,1,19.99
2025-08-08,P016,C0062,10,35.00
2025-07-23,P007,C0426,1,8.90
2025-11-17,P013,C0261,2,79.00
2025-10-03,P015,C0480,1,24.75
2025-03-17,P007,C0333,1,79.00
2025-09-21,P020,C0448,1,12.50
2025-05-25,P012,C0211,5,24.75
2025-10-11,P018,C0435,5,8.90
2025-05-18,P004,C0417,1,49.90
2025-10-08,P007,C0415,10,8.90
2025-12-23,P009,C0368,1,79.00
2025-05-10,P002,C0427,1,19.99
2025-12-09,P019,C0156,4,12.50
2025-09-16,P014,C0277,3,12.50
2025-12-11,P014,C0184,4,24.75
2025-08-03,P011,C0143,2,35.00
2025-05-02,P014,C0459,4,8.90
2025-04-16,P017,C0342,2,49.90
2025-12-31,P011,C0095,-2,79.00
2025-08-10,P007,C0464,2,49.90
2025-12-27,P008,C0107,1,12.50
2025-11-04,P007,C0117,3,79.00
2025-04-20,P007,C0048,10,49.90
2025-07-31,P006,C0278,2,12.50
2025-03-11,P004,C0188,10,49.90
2025-06-29,P013,C0166,2,24.75
2025-03-16,P019,C0370,1,12.50
2025-02-27,P014,C0409,5,8.90
2025-05-01,P015,C0396,1,49.90
2025-02-08,P019,C0206,1,8.90
2025-08-18,P005,C0368,1,49.90
2025-03-24,P016,C0346,4,24.75
2025-05-04,P005,C0423,4,24.75
2025-09-09,P001,C0021,3,8.90
2025-12-10,P012,C0166,2,12.50
2025-01-26,P020,C0434,10,35.00
2025-11-23,P005,C0315,3,79.00
2025-01-24,P006,C0153,2,35.00
2025-08-15,P004,C0366,1,12.50
2025-02-10,P010,C0098,2,35.00
2025-02-18,P020,C0377,2,24.75
2025-02-12,P019,C0188,2,19.99
2025-12-30,P013,C0266,5,8.90
2025-03-09,P006,C0157,3,12.50
2025-03-24,P010,,3,8.90
2025-05-05,P013,C0441,2,24.75
2025-09-06,P018,C0060,2,35.00
2025-01-28,P008,C0181,1,8.90
2025-05-06,P020,C0071,2,19.99
2025-07-11,P016,C0405,10,79.00
2025-07-26,P019,C0047,5,49.90
2025-12-23,P017,C0468,5,12.50
2025-11-03,P006,C0038,4,8.90
2025-02-07,P002,C0339,1,19.99
2025-02-14,P015,C0199,1,49.90
2025-09-07,P005,C0453,10,12.50
2025-11-25,P010,C0430,2,19.99
2025-07-12,P001,C0268,1,19.99
2025-04-08,P015,C0167,3,8.90
2025-07-09,P009,C0026,4,19.99
2025-11-02,P002,C0215,1,79.00
2025-02-10,P002,C0255,4,8.90
2025-03-22,P005,C0261,5,12.50
2025-10-02,P015,C0071,10,12.50
2025-10-27,P012,C0500,2,79.00
2025-06-30,P015,C0397,3,12.50
2025-08-23,P017,C0192,1,8.90
2025-07-09,P006,C0211,1,8.90
2025-12-11,P016,C0467,3,19.99
2025-03-04,P007,C0154,2,79.00
2025-06-20,P012,C0130,1,35.00
2025-05-02,P006,C0354,5,12.50
2025-01-22,P015,C0237,4,49.90
2025-05-24,P015,C0017,10,49.90
2025-02-27,P013,C0241,2,35.00
2025-03-01,P012,C0471,-2,24.75
2025-11-25,P006,C0094,2,79.00
2025-11-21,P013,C0490,3,24.75
2025-03-13,P011,C0405,3,24.75
2025-06-05,,,3,79.00
2025-05-14,P007,C0080,3,79.00
2025-08-04,P014,C0113,2,8.90
2025-07-18,P012,C0437,1,19.99
2025-04-22,P005,C0183,20,19.99
2025-10-11,P012,C0414,4,8.90
2025-11-09,P019,C0299,2,35.00
2025-09-27,P010,C0384,0,49.90
2025-06-11,P014,C0027,3,49.90
2025-08-02,P007,C0411,1,49.90
2025-12-15,P008,C0424,4,19.99
2025-04-26,P002,C0188,1,19.99
2025-03-02,P011,C0013,2,79.00
2025-11-16,P020,C0364,3,35.00
2025-12-06,P015,C0435,5,79.00
2025-02-27,P016,C0029,20,8.90
2025-11-24,P012,C0104,1,12.50
2025-01-19,P005,C0034,4,79.00
2025-01-21,P018,C0257,5,19.99
2025-05-16,P007,C0070,10,8.90
