date,article,customer,qty,price
2025-12-10,P005,C0244,1,24.75
2025-04-17,P007,C0049,1,12.50
2025-06-17,P001,C0459,1,19.99
2025-03-06,P010,C0279,5,79.00
2025-09-14,P011,C0292,10,24.75
2025-09-20,P010,C0237,5,49.90
2025-03-25,P005,C0296,3,19.99
2025-09-17,P017,C0155,2,24.75
2025-05-21,P007,C0425,1,19.99
2025-08-05,P016,C0319,4,12.50
2025-07-15,P016,C0073,4,19.99
2025-03-02,P013,C0053,10,8.90
2025-12-21,P010,C0387,4,35.00
2025-11-13,P010,C0128,2,24.75
2025-05-09,P013,C0257,1,19.99
2025-12-28,P001,C0205,2,19.99
2025-06-17,P016,C0050,3,35.00
2025-10-06,P008,C0389,2,49.90
2025-09-17,P016,C0402,2,79.00
2025-03-15,P005,C0324,10,49.90
2025-03-04,P005,C0006,2,35.00
2025-11-05,P017,C0343,2,19.99
2025-06-25,P019,C0426,3,49.90
2025-01-25,P010,C0157,4,19.99
2025-01-15,P018,C0188,4,8.90
2025-12-02,P009,C0291,1,12.50
2025-11-25,P009,C0134,3,24.75
2025-11-11,P019,C0491,1,24.75
2025-05-31,P008,C0336,3,12.50
2025-09-21,P009,C0337,4,24.75
2025-10-31,P015,C0447,1,35.00
2025-02-05,P001,C0433,2,8.90
2025-11-02,P016,C0322,0,24.75
2025-06-12,P019,C0340,1,49.90
2025-02-08,P004,C0012,1,49.90
2025-03-16,P008,C0167,2,24.75
2025-07-01,P005,C0360,3,79.00
2025-01-24,P019,C0100,1,8.90
2025-03-08,P018,C0056,4,49.90
2025-07-22,P019,C0078,5,49.90
2025-11-21,P017,C0246,10,8.90
2025-04-16,P018,C0131,3,24.75
2025-02-07,P017,C0230,10,12.50
2025-05-04,P014,C0350,1,35.00
2025-08-16,P019,C0443,2,24.75
2025-11-24,P002,C0165,-2,8.90
2025-10-01,P003,C0462,2,49.90
2025-02-04,P018,C0062,1,24.75
2025-12-13,P018,C0354,2,12.50
2025-12-26,P020,C0006,2,35.00
2025-03-14,P017,C0017,1,8.90
2025-04-12,P014,C0272,5,8.90
2025-04-13,P005,C0299,2,79.00
2025-09-18,P004,C0436,3,79.00
2025-05-04,P014,C0463,10,35.00
2025-08-18,P018,C0195,5,8.90
2025-03-02,P007,C0371,1,49.90
2025-07-05,P017,C0364,2,35.00
2025-09-27,P015,C0009,2,8.90
2025-07-07,P020,C0201,10,24.75
2025-08-14,P002,C0179,3,8.90
2025-09-18,P016,C0311,2,79.00
2025-09-04,P019,C0028,2,12.50
2025-09-13,P004,C0494,1,12.50
2025-11-07,P015,C0123,1,24.75
2025-12-31,P010,C0146,2,35.00
2025-07-08,P011,C0413,1,79.00
2025-10-07,P008,C0426,1,49.90
2025-01-21,P005,C0272,1,12.50
2025-01-03,P011,C0133,2,35.00
2025-06-08,P004,C0089,1,19.99
2025-08-01,P020,C0345,2,19.99
2025-10-12,P010,C0455,1,8.90
2025-02-12,P003,C0368,3,79.00
2025-05-13,P011,C0327,1,19.99
2025-06-21,P013,C0047,1,49.90
2025-09-27,P015,C0453,4,35.00
2025-07-02,P005,C0305,2,49.90
2025-03-26,P001,C0284,1,8.90
2025-05-22,P006,C0002,3,24.75
2025-02-06,P001,C0273,1,19.99
2025-11-26,P016,C0292,3,8.90
2025-06-14,P004,C0083,10,19.99
2025-02-24,P016,C0137,10,49.90
2025-12-20,P006,C0367,1,24.75
2025-10-08,P009,C0330,5,19.99
2025-10-29,P008,C0251,3,24.75
2025-03-14,P003,C0374,4,24.75
2025-06-04,P014,C0461,5,35.00
2025-04-28,P005,C0318,1,19.99
2025-03-02,P008,C0133,10,35.00
2025-03-18,P004,C0127,5,8.90
2025-07-09,P018,C0354,1,35.00
2025-03-27,P005,C0129,5,12.50
2025-04-18,P002,C0231,0,19.99
2025-11-27,P005,C0158,5,12.50
2025-09-06,P015,C0349,2,8.90
2025-02-11,P013,C0054,2,24.75
2025-12-05,P019,C0469,5,24.75
2025-09-18,P004,C0238,1,35.00
2025-06-06,P006,C0152,4,79.00
2025-03-19,P020,C0317,1,35.00
2025-07-12,P014,C0237,1,49.90
2025-08-13,P006,C0259,1,19.99
2025-03-27,P011,C0488,2,8.90
2025-06-23,P012,C0285,5,12.50
2025-12-20,P019,C0170,3,24.75
2025-06-29,P012,C0072,2,19.99
2025-06-13,P002,C0241,20,12.50
2025-08-04,P013,C0405,2,35.00
2025-06-10,P020,C0177,5,49.90
2025-04-30,P017,C0036,3,12.50
2025-08-21,P013,C0257,1,19.99
2025-12-12,P013,C0118,1,35.00
2025-03-10,P017,C0489,5,19.99
2025-08-06,P004,C0429,2,12.50
2025-11-17,P006,C0216,1,19.99
2025-11-09,P011,C0222,10,8.90
2025-07-16,P018,C0178,5,35.00
2025-12-06,P006,C0483,5,79.00
2025-12-15,P019,C0111,2,35.00
2025-06-20,P017,C0432,5,8.90
2025-11-22,P017,C0238,5,49.90
2025-05-27,P010,C0181,1,24.75
2025-08-19,P001,C0039,3,8.90
2025-02-27,P007,C0478,3,79.00
2025-08-30,P019,C0473,1,79.00
2025-03-27,P012,C0015,1,79.00
2025-08-25,P016,C0309,2,19.99
2025-11-14,P004,C0424,2,24.75
2025-10-31,P011,C0284,1,19.99
2025-01-16,P006,C0478,3,35.00
2025-06-29,P008,C0160,4,12.50
2025-04-14,P002,C0495,2,12.50
2025-03-16,P006,C0416,0,79.00
2025-12-01,P007,C0212,-2,8.90
2025-04-05,P016,C0492,2,12.50
2025-09-17,P011,C0394,4,35.00
2025-07-16,P018,C0085,1,79.00
2025-09-12,P012,C0405,5,24.75
2025-05-04,P015,C0294,3,12.50
2025-10-15,P019,C0029,5,8.90
2025-02-07,P010,C0413,0,35.00
2025-12-07,P013,C0335,1,19.99
2025-04-18,P009,C0021,10,49.90
2025-03-10,P015,C0038,3,35.00
2025-08-07,P016,C0280,1,35.00
2025-06-30,P009,C0495,5,12.50
2025-08-30,P001,C0197,10,12.50
2025-09-04,P011,C0443,2,49.90
2025-09-25,P009,C0202,2,8.90
2025-03-16,P013,C0261,4,35.00
2025-04-08,P008,C0381,5,8.90
2025-01-04,P007,C0099,1,49.90
2025-05-14,P007,C0151,1,35.00
2025-04-08,P012,C0410,4,19.99
2025-03-14,P014,C0174,1,35.00
2025-09-05,P007,C0115,1,8.90
2025-04-21,P005,C0454,1,8.90
2025-05-16,P009,C0203,2,35.00
2025-02-16,P006,C0252,5,8.90
2025-08-15,P011,C0263,3,12.50
2025-10-27,P020,C0148,3,12.50
2025-06-30,P002,C0033,1,12.50
2025-03-23,P018,C0213,1,8.90
2025-07-30,P013,C0047,2,49.90
2025-11-18,P019,C0277,2,79.00
2025-06-22,P010,C0114,1,79.00
2025-06-10,P020,C0345,1,79.00
2025-09-20,P013,C0373,20,19.99
2025-09-10,P014,C0040,2,79.00
2025-05-16,P008,C0020,5,19.99
2025-04-03,P008,C0370,4,12.50
2025-01-26,P013,C0087,1,24.75
2025-02-02,P002,C0264,10,8.90
2025-03-28,P015,C0092,1,35.00
2025-07-06,P003,C0106,4,49.90
2025-02-14,P014,C0349,4,49.90
2025-07-13,P012,C0470,4,79.00
2025-10-17,P003,C0112,5,19.99
2025-10-05,P018,C0483,5,35.00
2025-08-25,P007,C0433,1,24.75
2025-11-08,P001,C0358,1,24.75
2025-11-24,P017,C0099,2,79.00
2025-11-27,P012,C0334,1,24.75
2025-04-01,P007,C0497,5,24.75
2025-02-09,P007,C0152,3,8.90
2025-01-26,P010,C0119,3,79.00
2025-11-23,P003,C0412,4,8.90
2025-04-07,P017,C0269,1,8.90
2025-05-04,P008,C0170,2,8.90
2025-03-06,P019,C0283,2,24.75
2025-01-21,P001,C0382,2,12.50
2025-08-03,P006,C0279,1,12.50
2025-05-26,P005,C0449,1,35.00
2025-09-14,P011,C0153,5,49.90
2025-05-10,P003,C0498,5,8.90
2025-04-16,P017,C0458,10,79.00
2025-07-25,P013,C0395,3,79.00
2025-09-05,P013,C0112,3,19.99
2025-12-05,P014,C0437,5,79.00
2025-08-25,P018,C0375,3,19.99
2025-03-11,P008,C0328,4,79.00
2025-11-26,P007,C0032,1,24.75
2025-01-21,P014,C0320,2,19.99
2025-02-05,P008,C0051,1,8.90
2025-03-14,P013,C0370,1,79.00
2025-10-19,P014,C0215,4,35.00
2025-04-12,P001,C0383,2,35.00
2025-04-25,P019,C0307,5,24.75
2025-10-27,P001,C0098,2,12.50
2025-01-18,P001,C0034,1,8.90
2025-10-22,P018,C0139,3,79.00
2025-11-23,P017,C0063,3,12.50
2025-06-23,P013,C0324,2,8.90
2025-01-04,P001,C0215,3,12.50
2025-05-28,P014,C0338,3,24.75
2025-05-06,P019,C0329,1,12.50
2025-11-17,P002,C0114,1,19.99
2025-10-08,P005,C0171,1,8.90
2025-11-30,P003,C0266,4,79.00
2025-05-03,P019,C0110,1,35.00
2025-11-08,P011,C0361,4,49.90
2025-12-04,P003,C0461,1,35.00
2025-01-20,P018,C0008,1,24.75
2025-05-24,P003,C0128,1,19.99
2025-12-10,P013,C0172,1,35.00
2025-05-02,P004,C0269,0,35.00
2025-08-22,P017,C0167,1,12.50
2025-04-23,P005,C0247,2,8.90
2025-02-01,P019,C0173,10,24.75
2025-08-03,P013,C0131,2,19.99
2025-10-21,P013,C0132,4,19.99
2025-10-25,P012,C0248,5,8.90
2025-06-21,P007,C0161,3,8.90
2025-06-22,P005,C0300,1,79.00
2025-03-03,P012,C0061,3,8.90
2025-05-21,P014,C0165,1,24.75
2025-08-28,P009,C0089,2,35.00
2025-06-24,P015,C0154,20,79.00
2025-06-22,P018,C0460,2,79.00
2025-10-18,P003,C0136,2,49.90
2025-10-17,P014,C0352,4,79.00
2025-07-02,P017,C0471,1,19.99
2025-01-08,P008,C0033,2,12.50
2025-09-14,P015,C0404,2,79.00
2025-12-11,P017,C0358,1,79.00
2025-10-24,P015,C0082,2,79.00
2025-12-21,P020,C0472,2,79.00
2025-05-23,P010,C0349,1,49.90
2025-07-11,P011,C0482,3,49.90
2025-11-28,P013,C0262,1,8.90
2025-06-03,P005,C0426,2,79.00
2025-10-15,P006,C0394,1,8.90
2025-09-24,P011,C0483,5,24.75
2025-03-30,P003,C0268,10,49.90
2025-08-23,P003,C0322,1,12.50
2025-09-04,P020,C0171,1,24.75
2025-10-17,P018,C0235,2,49.90
2025-12-14,P008,C0121,20,35.00
2025-05-15,P018,C0151,3,8.90
2025-01-22,P004,C0470,10,19.99
2025-01-16,P001,C0235,-2,79.00
2025-07-30,P011,C0215,2,19.99
2025-06-14,P010,C0331,1,24.75
2025-12-18,P019,C0451,3,8.90
2025-04-27,P002,C0455,20,12.50
2025-03-23,P003,C0045,1,12.50
2025-02-11,P014,C0500,1,8.90
2025-10-27,P005,C0418,3,24.75
2025-06-30,P020,C0373,2,19.99
2025-10-26,P010,C0425,4,79.00
2025-10-28,P005,C0377,2,79.00
2025-04-08,P016,C0014,2,35.00
2025-12-21,P006,C0176,5,12.50
2025-04-20,P004,C0266,5,8.90
2025-03-04,P012,C0313,2,8.90
2025-08-17,P009,C0499,0,19.99
2025-10-27,P014,C0183,2,19.99
2025-07-27,P001,C0156,3,35.00
2025-08-31,P018,C0055,5,79.00
2025-02-11,P020,C0443,4,24.75
2025-01-15,P019,C0258,3,79.00
2025-07-21,P002,C0406,1,8.90
2025-12-09,P016,C0046,1,12.50
2025-04-27,P015,C0125,3,79.00
2025-05-03,P007,C0188,4,49.90
2025-06-23,P004,C0040,3,49.90
2025-05-28,P020,C0297,3,79.00
2025-11-13,P003,C0191,2,79.00
2025-10-15,P009,C0266,3,79.00
2025-07-12,P004,C0241,2,49.90
2025-01-28,P006,C0459,2,79.00
2025-09-19,P013,C0245,10,35.00
2025-08-14,P014,C0269,2,35.00
2025-05-08,P005,C0391,5,12.50
2025-01-26,P006,C0180,1,35.00
2025-08-31,P016,C0006,3,24.75
2025-09-17,P018,C0224,2,49.90
2025-12-14,P015,C0465,2,8.90
2025-01-30,P015,C0015,3,79.00
2025-12-28,P005,C0115,5,12.50
2025-01-04,P009,C0417,4,12.50
2025-05-26,P016,C0400,2,35.00
2025-10-24,P009,C0095,2,12.50
2025-12-16,P007,C0295,5,24.75
2025-12-21,P014,C0395,1,24.75
2025-07-13,P002,C0220,2,8.90
2025-02-07,P017,C0098,2,12.50
2025-12-12,P012,C0469,3,49.90
2025-10-25,P019,C0335,10,19.99
2025-02-15,P004,C0194,10,49.90
2025-07-15,P013,C0114,4,12.50
2025-03-20,P003,C0056,1,19.99
2025-07-30,P019,C0304,4,8.90
2025-06-12,P017,C0103,3,19.99
2025-07-09,P006,C0316,1,24.75
2025-07-13,P016,C0452,4,24.75
2025-05-13,P005,C0153,1,19.99
2025-07-04,P006,C0488,5,35.00
2025-03-31,P006,C0182,3,79.00
2025-10-13,P003,C0317,1,49.90
2025-03-23,P006,C0480,3,79.00
2025-09-17,P005,C0297,2,49.90
2025-05-18,P018,C0063,2,19.99
2025-03-25,P003,C0109,2,35.00
2025-10-25,P010,C0407,5,49.90
2025-11-24,P006,C0067,1,19.99
2025-10-15,P012,C0357,2,49.90
2025-08-28,P020,C0431,1,12.50
2025-08-01,P020,C0167,10,35.00
2025-12-19,P006,C0470,1,49.90
2025-01-05,P011,C0180,1,8.90
2025-08-24,P006,C0292,1,49.90
2025-05-13,P004,C0111,2,8.90
2025-09-18,P014,C0073,3,24.75
2025-08-01,P005,C0164,2,79.00
2025-08-17,P001,C0392,1,49.90
2025-10-14,P002,C0265,2,35.00
2025-03-27,P014,C0483,2,12.50
2025-11-28,P001,C0150,4,12.50
2025-11-18,P015,C0306,2,19.99
2025-04-11,P001,C0235,4,79.00
2025-03-30,P012,C0143,4,12.50
2025-03-20,P005,C0105,3,19.99
2025-07-16,P009,C0104,5,35.00
2025-01-26,P019,C0038,20,24.75
2025-07-07,P017,C0175,3,49.90
2025-08-08,P019,C0467,4,49.90
2025-09-11,P007,C0405,1,35.00
2025-02-10,P017,C0325,3,12.50
2025-09-07,P015,C0094,5,12.50
2025-07-12,P015,C0287,4,19.99
2025-12-19,P016,C0284,1,12.50
2025-04-23,P006,C0405,10,79.00
2025-02-26,P020,C0277,1,35.00
2025-03-11,P016,C0113,1,8.90
2025-12-04,P010,C0208,2,49.90
2025-03-09,P004,C0173,2,79.00
2025-05-16,P009,C0490,5,79.00
2025-11-29,P014,C0346,4,12.50
2025-08-15,P014,C0370,1,12.50
2025-11-26,P019,C0491,2,49.90
2025-12-20,P015,C0199,2,12.50
2025-11-09,P003,C0168,1,19.99
2025-03-05,P010,C0400,2,19.99
2025-05-26,P004,C0276,1,49.90
2025-11-29,P013,C0091,3,19.99
2025-06-03,P011,C0327,2,24.75
2025-03-17,P012,C0339,1,12.50
2025-09-21,P016,C0378,1,24.75
2025-09-07,P012,C0116,3,79.00
2025-10-01,P008,C0005,10,49.90
2025-09-13,P016,C0097,2,49.90
2025-05-29,P018,C0371,5,12.50
2025-07-04,P011,C0150,4,49.90
2025-03-01,P010,C0215,10,79.00
2025-06-27,P008,C0149,1,8.90
2025-01-28,P019,C0316,4,8.90
2025-01-04,P019,C0432,10,35.00
2025-07-04,P010,C0373,3,12.50
2025-12-22,P019,C0352,5,49.90
2025-04-01,P012,C0148,1,8.90
2025-05-12,P007,C0262,1,19.99
2025-09-29,P005,C0466,2,79.00
2025-06-15,P003,C0449,2,49.90
2025-08-29,P007,C0199,2,24.75
2025-07-01,P009,C0360,1,49.90
2025-10-10,P020,C0145,1,12.50
2025-01-07,P010,C0320,1,19.99
2025-03-14,P004,C0459,2,8.90
2025-11-19,P008,C0345,3,19.99
2025-05-22,P020,C0404,4,35.00
2025-07-08,P012,C0131,3,79.00
2025-05-18,P007,C0385,3,8.90
2025-03-25,P010,C0062,3,19.99
2025-09-16,P015,C0111,3,19.99
2025-12-25,P018,C0185,4,8.90
2025-05-17,P005,C0028,2,12.50
2025-12-08,P018,C0074,4,49.90
2025-03-06,P004,C0380,1,79.00
2025-06-26,P004,C0289,1,12.50
2025-07-27,P012,C0290,2,24.75
2025-01-30,P020,C0293,1,35.00
2025-09-10,P008,C0055,10,49.90
2025-08-30,P005,C0270,1,35.00
2025-12-31,P003,C0356,20,12.50
2025-04-03,P013,C0153,2,19.99
2025-05-25,P010,C0291,3,35.00
2025-03-28,P001,C0072,4,79.00
2025-04-02,P015,C0083,1,79.00
2025-06-30,P018,C0060,1,35.00
2025-05-28,P004,C0150,5,19.99
2025-02-25,P013,C0208,10,12.50
2025-02-01,P018,C0106,2,12.50
2025-01-23,P012,C0441,2,19.99
2025-08-31,P014,C0192,4,49.90
2025-05-09,P001,C0482,10,35.00
2025-12-13,P010,C0293,1,35.00
2025-12-15,P003,C0421,3,19.99
2025-04-26,P007,C0010,1,35.00
2025-05-29,P001,C0241,3,35.00
2025-03-24,P002,C0125,3,35.00
2025-05-15,P011,C0037,2,19.99
2025-04-26,P013,C0417,2,24.75
2025-03-24,P018,C0375,3,19.99
2025-03-23,P019,C0253,2,8.90
2025-05-04,P002,C0194,10,35.00
2025-02-03,P017,C0369,1,12.50
2025-02-17,P003,C0267,2,79.00
2025-11-28,P001,C0174,5,8.90
2025-12-24,P005,C0306,10,24.75
2025-03-04,P018,C0376,2,8.90
2025-09-23,P019,C0270,2,19.99
2025-01-02,P011,C0106,-2,19.99
2025-04-17,P002,C0464,2,24.75
2025-12-30,P003,C0273,2,24.75
2025-02-12,P019,C0134,2,24.75
2025-02-10,P011,C0417,2,49.90
2025-09-20,P020,C0494,2,35.00
2025-01-12,P009,C0023,5,49.90
2025-05-10,P017,C0264,4,79.00
2025-02-24,P020,,3,79.00
2025-01-08,P006,C0355,1,35.00
2025-11-03,P010,C0272,2,19.99
2025-12-24,P018,C0128,3,79.00
2025-09-04,P002,C0253,1,49.90
2025-02-15,P009,C0097,2,8.90
2025-06-09,P003,C0262,5,12.50
2025-06-15,P018,C0169,5,19.99
2025-05-12,P011,C0069,2,79.00
2025-01-14,P009,C0168,4,8.90
2025-05-13,P020,C0376,1,79.00
2025-12-20,P006,C0296,10,79.00
2025-10-19,P011,C0097,2,19.99
2025-08-01,P020,C0022,4,19.99
2025-07-15,P019,C0372,1,79.00
2025-11-08,P019,C0402,5,19.99
2025-09-12,P008,C0263,2,79.00
2025-12-11,P020,C0188,3,35.00
2025-11-03,P010,C0370,5,12.50
2025-03-29,P012,C0194,1,8.90
2025-11-08,P017,C0042,2,19.99
2025-05-30,P007,C0113,2,49.90
2025-01-24,P012,C0212,1,8.90
2025-08-05,P018,C0336,4,24.75
2025-03-02,P002,C0395,2,35.00
2025-04-07,P017,C0062,1,12.50
2025-07-27,P015,C0226,2,35.00
2025-11-08,P009,C0001,1,8.90
2025-08-30,P001,C0482,4,24.75
2025-04-25,P015,C0372,3,35.00
2025-04-05,P009,C0129,1,35.00
2025-10-01,P001,C0033,1,8.90
2025-11-23,P007,C0499,4,24.75
2025-04-05,P006,C0217,10,35.00
2025-11-10,P007,C0423,1,19.99
2025-12-06,P005,C0001,1,49.90
2025-04-05,P005,C0028,5,35.00
2025-12-06,P015,C0015,3,19.99
2025-08-02,P006,C0213,3,35.00
2025-07-09,P008,C0006,1,49.90
2025-07-01,P008,C0336,2,19.99
2025-10-07,P009,C0306,20,35.00
2025-10-23,P008,C0074,2,24.75
2025-06-15,P005,C0452,1,19.99
2025-08-25,P013,C0079,4,79.00
2025-10-30,P020,C0305,2,79.00
2025-01-04,P004,C0146,5,12.50
2025-12-12,P012,C0232,1,19.99
2025-04-15,P011,C0484,1,49.90
2025-05-29,P006,C0333,3,24.75
2025-01-26,P018,C0169,4,79.00
2025-09-22,P008,C0269,1,49.90
2025-06-29,P003,C0016,1,79.00
2025-05-09,P010,C0008,2,35.00
2025-10-13,P010,C0410,3,19.99
2025-11-29,P006,C0491,2,19.99
2025-01-18,P003,C0256,5,79.00
2025-02-22,P003,C0431,1,19.99
2025-04-26,P018,C0100,3,19.99
2025-04-07,P013,C0036,1,79.00
2025-01-11,P006,C0322,3,49.90
2025-06-04,P019,C0358,2,79.00
2025-04-04,P008,C0089,3,24.75
2025-11-03,P018,C0223,1,19.99
2025-02-13,P013,C0258,10,79.00
2025-11-07,P001,C0277,3,49.90
2025-10-31,P013,C0244,4,8.90
2025-03-06,P013,C0318,5,79.00
2025-06-02,P015,C0093,4,35.00
2025-02-20,P004,C0298,1,8.90
2025-11-26,P003,C0470,1,35.00
2025-05-09,P010,C0478,2,8.90
2025-09-29,P001,C0449,3,49.90
2025-11-14,P017,C0344,2,24.75
2025-02-14,P016,C0424,3,8.90
2025-07-07,P006,C0260,3,24.75
2025-06-20,P001,C0328,4,49.90
2025-02-14,P003,C0252,1,35.00
2025-12-29,P007,C0338,5,24.75
2025-08-15,P020,C0134,4,19.99
2025-08-09,P007,C0143,5,24.75
2025-01-16,P019,C0457,2,8.90
2025-01-17,P002,C0063,5,24.75
2025-05-28,P007,C0158,1,19.99
2025-03-01,P001,C0209,1,19.99
2025-08-12,P002,C0032,2,19.99
2025-04-04,P016,C0482,2,79.00
2025-12-05,P003,C0071,2,8.90
2025-03-14,P002,C0410,2,35.00
2025-01-16,P017,C0166,3,8.90
2025-05-05,P002,C0379,3,35.00
2025-01-26,P020,C0413,10,49.90
2025-04-16,P009,C0420,4,35.00
2025-01-09,P011,C0028,5,8.90
2025-05-20,P003,C0252,2,12.50
2025-04-09,P002,C0428,2,49.90
2025-11-13,P005,C0294,10,19.99
2025-08-05,P001,C0436,4,24.75
2025-09-28,P012,C0453,3,12.50
2025-07-16,P007,C0139,5,12.50
2025-05-07,P008,C0443,1,19.99
2025-12-30,P012,C0389,2,19.99
2025-04-23,P009,C0188,10,8.90
2025-04-15,P006,C0477,1,49.90
2025-11-06,P014,C0324,2,8.90
2025-05-31,P002,C0390,3,79.00
2025-11-02,P015,C0456,3,8.90
2025-10-13,P003,C0244,4,19.99
2025-06-20,P018,C0289,4,49.90
2025-10-23,P011,C0075,3,19.99
2025-03-19,P010,C0055,5,12.50
2025-06-06,P020,C0157,4,19.99
2025-07-01,P014,C0052,4,12.50
2025-03-11,P017,C0288,1,8.90
2025-10-06,P011,C0034,10,24.75
2025-08-06,P016,C0480,3,8.90
2025-04-08,P020,C0193,4,49.90
2025-11-19,P004,C0092,3,79.00
2025-07-24,P013,C0220,3,49.90
2025-07-20,P005,C0278,2,79.00
2025-03-05,P007,C0379,1,19.99
2025-10-10,P002,C0340,2,49.90
2025-02-23,P018,C0331,10,24.75
2025-07-28,P005,C0169,3,12.50
2025-10-28,P008,C0441,3,24.75
2025-07-14,P007,C0460,2,8.90
2025-11-28,P002,C0283,4,12.50
2025-01-15,P012,C0094,10,79.00
2025-12-02,P014,C0448,1,8.90
2025-02-27,P001,C0169,1,79.00
2025-04-11,P004,C0320,2,19.99
2025-08-06,P001,C0010,4,49.90
2025-02-24,P009,C0500,1,8.90
2025-07-04,P018,C0365,10,24.75
2025-04-27,P009,C0225,10,35.00
2025-01-18,P014,C0387,2,49.90
2025-06-29,P004,C0150,1,8.90
2025-02-07,P001,C0165,2,24.75
2025-03-07,P018,C0107,10,12.50
2025-04-15,P009,C0349,1,35.00
2025-04-18,P012,C0112,4,35.00
2025-03-27,P008,C0187,20,19.99
2025-06-05,P007,C0289,5,19.99
2025-11-25,P019,C0257,2,19.99
2025-01-11,P003,C0233,2,19.99
2025-01-05,P020,C0112,5,12.50
2025-12-07,P010,C0492,0,8.90
2025-11-01,P020,C0078,10,12.50
2025-09-26,P004,C0483,1,79.00
2025-02-01,P013,C0333,3,35.00
2025-07-23,P008,C0255,2,35.00
2025-03-30,P012,C0073,1,19.99
2025-03-17,P009,C0375,5,35.00
2025-04-30,P015,C0467,5,79.00
2025-11-07,P009,C0008,20,35.00
2025-10-08,P018,C0431,5,79.00
2025-06-22,P017,C0065,1,35.00
2025-12-03,P010,C0132,3,35.00
2025-12-01,P019,C0369,3,79.00
2025-01-11,P010,C0165,2,12.50
2025-12-28,P011,C0380,2,19.99
2025-07-29,P015,C0302,3,19.99
2025-12-11,P019,C0462,3,8.90
2025-05-15,P007,C0376,3,49.90
2025-06-14,P017,C0319,4,49.90
2025-01-14,P016,C0465,5,12.50
2025-11-19,P017,C0252,3,12.50
2025-04-18,P020,C0060,5,12.50
2025-09-16,P001,C0333,2,35.00
2025-10-08,P006,C0026,3,8.90
2025-02-12,P003,C0450,2,8.90
2025-06-01,P004,C0376,1,19.99
2025-07-28,P018,C0312,2,19.99
2025-08-05,P001,C0223,1,8.90
2025-09-23,P018,C0156,4,12.50
2025-04-06,P006,C0165,1,24.75
2025-01-07,P014,C0474,2,35.00
2025-07-17,P007,C0222,1,12.50
2025-06-30,P007,C0274,1,24.75
2025-03-30,P006,C0332,4,49.90
2025-12-12,P015,C0319,4,8.90
2025-09-02,P017,C0336,2,79.00
2025-03-24,P003,C0449,1,24.75
2025-05-31,P018,C0384,1,12.50
2025-07-20,P002,C0028,1,24.75
2025-08-05,P016,C0025,20,8.90
2025-03-30,P020,C0336,3,49.90
2025-05-10,P016,C0326,1,12.50
2025-05-25,P001,C0383,3,35.00
2025-03-12,P004,C0288,0,12.50
2025-11-19,P011,C0281,2,19.99
2025-01-05,P004,C0295,5,24.75
2025-06-22,P002,C0145,3,24.75
2025-11-06,P013,C0052,1,12.50
2025-03-09,P009,C0458,2,8.90
2025-12-20,P004,C0123,1,35.00
2025-12-24,P002,C0033,1,24.75
2025-05-18,P005,C0253,2,35.00
2025-12-17,P007,C0404,4,19.99
2025-05-16,P010,C0363,5,8.90
2025-05-05,P007,C0374,1,35.00
2025-08-29,P011,C0291,1,12.50
2025-05-24,P007,C0257,5,79.00
2025-10-24,P011,C0146,4,49.90
2025-04-14,P002,C0087,4,12.50
2025-06-06,P007,C0136,1,8.90
2025-04-19,P020,C0010,2,8.90
2025-03-05,P009,C0057,2,12.50
2025-06-13,P016,C0415,2,19.99
2025-12-14,P018,C0207,5,19.99
2025-02-01,P010,C0269,2,35.00
2025-01-07,P010,C0006,3,8.90
2025-10-22,P020,C0334,4,49.90
2025-12-27,P004,C0055,1,12.50
2025-01-23,P020,C0054,2,24.75
2025-09-04,P016,C0349,1,49.90
2025-12-27,P008,C0014,2,35.00
2025-03-09,P017,C0464,1,8.90
2025-02-02,P009,C0242,10,12.50
2025-10-24,P014,C0128,1,49.90
2025-01-21,P012,C0100,1,49.90
2025-09-09,P005,C0347,1,79.00
2025-03-16,P018,C0068,4,35.00
2025-05-30,P001,C0087,1,35.00
2025-04-27,P018,C0025,2,24.75
2025-07-06,P011,C0345,20,49.90
2025-04-05,P009,C0391,3,19.99
2025-12-30,P016,C0033,2,8.90
2025-10-15,P015,C0083,2,12.50
2025-10-23,P017,C0088,1,35.00
2025-08-14,P005,C0254,1,49.90
2025-06-18,P010,C0344,1,8.90
2025-12-20,P018,C0149,2,12.50
2025-02-22,P002,C0319,3,24.75
2025-02-19,P020,C0113,2,12.50
2025-07-13,P017,C0420,2,12.50
2025-07-19,P011,C0172,3,8.90
2025-03-27,P010,C0374,1,8.90
2025-07-23,P010,C0153,1,8.90
2025-07-08,P020,C0212,3,19.99
2025-08-14,P004,C0437,5,49.90
2025-07-29,P018,C0449,1,49.90
2025-05-15,P019,C0333,1,35.00
2025-08-12,P020,C0014,1,12.50
2025-02-06,P008,C0351,3,35.00
2025-04-26,P015,C0207,2,12.50
2025-06-11,P014,C0222,4,8.90
2025-02-15,P004,C0088,1,24.75
2025-04-03,P014,C0495,3,79.00
2025-03-04,P007,C0303,2,19.99
2025-03-08,P008,C0362,3,49.90
2025-05-15,P018,C0269,1,24.75
2025-05-05,P015,C0152,1,12.50
2025-06-17,P017,C0256,4,24.75
2025-11-05,P013,C0242,1,49.90
2025-09-16,P015,C0315,2,49.90
2025-11-19,P018,C0463,3,24.75
2025-10-06,P010,C0389,1,19.99
2025-05-14,P018,C0058,0,24.75
2025-04-25,P020,C0033,1,12.50
2025-04-21,P019,C0143,5,8.90
2025-09-18,P009,C0335,3,79.00
2025-07-17,P002,C0418,1,19.99
2025-08-23,P017,C0457,1,19.99
2025-03-09,P008,C0375,5,24.75
2025-05-03,P017,C0077,1,49.90
2025-12-21,P015,C0326,2,35.00
2025-05-12,P005,C0454,3,49.90
2025-07-24,P002,C0232,1,8.90
2025-01-11,P013,C0203,2,19.99
2025-01-02,P013,C0438,4,49.90
2025-01-08,P004,C0029,2,49.90
2025-02-19,P014,C0391,2,8.90
2025-12-16,P013,C0179,2,12.50
2025-11-17,P015,C0137,1,24.75
2025-09-13,P017,C0126,10,35.00
2025-05-11,P017,C0151,1,24.75
2025-08-04,P017,C0350,3,79.00
2025-09-12,P018,C0413,1,35.00
2025-05-03,P007,C0333,3,19.99
2025-10-29,P015,C0057,1,24.75
2025-12-17,P017,C0168,3,49.90
2025-02-22,P006,C0303,1,79.00
2025-04-07,P011,C0014,3,35.00
2025-12-02,P016,C0175,2,49.90
2025-08-06,P011,C0392,1,24.75
2025-11-09,P006,C0080,3,35.00
2025-03-16,P015,C0473,3,19.99
2025-07-24,P009,C0325,3,79.00
2025-01-12,P013,C0099,1,24.75
2025-09-01,P010,C0474,2,24.75
2025-08-01,P016,C0181,3,35.00
2025-07-31,P007,C0125,1,12.50
2025-08-02,P002,C0245,10,79.00
2025-01-22,P015,C0442,2,79.00
2025-03-06,P018,C0034,1,49.90
2025-11-16,P012,C0441,2,79.00
2025-10-02,P018,C0344,4,79.00
2025-04-18,P003,C0138,4,49.90
2025-11-25,P020,C0337,10,24.75
2025-01-15,P009,C0263,10,12.50
2025-08-02,P014,C0194,2,79.00
2025-01-13,P017,C0088,1,12.50
2025-04-01,P010,C0123,3,35.00
2025-12-07,P020,C0072,3,49.90
2025-11-01,P003,C0381,3,79.00
2025-06-27,P010,C0329,1,19.99
2025-02-27,P011,C0383,4,12.50
2025-11-16,P009,C0452,5,12.50
2025-08-24,P016,C0112,4,19.99
2025-08-01,P020,C0379,3,12.50
2025-01-13,P015,C0296,10,35.00
2025-05-06,P014,C0409,4,35.00
2025-12-12,P012,C0425,10,24.75
2025-07-13,P010,C0237,3,35.00
2025-10-22,P001,C0499,2,8.90
2025-01-01,P008,C0229,2,8.90
2025-09-20,P015,C0355,4,79.00
2025-01-19,P014,C0275,1,79.00
2025-05-20,P007,C0416,2,79.00
2025-03-24,P014,C0187,4,49.90
2025-05-16,P017,C0288,5,19.99
2025-08-02,P004,C0022,1,79.00
2025-07-16,P016,C0135,3,49.90
2025-07-30,P020,C0051,1,8.90
2025-11-03,P007,C0003,1,35.00
2025-04-29,P008,C0350,1,79.00
2025-10-27,P009,C0357,5,24.75
2025-06-24,P010,C0253,2,24.75
2025-10-06,P014,C0307,3,79.00
2025-04-06,P010,C0400,2,35.00
2025-01-30,P004,C0070,1,19.99
2025-02-03,P020,C0002,10,79.00
2025-05-19,P001,C0090,3,19.99
2025-02-01,P005,C0464,4,19.99
2025-09-08,P008,C0372,1,79.00
2025-05-10,P002,C0239,-2,12.50
2025-05-31,P008,C0418,1,35.00
2025-02-02,P013,C0022,2,35.00
2025-11-22,P005,C0245,2,49.90
2025-08-15,P010,C0499,4,24.75
2025-03-18,P004,C0076,-2,8.90
2025-08-07,P019,C0462,1,12.50
2025-10-06,P008,C0106,3,12.50
2025-05-20,P009,C0496,10,79.00
2025-06-18,P017,C0491,1,8.90
2025-03-24,P001,C0351,4,12.50
2025-12-13,P007,C0132,3,12.50
2025-05-16,P011,C0295,3,79.00
2025-11-29,P020,C0417,3,24.75
2025-03-04,P018,C0114,2,19.99
2025-09-15,P007,C0048,5,79.00
2025-03-12,P015,C0216,4,12.50
2025-12-15,P003,C0126,2,12.50
2025-04-14,P018,C0473,3,79.00
2025-02-01,P003,C0088,1,49.90
2025-06-11,P014,C0098,2,35.00
2025-11-08,P009,C0316,4,35.00
2025-08-05,P004,C0490,3,12.50
2025-10-31,P017,C0396,2,49.90
2025-06-12,P017,C0214,5,19.99
2025-04-01,P012,C0017,3,19.99
2025-06-15,P012,C0405,1,35.00
2025-10-27,P003,C0404,3,8.90
2025-11-28,P014,C0118,1,35.00
2025-09-24,P012,C0083,1,35.00
2025-11-21,P016,C0292,10,12.50
2025-08-28,P012,C0268,3,12.50
2025-09-15,P015,C0455,1,35.00
2025-04-22,P011,C0322,4,79.00
2025-11-16,P020,C0245,3,35.00
2025-11-29,P018,C0469,1,49.90
2025-07-18,P017,C0406,4,8.90
2025-10-15,P002,C0265,2,35.00
2025-02-25,P001,C0440,10,8.90
2025-03-08,P020,C0114,1,8.90
2025-12-27,P011,C0480,3,8.90
2025-02-18,P001,C0379,10,24.75
2025-05-09,P015,C0449,3,24.75
2025-08-04,P011,C0096,1,79.00
2025-11-13,P007,C0192,1,19.99
2025-05-13,P017,C0168,4,12.50
2025-03-10,P010,C0376,1,79.00
2025-11-16,P010,C0319,5,49.90
2025-09-07,P009,C0060,1,79.00
2025-08-02,P010,C0298,2,49.90
2025-09-15,P005,C0238,3,35.00
2025-03-15,P003,C0395,1,24.75
2025-05-09,P019,C0049,3,35.00
2025-06-25,P004,C0495,1,19.99
2025-10-09,P005,C0245,1,79.00
2025-09-05,P018,C0159,2,35.00
2025-08-11,P001,C0378,10,24.75
2025-07-02,P002,C0185,2,49.90
2025-08-11,P018,C0427,4,35.00
2025-08-29,P003,C0006,0,24.75
2025-02-14,P013,C0163,20,12.50
2025-04-20,P020,C0500,5,8.90
2025-01-26,P010,C0464,5,49.90
2025-08-11,P002,C0115,4,8.90
2025-09-05,P016,C0144,2,35.00
2025-12-15,P008,C0138,2,79.00
2025-08-04,P014,C0117,20,12.50
2025-09-03,P013,C0421,10,49.90
2025-07-14,P020,C0118,2,49.90
2025-07-09,P017,C0244,4,19.99
2025-01-26,P004,C0113,3,8.90
2025-08-25,P003,C0163,0,35.00
2025-12-13,P004,C0064,5,8.90
2025-08-06,P007,C0372,1,49.90
2025-10-25,P010,C0373,5,8.90
2025-03-03,P007,C0453,2,79.00
2025-03-20,P006,C0108,1,12.50
2025-02-27,P011,C0163,5,24.75
2025-08-12,P005,C0469,2,79.00
2025-01-12,P006,C0279,3,8.90
2025-06-15,P001,C0003,10,8.90
2025-01-11,P007,C0395,1,8.90
2025-01-21,P015,C0169,2,12.50
2025-11-01,P002,C0155,4,49.90
2025-05-03,P013,C0120,4,8.90
2025-10-10,P008,C0476,3,35.00
2025-04-03,P018,C0417,1,79.00
2025-03-22,P017,C0091,4,12.50
2025-09-13,P008,C0133,3,49.90
2025-09-08,P014,C0370,5,19.99
2025-11-17,P020,C0470,3,19.99
2025-07-21,P017,C0310,4,24.75
2025-10-13,P020,C0068,2,19.99
2025-11-24,P013,C0056,2,8.90
2025-01-15,P002,C0126,10,79.00
2025-11-19,P013,C0454,3,19.99
2025-06-20,P003,C0489,1,79.00
2025-09-05,P002,,1,24.75
2025-07-16,P008,C0463,2,24.75
2025-09-13,P019,C0019,10,24.75
2025-01-19,P011,C0263,5,24.75
2025-03-27,P013,C0137,1,49.90
2025-05-14,P019,C0468,2,35.00
2025-02-11,P009,C0135,1,24.75
2025-05-05,P004,C0458,2,79.00
2025-04-15,P008,C0485,3,24.75
2025-10-05,P014,C0497,10,8.90
2025-10-17,P011,C0371,3,12.50
2025-02-07,P001,C0475,2,12.50
2025-09-13,P013,C0274,4,79.00
2025-08-15,P005,C0157,4,35.00
2025-05-16,P004,C0397,5,35.00
2025-01-08,P018,C0026,1,49.90
2025-06-13,P018,C0224,1,19.99
2025-01-26,P012,C0126,3,24.75
2025-11-08,P014,C0441,2,35.00
2025-09-03,P016,C0265,3,35.00
2025-04-04,P003,C0075,3,24.75
2025-12-10,P014,C0288,1,19.99
2025-07-22,P002,C0027,1,19.99
2025-09-01,P007,C0494,1,12.50
2025-10-11,P010,C0448,1,35.00
2025-09-06,P004,C0361,1,24.75
2025-12-05,P013,C0409,2,35.00
2025-08-23,P006,C0363,2,24.75
2025-06-27,P001,C0313,5,49.90
2025-08-14,P010,C0221,4,19.99
2025-01-22,P013,C0348,1,35.00
2025-07-17,P009,C0469,4,8.90
2025-07-15,P020,C0302,10,8.90
2025-12-23,P015,C0321,4,12.50
2025-12-04,P005,C0216,2,24.75
2025-03-03,P002,C0084,3,35.00
2025-02-06,P004,C0364,20,24.75
2025-02-14,P008,C0041,1,79.00
2025-02-24,P010,C0056,1,79.00
2025-07-05,P008,C0396,3,24.75
2025-08-20,P020,C0273,1,19.99
2025-04-29,P016,C0052,3,35.00
2025-03-10,P003,C0332,5,79.00
2025-06-18,P019,C0472,2,35.00
2025-10-23,P019,C0469,2,24.75
2025-01-14,P002,C0342,2,12.50
2025-06-19,P007,C0002,1,19.99
2025-07-24,P019,C0188,1,24.75
2025-04-12,P014,C0283,2,19.99
2025-11-14,P007,C0080,2,19.99
2025-11-16,P013,C0380,2,24.75
2025-07-13,P002,C0318,2,35.00
2025-07-20,P016,C0177,3,24.75
2025-03-18,P006,C0390,1,24.75
2025-07-12,P008,C0273,10,35.00
2025-03-08,P015,C0011,4,12.50
2025-11-08,P007,C0459,3,19.99
2025-11-30,P004,C0378,-2,79.00
2025-09-09,P009,C0158,2,35.00
2025-12-06,P020,C0229,1,24.75
2025-07-18,P012,C0230,2,79.00
2025-10-07,P009,C0404,3,79.00
2025-09-26,P013,C0100,2,35.00
2025-08-30,P019,C0105,1,79.00
2025-06-21,P016,C0175,2,24.75
2025-06-10,P018,C0001,3,19.99
2025-08-31,P019,C0495,2,49.90
2025-08-18,P006,C0315,2,19.99
2025-02-14,P018,C0185,1,19.99
2025-07-29,P011,C0224,4,8.90
2025-09-10,P013,C0162,1,19.99
2025-10-12,P001,C0318,3,19.99
2025-02-13,P002,C0260,2,79.00
2025-08-10,P001,C0061,5,49.90
2025-06-11,P002,C0054,3,79.00
2025-09-13,P012,C0262,2,19.99
2025-05-04,P020,C0430,-2,24.75
2025-10-24,P018,C0189,1,19.99
2025-04-23,P007,C0340,3,8.90
2025-05-01,P019,C0383,3,35.00
2025-07-30,P009,C0039,2,79.00
2025-01-31,P009,C0042,1,19.99
2025-11-28,P010,C0079,3,49.90
2025-08-29,P016,C0145,20,8.90
2025-07-03,P006,C0208,5,8.90
2025-06-27,P018,C0395,5,35.00
2025-07-27,P018,C0202,1,35.00
2025-05-21,P015,C0204,2,24.75
2025-03-29,P008,C0184,2,19.99
2025-04-02,P010,C0434,5,79.00
2025-07-18,P011,C0332,5,24.75
2025-06-09,P008,C0428,4,8.90
2025-11-17,P019,C0094,5,24.75
2025-09-26,P020,C0497,2,8.90
2025-05-02,P017,C0393,2,8.90
2025-08-14,P011,C0429,4,8.90
2025-03-14,P005,C0493,1,79.00
2025-11-03,P018,C0451,10,8.90
2025-06-08,P005,C0156,-2,79.00
2025-07-29,P016,C0346,2,35.00
2025-08-02,P012,C0470,3,24.75
2025-03-29,P003,C0452,2,8.90
2025-11-05,P007,C0127,1,19.99
2025-10-30,P015,C0257,5,12.50
2025-09-20,P009,C0238,2,49.90
2025-10-21,P006,C0147,1,8.90
2025-05-12,P019,C0423,10,24.75
2025-05-16,P011,C0496,1,49.90
2025-12-02,P020,C0153,3,79.00
2025-06-30,P017,C0117,4,12.50
2025-04-25,P014,C0278,1,79.00
2025-06-24,P017,C0439,3,12.50
2025-06-17,P012,C0493,1,79.00
2025-11-30,P008,C0306,2,8.90
2025-10-22,P009,C0362,1,49.90
2025-11-02,P003,C0232,3,19.99
2025-03-23,P008,C0084,2,35.00
2025-07-31,P009,C0265,3,49.90
2025-09-14,P007,C0411,-2,8.90
2025-03-03,P012,C0347,4,19.99
2025-10-26,P002,C0232,1,79.00
2025-01-25,P015,C0212,3,12.50
2025-08-27,P001,C0481,1,19.99
2025-08-06,P019,C0298,1,35.00
2025-07-20,P006,C0201,3,79.00
2025-03-31,P013,C0498,5,19.99
2025-02-21,P001,C0067,2,79.00
2025-12-16,P004,C0134,1,12.50
2025-10-04,P001,C0067,4,35.00
2025-03-12,P002,C0281,10,8.90
2025-11-14,P006,C0140,1,49.90
2025-01-18,P018,C0156,2,49.90
2025-12-20,P013,C0338,3,35.00
2025-03-15,P017,C0049,4,24.75
2025-08-31,P016,C0356,1,79.00
2025-10-20,P007,C0476,4,79.00
2025-11-30,P012,C0195,10,12.50
2025-03-20,P017,C0427,3,8.90
2025-02-23,P015,C0401,1,79.00
2025-02-20,P010,C0310,1,8.90
2025-08-17,P012,C0185,4,24.75
2025-09-15,P020,C0098,4,12.50
2025-04-20,P005,C0243,2,12.50
2025-04-25,P009,C0244,1,49.90
2025-09-20,P004,C0159,2,8.90
2025-05-07,P005,C0288,1,79.00
2025-05-01,P001,C0149,2,35.00
2025-10-29,P018,C0496,3,19.99
2025-03-27,P008,C0323,3,19.99
2025-03-15,P020,C0443,2,12.50
2025-05-28,P010,C0127,1,19.99
2025-07-15,P019,C0138,4,35.00
2025-09-08,P008,C0350,1,19.99
2025-06-15,P017,C0113,2,19.99
2025-11-17,P018,C0143,10,12.50
2025-03-31,P002,C0475,1,19.99
2025-09-19,P015,C0414,1,8.90
2025-04-10,P017,C0486,1,12.50
2025-04-20,P003,C0372,1,49.90
2025-12-15,P007,C0232,3,24.75
2025-11-20,P015,C0438,1,8.90
2025-08-19,P007,C0118,1,49.90
2025-12-16,P010,C0190,3,49.90
2025-02-14,P020,C0426,4,24.75
2025-03-03,P013,C0312,1,19.99
2025-03-06,P012,C0413,1,24.75
2025-02-18,P017,C0021,3,8.90
2025-10-29,P009,C0209,1,24.75
2025-04-10,P016,C0412,2,24.75
2025-03-23,P006,C0050,4,49.90
2025-02-25,P002,C0166,3,8.90
2025-11-29,P011,C0438,2,79.00
2025-02-12,P006,C0457,5,79.00
2025-04-18,P003,C0184,4,49.90
2025-12-23,P007,C0440,1,19.99
2025-11-12,P019,C0120,3,8.90
2025-05-24,P008,C0238,1,19.99
2025-11-17,P004,C0332,10,8.90
2025-04-04,P019,C0097,5,19.99
2025-12-03,P020,C0020,0,12.50
2025-05-02,P006,C0186,2,79.00
2025-08-06,P010,C0277,3,24.75
2025-10-29,P010,C0006,-2,79.00
2025-03-20,P003,C0215,1,12.50
2025-08-10,P020,C0116,4,35.00
2025-11-17,P017,C0062,4,8.90
2025-06-10,P019,C0104,2,19.99
2025-10-13,P018,C0275,10,12.50
2025-04-19,P012,C0355,2,19.99
2025-04-05,P020,C0489,10,12.50
2025-02-09,P019,C0390,4,12.50
2025-01-13,P019,C0334,1,49.90
2025-07-23,P004,C0092,3,79.00
2025-01-25,P015,C0288,0,35.00
2025-09-04,P017,C0406,3,12.50
2025-05-09,P004,C0131,3,24.75
2025-03-29,P007,C0045,2,19.99
2025-09-09,P001,C0378,1,12.50
2025-08-14,P013,C0482,2,79.00
2025-05-26,P007,C0418,3,24.75
2025-03-29,P007,C0267,4,8.90
2025-09-07,P014,C0063,2,19.99
2025-07-16,,C0465,1,49.90
2025-05-17,P007,C0141,3,12.50
2025-04-24,P018,C0379,2,8.90
2025-08-27,P017,C0283,3,19.99
2025-07-17,P002,C0113,1,49.90
2025-12-12,P013,C0328,1,79.00
2025-09-22,P001,C0056,10,24.75
2025-03-29,P018,C0350,2,79.00
2025-02-24,P001,C0244,5,35.00
2025-05-05,P020,C0238,2,49.90
2025-10-03,P016,C0473,3,19.99
2025-08-08,P011,C0367,3,8.90
2025-08-07,P018,C0468,1,8.90
2025-11-02,P015,C0142,2,19.99
2025-11-26,P018,C0210,4,8.90
2025-11-29,P016,C0297,3,24.75
2025-07-08,P013,C0199,3,79.00
2025-07-09,P004,C0375,20,24.75
2025-10-18,P009,C0382,5,19.99
2025-12-25,P008,C0370,2,49.90
2025-06-19,P003,C0240,3,19.99
2025-09-01,P005,C0036,5,8.90
2025-12-30,P010,C0466,2,35.00
2025-06-09,P001,C0192,5,79.00
2025-03-30,P017,C0043,5,8.90
2025-05-28,P006,C0291,4,19.99
2025-06-08,P010,C0409,1,79.00
2025-04-27,P009,C0491,2,49.90
2025-09-18,P017,C0012,1,8.90
2025-10-14,P017,C0171,5,19.99
2025-02-02,P012,C0075,3,49.90
2025-03-01,P014,C0051,2,19.99
2025-02-23,P014,C0426,4,19.99
2025-12-19,P016,C0199,1,35.00
2025-09-15,P009,C0366,2,49.90
2025-04-29,P004,C0274,2,35.00
2025-12-24,P007,C0324,2,12.50
2025-04-10,P012,C0013,1,35.00
2025-10-24,P017,C0147,1,49.90
2025-08-15,P018,C0276,5,49.90
2025-07-21,P017,C0252,5,19.99
2025-11-01,P008,C0263,2,49.90
2025-01-06,P009,C0131,5,79.00
2025-08-18,P003,C0247,10,12.50
2025-07-27,P019,C0438,4,79.00
2025-11-30,P018,C0200,3,35.00
2025-03-17,P010,C0087,2,19.99
2025-03-10,P018,C0104,3,24.75
2025-06-02,P013,C0305,3,24.75
2025-09-01,P017,C0294,1,35.00
2025-09-28,P018,C0413,1,8.90
2025-05-25,P001,C0122,1,79.00
2025-02-12,P019,C0071,2,12.50
2025-12-15,P009,C0283,5,79.00
2025-09-07,P003,C0218,3,8.90
2025-10-30,P007,C0094,3,35.00
2025-05-30,P020,C0398,3,19.99
2025-08-29,P018,C0290,2,35.00
2025-02-19,P010,C0181,2,12.50
2025-06-10,P003,C0183,5,19.99
2025-08-16,P015,C0177,5,8.90
2025-04-27,P008,C0216,2,8.90
2025-03-03,P009,C0500,3,35.00
2025-12-02,P001,C0274,1,35.00
2025-07-21,P014,C0080,1,19.99
2025-03-19,P010,C0263,1,24.75
2025-01-27,P009,C0261,0,79.00
2025-03-29,P014,C0239,4,79.00
2025-03-08,P017,C0100,2,12.50
2025-08-07,P007,C0159,4,12.50
2025-09-29,P019,C0200,3,8.90
2025-03-04,P009,C0025,1,49.90
2025-10-17,P004,C0383,4,79.00
2025-05-28,P010,C0426,5,12.50
2025-06-11,P002,C0242,5,79.00
2025-04-16,P011,C0455,2,35.00
2025-05-12,P006,C0308,1,24.75
2025-10-05,P008,C0297,2,8.90
2025-01-25,P006,C0302,2,35.00
2025-09-15,P015,C0438,3,49.90
2025-02-14,P016,C0464,3,24.75
2025-07-01,P018,C0102,4,19.99
2025-12-17,P012,C0116,2,35.00
2025-02-14,P011,C0131,20,12.50
2025-04-07,P010,C0252,3,79.00
2025-07-14,P017,C0475,1,24.75
2025-09-30,P014,C0425,2,24.75
2025-03-19,P015,C0496,3,12.50
2025-02-17,P016,C0232,4,8.90
2025-08-18,P017,C0453,4,35.00
2025-08-03,P005,C0365,20,19.99
2025-06-06,P004,C0457,5,12.50
2025-09-13,P001,C0109,2,24.75
2025-09-14,P010,C0367,4,49.90
2025-12-22,P015,C0070,2,35.00
2025-12-18,P001,C0104,0,24.75
2025-05-26,P017,C0280,4,19.99
2025-05-15,P010,C0485,2,35.00
2025-11-26,P007,C0239,10,12.50
2025-01-12,P003,C0258,3,79.00
2025-04-09,P017,C0290,2,24.75
2025-05-21,P008,C0404,1,79.00
2025-06-16,P014,C0456,1,12.50
2025-05-04,P001,C0397,10,79.00
2025-06-05,P006,C0100,4,49.90
2025-10-06,P010,C0070,1,35.00
2025-03-01,P018,C0014,4,12.50
2025-08-31,P012,C0322,3,8.90
2025-03-27,P017,C0285,1,79.00
2025-08-19,P011,C0262,5,19.99
2025-05-17,P006,C0355,1,35.00
2025-11-03,P012,C0093,20,19.99
2025-07-10,P003,C0263,4,12.50
2025-08-13,P018,C0219,4,8.90
2025-11-18,P018,C0222,3,19.99
2025-05-11,P014,C0483,3,49.90
2025-01-01,P010,C0409,1,79.00
2025-08-01,P007,C0124,1,8.90
2025-04-15,P005,C0354,0,19.99
2025-04-28,P004,C0001,2,49.90
2025-01-24,P005,C0479,5,49.90
2025-02-27,P007,C0177,2,49.90
2025-03-20,P006,C0255,2,24.75
2025-02-14,P011,C0496,4,35.00
2025-12-04,P005,C0308,2,79.00
2025-02-08,P014,C0424,1,49.90
2025-08-28,P019,C0400,10,19.99
2025-05-10,P005,C0311,3,24.75
2025-11-07,P006,C0051,3,35.00
2025-01-11,P005,C0202,5,19.99
2025-12-11,P012,C0128,4,19.99
2025-05-24,P001,C0252,4,8.90
2025-10-21,P006,C0435,4,24.75
2025-12-19,P015,C0018,5,12.50
2025-05-08,P012,C0390,10,35.00
2025-09-03,P005,C0281,1,24.75
2025-11-21,P012,C0489,1,79.00
2025-03-17,P001,C0478,10,24.75
2025-06-29,P010,C0168,5,24.75
2025-04-19,P007,C0481,1,35.00
2025-08-22,P015,C0020,3,12.50
2025-11-17,P007,C0084,3,35.00
2025-06-11,P013,C0390,3,79.00
2025-10-11,P003,C0375,4,12.50
2025-08-04,P014,C0213,1,49.90
2025-04-14,P014,C0296,10,79.00
2025-01-14,P004,C0191,10,79.00
2025-12-17,P006,C0418,5,49.90
2025-07-06,P002,C0247,1,79.00
2025-10-24,P005,C0152,1,35.00
2025-12-31,P009,C0204,1,35.00
2025-04-28,P016,C0044,20,19.99
2025-11-23,P014,C0334,1,79.00
2025-09-15,P004,C0174,10,79.00
2025-03-05,P002,C0164,1,24.75
2025-07-14,P003,C0158,2,35.00
2025-03-26,P002,C0407,1,24.75
2025-12-09,P013,C0153,1,24.75
2025-05-15,P008,C0210,3,24.75
2025-08-11,P020,C0020,5,79.00
2025-08-25,P012,C0276,4,12.50
2025-02-14,P011,C0448,3,35.00
2025-01-11,P007,C0365,1,35.00
2025-11-08,P001,C0234,1,12.50
2025-05-23,P002,C0183,2,12.50
2025-12-23,P007,C0085,1,19.99
2025-02-13,P010,C0309,1,24.75
2025-02-05,P015,C0006,3,12.50
2025-08-31,P015,C0212,1,79.00
2025-08-02,P016,C0350,2,19.99
2025-07-26,P016,C0446,1,49.90
2025-04-22,P007,C0006,1,35.00
2025-03-05,P001,C0144,4,12.50
2025-03-03,P020,C0083,2,35.00
2025-10-07,P004,C0396,5,49.90
2025-06-30,P001,C0350,2,35.00
2025-06-21,P002,C0375,1,19.99
2025-03-12,P016,C0044,1,19.99
2025-11-20,P012,C0254,3,24.75
2025-12-15,P011,C0055,4,19.99
2025-07-09,P003,C0211,2,49.90
2025-07-08,P017,C0464,2,49.90
2025-02-18,P018,C0429,1,35.00
2025-01-09,P020,C0190,1,8.90
2025-03-19,P014,C0489,1,8.90
2025-06-11,P002,C0424,3,79.00
2025-08-27,P008,C0259,4,19.99
2025-06-09,P019,C0361,1,8.90
2025-04-14,P012,C0121,2,24.75
2025-11-09,P003,C0167,2,49.90
2025-01-22,P006,C0239,3,8.90
2025-10-14,P006,C0048,5,49.90
2025-01-13,P012,C0347,5,35.00
2025-01-20,P012,C0385,-2,19.99
2025-08-26,P006,C0014,4,35.00
2025-10-03,P008,C0078,5,79.00
2025-09-22,P004,C0064,1,24.75
2025-01-04,P013,C0222,2,24.75
2025-12-01,P002,C0361,1,12.50
2025-12-28,P019,C0127,1,8.90
2025-12-13,P017,C0228,1,79.00
2025-04-20,P012,C0411,1,79.00
2025-04-19,P016,C0214,1,19.99
2025-03-21,P001,C0263,4,49.90
2025-07-30,P016,C0310,10,8.90
2025-11-17,P007,C0122,1,8.90
2025-07-09,P008,C0224,1,8.90
2025-02-10,P018,C0313,10,24.75
2025-10-22,P012,C0081,4,49.90
2025-02-09,P019,C0108,3,35.00
2025-06-09,P001,C0311,3,49.90
2025-12-11,P015,C0141,20,24.75
2025-05-04,P008,C0342,2,12.50
2025-12-24,P012,C0234,3,49.90
2025-05-28,P018,C0113,1,12.50
2025-02-18,P001,C0014,10,8.90
2025-08-21,P009,C0406,5,24.75
2025-05-08,P013,C0194,3,12.50
2025-03-05,P004,C0089,4,35.00
2025-03-17,P007,C0131,1,35.00
2025-03-21,P002,C0438,1,12.50
2025-07-21,P005,C0163,5,8.90
2025-02-02,P017,C0005,4,24.75
2025-07-10,P001,C0380,-2,12.50
2025-12-18,P014,C0270,1,12.50
2025-08-01,P008,C0207,3,12.50
2025-04-01,P018,C0421,2,8.90
2025-08-30,P015,C0105,1,35.00
2025-07-15,P016,C0073,2,19.99
2025-01-23,P012,C0389,5,19.99
2025-03-28,P001,C0411,3,8.90
2025-06-22,P008,C0320,2,79.00
2025-10-08,P001,C0101,2,24.75
2025-07-11,P017,C0110,5,35.00
2025-11-08,P016,C0270,2,35.00
2025-08-14,P014,C0122,3,35.00
2025-02-22,P007,C0120,3,35.00
2025-07-15,P011,C0055,2,49.90
2025-02-23,P005,C0189,2,12.50
2025-01-05,P011,C0104,2,35.00
2025-10-08,P004,C0476,4,19.99
2025-02-12,P019,C0112,1,35.00
2025-10-22,P017,C0464,3,24.75
2025-02-09,P006,C0254,3,8.90
2025-09-06,P008,C0206,0,8.90
2025-03-27,P001,C0263,3,49.90
2025-02-09,P016,C0256,3,79.00
2025-08-10,P007,C0131,1,8.90
2025-04-18,P018,C0017,3,79.00
2025-12-17,P019,C0285,1,19.99
2025-05-08,P011,C0254,10,79.00
2025-03-06,P009,C0196,5,49.90
2025-08-18,P003,C0416,2,12.50
2025-02-25,P013,C0207,5,19.99
2025-04-05,P004,C0279,10,24.75
2025-01-06,P010,C0225,5,19.99
2025-01-20,P014,C0399,2,35.00
2025-10-04,P002,C0061,1,24.75
2025-01-16,P019,C0494,3,19.99
2025-01-13,P005,C0111,2,79.00
2025-10-04,P020,C0382,10,79.00
2025-06-25,P010,C0418,1,19.99
2025-05-28,P020,C0308,4,19.99
2025-05-23,P016,C0136,3,49.90
2025-09-04,P003,C0465,5,49.90
2025-11-24,P011,C0139,10,49.90
2025-10-31,P012,C0063,4,35.00
2025-04-02,P007,C0299,5,35.00
2025-09-17,P020,C0025,5,35.00
2025-09-25,P004,C0084,3,35.00
2025-12-31,P012,C0022,1,49.90
2025-11-28,,C0235,1,19.99
2025-05-10,P004,C0459,4,24.75
2025-06-07,P004,C0086,3,19.99
2025-06-18,P013,C0101,3,24.75
2025-08-28,P005,C0156,1,35.00
2025-08-10,P005,C0424,2,79.00
2025-03-21,P009,C0163,2,8.90
2025-10-20,P015,C0169,3,24.75
2025-01-13,P019,C0070,4,24.75
2025-04-08,P020,C0174,1,12.50
2025-02-03,P002,C0358,3,79.00
2025-05-15,P009,C0459,5,79.00
2025-03-10,P011,C0054,2,24.75
2025-01-23,P014,C0168,4,8.90
2025-04-01,P009,C0452,1,35.00
2025-09-20,P008,C0384,4,79.00
2025-11-25,P005,C0284,3,8.90
2025-06-19,P003,C0394,10,19.99
2025-11-02,P012,C0051,1,49.90
2025-10-07,P013,C0116,1,49.90
2025-07-30,P014,C0018,2,24.75
2025-06-01,P002,C0172,1,49.90
2025-05-16,P008,C0328,1,79.00
2025-09-25,P013,C0283,2,79.00
2025-01-17,P015,C0294,4,49.90
2025-12-17,P018,C0458,2,19.99
2025-04-13,P011,C0063,4,8.90
2025-01-17,P014,C0362,4,79.00
2025-06-22,P009,C0096,2,19.99
2025-05-04,P004,C0313,4,49.90
2025-12-05,P015,C0206,2,8.90
2025-10-19,P018,C0383,2,49.90
2025-01-06,P017,C0232,1,49.90
2025-08-09,P009,C0376,5,79.00
2025-04-22,P012,C0452,2,24.75
2025-08-08,P014,C0385,3,12.50
2025-09-19,P007,C0383,10,24.75
2025-03-11,P011,C0107,2,12.50
2025-01-26,P010,C0066,3,8.90
2025-03-05,P011,C0005,3,19.99
2025-11-22,P012,C0475,4,24.75
2025-01-23,P002,C0308,1,79.00
2025-03-11,P002,C0091,3,24.75
2025-02-20,P013,C0039,2,79.00
2025-06-09,P003,C0153,-2,79.00
2025-07-12,P014,C0082,2,35.00
2025-02-06,P005,C0075,1,49.90
2025-05-21,P018,C0396,2,35.00
2025-11-12,P005,C0311,4,12.50
2025-07-15,P002,C0252,1,19.99
2025-04-08,P004,C0267,1,19.99
2025-12-12,P006,C0464,20,49.90
2025-03-06,P016,C0289,0,24.75
2025-09-10,P016,C0254,2,19.99
2025-02-22,P006,C0077,-2,49.90
2025-06-17,P020,C0091,1,19.99
2025-11-29,P008,C0303,4,35.00
2025-03-04,P005,C0330,2,24.75
2025-05-11,P012,C0447,1,49.90
2025-05-08,P006,C0387,1,49.90
2025-04-26,P007,C0422,5,49.90
2025-02-17,P013,C0428,1,35.00
2025-06-28,P006,C0481,1,49.90
2025-11-27,P017,C0411,4,49.90
2025-09-22,P002,C0210,1,19.99
2025-02-05,P012,C0227,5,12.50
2025-10-01,P014,C0468,3,12.50
2025-09-09,P013,C0278,1,24.75
2025-05-20,P009,C0020,1,49.90
2025-09-17,P019,C0355,1,19.99
2025-05-15,P010,C0351,1,8.90
2025-03-28,P019,C0327,1,49.90
2025-05-18,P009,C0381,3,35.00
2025-04-10,P006,C0308,2,24.75
2025-07-26,P004,C0310,3,49.90
2025-06-25,P020,C0386,3,19.99
2025-07-11,P005,C0495,4,8.90
2025-09-10,P018,C0294,2,79.00
2025-08-15,P008,C0024,3,49.90
2025-01-28,P015,C0183,1,49.90
2025-06-15,P009,C0044,1,35.00
2025-05-29,P015,C0352,1,19.99
2025-03-06,P002,C0163,1,19.99
2025-02-26,P009,C0438,20,24.75
2025-10-19,P017,C0044,3,79.00
2025-06-17,P009,C0173,2,49.90
2025-03-24,P011,C0381,2,35.00
2025-08-28,P016,C0139,5,49.90
2025-07-30,P017,C0360,2,8.90
2025-11-30,P017,C0326,10,12.50
2025-05-26,P018,C0385,1,49.90
2025-02-05,P011,C0230,5,12.50
2025-05-27,P002,C0411,2,24.75
2025-10-30,P017,C0133,5,35.00
2025-06-26,P003,C0458,3,12.50
2025-05-06,P003,C0443,3,49.90
2025-08-10,P010,C0431,4,8.90
2025-04-06,P005,C0024,1,35.00
2025-07-29,P016,C0256,2,35.00
2025-03-08,P012,C0261,2,49.90
2025-07-31,P018,C0420,5,79.00
2025-06-24,P011,C0022,1,79.00
2025-08-06,P003,C0108,4,12.50
2025-10-13,P004,C0316,1,8.90
2025-05-20,P002,C0005,10,19.99
2025-02-09,P009,C0350,3,8.90
2025-02-09,P012,C0357,-2,12.50
2025-07-24,P013,C0471,4,49.90
2025-06-11,P009,C0041,2,12.50
2025-10-02,P012,C0253,1,35.00
2025-08-28,P009,C0057,10,8.90
2025-10-03,P001,C0271,3,79.00
2025-04-24,P004,C0167,2,19.99
2025-03-02,P005,C0429,5,49.90
2025-05-25,P016,C0318,3,79.00
2025-11-02,P018,C0307,2,24.75
2025-01-27,P014,C0089,10,35.00
2025-11-14,P008,C0018,10,35.00
2025-10-26,P017,C0200,1,49.90
2025-11-22,P002,C0393,1,79.00
2025-02-24,P001,C0012,4,24.75
2025-05-08,P003,C0319,1,49.90
2025-11-13,P018,C0490,1,35.00
2025-06-24,P019,C0149,10,8.90
2025-12-03,P014,C0199,3,35.00
2025-02-03,P008,C0408,-2,35.00
2025-07-01,P012,C0226,2,49.90
2025-07-14,P003,C0024,1,35.00
2025-04-15,P011,C0441,1,12.50
2025-11-30,P009,C0079,4,8.90
2025-06-05,P019,C0385,1,49.90
2025-08-05,P013,C0084,4,12.50
2025-05-14,P015,C0493,2,24.75
2025-02-28,P004,C0015,4,24.75
2025-05-26,P010,C0196,2,12.50
2025-08-19,P002,C0398,3,35.00
2025-10-30,P010,C0427,4,35.00
2025-01-11,P018,C0210,3,35.00
2025-02-20,P008,C0040,10,24.75
2025-09-08,P018,C0211,10,12.50
2025-03-06,P010,C0473,3,8.90
2025-08-02,P006,C0227,5,12.50
2025-06-09,P020,C0320,3,19.99
2025-12-04,P014,C0352,1,49.90
2025-02-22,P001,C0481,1,49.90
2025-08-05,P001,C0047,4,79.00
2025-03-19,P020,C0323,1,24.75
2025-03-06,P017,C0009,20,12.50
2025-11-27,P007,C0127,10,49.90
2025-06-10,P015,C0274,1,49.90
2025-12-02,P011,C0230,3,24.75
2025-05-04,P011,C0011,10,24.75
2025-03-21,P002,C0183,3,24.75
2025-02-23,P017,C0399,1,12.50
2025-01-31,P009,C0250,2,12.50
2025-10-15,P018,C0490,5,19.99
2025-10-16,P004,C0273,2,12.50
2025-06-04,P009,C0132,1,8.90
2025-10-12,P008,C0061,2,24.75
2025-11-13,P009,C0078,4,24.75
2025-01-13,P016,C0469,2,12.50
2025-08-15,P012,C0130,2,24.75
2025-08-08,P015,C0328,3,12.50
2025-02-17,P019,C0280,3,79.00
2025-01-02,P003,C0136,20,24.75
2025-03-10,P016,C0246,3,49.90
2025-01-13,P019,C0171,2,19.99
2025-09-17,P010,C0177,3,12.50
2025-10-14,P012,C0150,2,24.75
2025-10-07,P003,C0113,2,8.90
2025-09-13,P018,C0244,1,19.99
2025-03-16,P010,C0477,1,19.99
2025-01-02,P004,C0052,2,19.99
2025-12-31,P018,C0332,1,19.99
2025-08-12,P013,C0371,3,12.50
2025-05-29,P020,C0049,3,49.90
2025-01-07,P014,C0205,4,12.50
2025-03-17,P017,C0466,10,8.90
2025-12-18,P011,C0430,1,49.90
2025-08-29,P016,C0045,1,19.99
2025-10-21,P011,C0030,1,49.90
2025-03-19,P015,C0471,5,19.99
2025-11-25,P020,C0295,3,49.90
2025-06-12,P003,C0311,10,19.99
2025-07-05,P020,C0161,5,24.75
2025-08-04,P008,C0106,3,19.99
2025-03-24,P014,C0225,2,19.99
2025-12-29,P015,C0211,1,35.00
2025-07-18,P017,C0027,1,35.00
2025-02-16,P003,C0173,5,24.75
2025-01-07,P015,C0403,2,24.75
2025-08-25,P007,C0274,2,24.75
2025-06-21,P008,C0010,4,24.75
2025-10-08,P019,C0170,3,24.75
2025-04-17,P006,C0274,2,19.99
2025-11-19,P010,C0045,4,19.99
2025-03-13,P004,C0158,2,8.90
2025-11-24,P020,C0267,3,49.90
2025-06-10,P008,C0131,2,24.75
2025-08-10,P015,C0316,20,8.90
2025-02-03,P012,C0445,1,35.00
2025-03-24,P009,C0069,1,8.90
2025-04-09,P012,C0469,3,35.00
2025-12-30,P011,C0057,2,19.99
2025-08-22,P004,C0409,3,19.99
2025-08-19,P006,C0126,4,19.99
2025-09-10,P006,C0377,2,12.50
2025-01-17,P006,C0319,3,49.90
2025-02-01,P011,C0470,4,24.75
2025-12-11,P005,C0443,2,19.99
2025-02-15,P019,C0013,10,79.00
2025-11-14,P017,C0071,2,79.00
2025-10-07,P017,C0245,3,35.00
2025-03-14,P013,C0498,1,35.00
2025-11-10,P011,C0105,2,19.99
2025-07-31,P012,C0394,4,35.00
2025-08-07,P015,C0066,1,35.00
2025-09-21,P008,C0480,3,8.90
2025-07-20,P015,C0090,3,35.00
2025-11-25,P016,C0481,3,79.00
2025-01-03,P003,C0034,4,24.75
2025-07-02,P011,C0014,3,12.50
2025-07-25,P001,C0445,1,12.50
2025-12-09,P019,C0248,2,12.50
2025-08-11,P020,C0233,2,12.50
2025-06-18,P015,C0427,3,19.99
2025-02-10,P014,C0186,1,8.90
2025-11-03,P016,C0110,2,35.00
2025-03-05,P003,C0373,2,24.75
2025-08-09,P005,C0026,10,49.90
2025-02-08,P003,C0415,1,79.00
2025-03-30,P020,C0162,2,8.90
2025-05-29,P013,C0421,2,49.90
2025-01-01,P012,C0474,0,12.50
2025-08-20,P002,C0249,4,79.00
2025-01-24,P019,C0245,1,19.99
2025-08-27,P006,C0176,1,12.50
2025-05-14,P013,C0027,3,19.99
2025-08-17,P003,C0180,3,79.00
2025-03-22,P001,C0334,1,24.75
2025-03-18,P002,C0329,5,12.50
2025-01-28,P001,C0127,3,8.90
2025-10-18,P015,C0394,3,79.00
2025-05-23,P006,C0200,2,49.90
2025-03-04,P007,C0336,3,49.90
2025-03-02,P019,C0049,1,8.90
2025-10-12,P002,C0265,4,49.90
2025-10-18,P014,C0346,10,49.90
2025-11-13,P013,C0365,1,19.99
2025-07-11,P004,C0082,1,35.00
2025-05-15,P008,C0099,3,79.00
2025-05-07,P013,C0239,5,35.00
2025-12-22,P016,C0380,3,19.99
2025-05-18,P009,C0374,1,8.90
2025-02-03,P010,C0389,10,24.75
2025-10-17,P020,C0246,10,35.00
2025-11-01,P020,C0345,10,12.50
2025-03-21,P009,C0223,2,12.50
2025-03-23,P002,C0265,3,49.90
2025-03-04,P017,C0058,10,79.00
2025-03-31,P007,C0150,1,35.00
2025-11-11,,C0333,0,79.00
2025-09-30,P008,C0474,2,79.00
2025-10-31,P010,C0062,5,49.90
2025-03-06,P018,C0496,4,24.75
2025-07-18,P018,C0374,3,79.00
2025-10-25,P018,C0489,2,79.00
2025-05-22,P016,C0124,1,8.90
2025-05-23,P013,C0155,2,49.90
2025-09-18,P009,C0151,1,12.50
2025-08-30,P008,C0048,4,49.90
2025-04-25,P009,C0062,5,35.00
2025-02-09,P014,C0182,1,35.00
2025-11-24,P005,C0500,3,8.90
2025-07-26,P013,C0162,-2,8.90
2025-03-12,P010,C0044,3,12.50
2025-10-30,P011,C0471,1,19.99
2025-06-12,P012,C0130,2,49.90
2025-08-26,P002,C0283,3,35.00
2025-03-26,P004,C0020,1,35.00
2025-10-08,P001,C0238,3,19.99
2025-08-31,P002,C0175,3,35.00
2025-07-11,P020,C0304,10,8.90
2025-11-23,P008,C0421,5,49.90
2025-09-28,P019,C0474,2,8.90
2025-09-06,P004,C0043,1,8.90
2025-04-15,P010,C0241,3,19.99
2025-09-10,P014,C0326,1,19.99
2025-12-19,P011,C0278,-2,8.90
2025-04-29,P011,C0201,10,12.50
2025-01-20,P009,C0285,1,24.75
2025-01-27,P007,C0138,3,19.99
2025-03-25,P012,C0174,3,8.90
2025-10-13,P020,C0300,2,8.90
2025-06-06,P009,C0099,4,19.99
2025-10-21,P016,C0397,5,12.50
2025-09-13,P006,C0067,5,35.00
2025-10-12,P012,C0307,1,12.50
2025-01-02,P006,C0020,1,24.75
2025-01-17,P002,C0411,1,12.50
2025-05-25,P017,C0115,1,12.50
2025-10-06,P005,C0479,4,49.90
2025-04-18,P007,C0148,5,49.90
2025-11-04,P005,C0205,2,49.90
2025-06-07,P017,C0445,5,24.75
2025-12-22,P011,C0032,4,49.90
2025-10-02,P006,C0306,2,35.00
2025-11-15,P017,C0250,1,35.00
2025-07-27,P013,C0393,3,35.00
2025-05-10,P008,C0299,2,12.50
2025-12-21,P015,C0356,2,49.90
2025-12-20,P017,C0211,3,24.75
2025-12-16,P019,C0276,1,8.90
2025-04-25,P005,C0336,4,79.00
2025-12-10,P018,C0126,1,79.00
2025-10-24,P015,C0442,2,49.90
2025-12-23,P007,C0041,5,35.00
2025-09-05,P009,C0398,2,19.99
2025-04-22,P005,C0257,3,19.99
2025-10-25,P001,C0223,3,49.90
2025-09-25,P015,C0469,3,49.90
2025-12-23,P007,C0257,2,35.00
2025-08-12,P019,C0247,2,19.99
2025-08-17,P017,C0273,2,19.99
2025-01-05,P009,C0478,10,49.90
2025-12-04,P018,C0486,-2,8.90
2025-08-11,P020,C0146,5,12.50
2025-02-17,P019,C0243,3,12.50
2025-12-02,P001,C0377,10,12.50
2025-03-04,P001,C0316,3,8.90
2025-12-18,P008,C0106,1,24.75
2025-03-22,P012,C0406,2,19.99
2025-10-08,P007,C0134,1,8.90
2025-01-18,P016,C0065,2,19.99
2025-05-06,P002,C0413,4,49.90
2025-09-14,P016,C0136,3,19.99
2025-01-30,P014,C0064,10,12.50
2025-07-28,P013,C0334,1,35.00
2025-01-05,P001,C0007,2,12.50
2025-01-29,P007,C0429,1,8.90
2025-07-02,P011,C0246,10,49.90
2025-07-27,P019,C0059,2,35.00
2025-02-10,P013,C0077,3,24.75
2025-09-11,P005,C0425,2,35.00
2025-09-10,P004,C0160,1,35.00
2025-07-22,P015,C0213,5,8.90
2025-02-15,P008,C0344,1,24.75
2025-05-09,P011,C0479,5,79.00
2025-01-14,P005,C0142,5,24.75
2025-11-02,P006,C0137,4,8.90
2025-01-17,P009,C0407,4,24.75
2025-08-11,P003,C0325,1,49.90
2025-05-03,P016,C0165,10,12.50
2025-12-24,P016,C0140,3,12.50
2025-05-16,P008,C0022,4,8.90
2025-06-24,P018,C0418,4,19.99
2025-06-12,P006,C0268,5,35.00
2025-07-27,P016,C0408,3,24.75
2025-10-15,P018,C0117,10,49.90
2025-07-13,P008,C0463,2,8.90
2025-08-24,P002,C0116,2,24.75
2025-10-06,P010,C0425,3,24.75
2025-02-10,P008,C0339,3,79.00
2025-11-14,P012,C0168,2,49.90
2025-11-23,P010,C0267,2,8.90
2025-07-03,P012,C0274,2,79.00
2025-02-01,P015,C0121,2,49.90
2025-08-31,P004,C0397,4,12.50
2025-11-28,P016,C0235,1,24.75
2025-09-13,P005,C0262,1,49.90
2025-08-09,P004,C0091,2,12.50
2025-09-26,P013,C0133,4,24.75
2025-03-27,P016,C0319,4,8.90
2025-11-09,P008,C0207,1,24.75
2025-03-22,P009,C0139,10,49.90
2025-11-21,P010,C0374,3,12.50
2025-07-10,P007,C0189,2,79.00
2025-11-30,P009,C0400,1,35.00
2025-04-10,P011,C0086,10,24.75
2025-12-03,P007,C0132,5,49.90
2025-08-03,P019,C0093,-2,79.00
2025-03-14,P012,C0254,4,19.99
2025-05-30,P009,C0261,2,49.90
2025-12-03,P001,C0394,10,35.00
2025-04-12,P008,C0372,3,79.00
2025-09-04,P018,C0458,2,12.50
2025-10-29,P019,C0169,4,35.00
2025-09-19,P020,C0430,20,24.75
2025-02-20,P016,C0064,1,19.99
2025-07-10,P002,C0461,1,35.00
2025-04-22,P012,C0093,3,19.99
2025-02-11,P019,C0409,1,49.90
2025-01-18,P015,C0079,2,12.50
2025-12-23,P018,C0156,3,49.90
2025-12-10,P015,C0123,2,35.00
2025-07-25,P012,C0319,1,24.75
2025-12-10,P015,C0084,1,79.00
2025-09-10,P019,C0465,1,49.90
2025-07-18,P005,C0405,2,49.90
2025-05-23,P013,C0422,2,19.99
2025-08-27,P009,C0166,3,24.75
2025-09-29,P013,C0372,3,19.99
2025-10-13,P006,C0437,1,24.75
2025-12-06,P002,C0325,1,12.50
2025-01-30,P002,C0157,4,49.90
2025-09-16,P015,C0182,2,12.50
2025-05-08,P017,C0395,2,49.90
2025-09-12,P012,C0259,4,24.75
2025-10-04,P014,C0277,1,12.50
2025-03-20,P001,C0362,5,24.75
2025-06-30,P014,C0167,3,49.90
2025-04-19,P020,C0348,5,35.00
2025-01-16,P017,C0405,10,35.00
2025-09-02,P015,C0340,3,35.00
2025-06-06,P013,C0132,4,35.00
2025-10-15,P009,C0136,-2,35.00
2025-04-26,P007,C0301,4,24.75
2025-03-23,P014,C0321,5,79.00
2025-05-10,P001,C0039,1,8.90
2025-11-08,P005,C0095,2,8.90
2025-10-16,P016,C0479,1,35.00
2025-08-14,P006,C0331,4,19.99
2025-10-22,P001,C0094,4,8.90
2025-10-24,P008,C0068,4,12.50
2025-09-12,P014,C0343,5,24.75
2025-01-15,P004,C0405,2,12.50
2025-03-01,P019,C0279,10,8.90
2025-12-08,P004,C0181,1,12.50
2025-01-17,P015,C0230,1,49.90
2025-10-14,P019,C0028,1,35.00
2025-05-22,P004,C0013,1,79.00
2025-01-16,P017,C0420,4,79.00
2025-01-27,P013,C0075,5,12.50
2025-09-18,P007,C0440,5,12.50
2025-01-12,P007,C0314,1,8.90
2025-06-05,P017,C0191,2,49.90
2025-09-15,P004,C0285,2,8.90
2025-05-04,P009,C0397,1,79.00
2025-03-24,P008,C0196,10,79.00
2025-03-31,P014,C0038,2,8.90
2025-10-08,P005,C0446,5,19.99
2025-03-03,P009,C0270,1,8.90
2025-10-05,P014,C0054,1,12.50
2025-11-04,P001,C0417,1,24.75
2025-01-23,P004,C0468,5,12.50
2025-10-24,P003,C0208,4,79.00
2025-04-14,P010,C0321,5,79.00
2025-09-27,P011,C0204,2,19.99
2025-03-25,P005,C0345,4,79.00
2025-04-07,P010,C0263,4,24.75
2025-03-01,P020,C0348,3,12.50
2025-01-24,P001,C0301,1,79.00
2025-10-08,P015,C0472,5,19.99
2025-06-01,P016,C0205,2,35.00
2025-01-10,P017,C0132,2,49.90
2025-06-16,P003,C0241,2,12.50
2025-09-01,P019,C0490,2,79.00
2025-05-29,P009,C0386,5,19.99
2025-02-21,P013,C0386,2,12.50
2025-07-09,P001,C0298,1,49.90
2025-08-30,P007,C0326,2,12.50
2025-04-09,P015,C0231,2,12.50
2025-05-01,P001,C0391,3,79.00
2025-05-09,P012,C0061,5,35.00
2025-05-03,P006,C0261,0,79.00
2025-02-15,P014,C0161,2,24.75
2025-08-09,P016,C0336,5,8.90
2025-01-12,P011,C0373,2,12.50
2025-12-11,P005,C0390,1,24.75
2025-12-21,P012,C0368,2,24.75
2025-01-17,P018,C0299,1,19.99
2025-04-17,P005,C0399,3,19.99
2025-05-27,P006,C0273,0,49.90
2025-09-07,P003,C0265,20,8.90
2025-09-22,P014,C0161,2,12.50
2025-08-06,P018,C0204,1,12.50
2025-08-30,P006,C0145,3,8.90
2025-02-02,P011,C0052,4,8.90
2025-12-11,P007,C0427,1,35.00
2025-05-22,P012,C0046,4,79.00
2025-08-31,P007,C0406,1,19.99
2025-10-26,P002,C0350,3,12.50
2025-04-25,P017,C0311,4,49.90
2025-04-06,P020,C0206,10,19.99
2025-01-01,P014,C0372,20,8.90
2025-11-24,P008,C0458,1,79.00
2025-09-04,P015,C0326,1,49.90
2025-05-31,P018,C0073,2,49.90
2025-03-27,P017,C0480,3,35.00
2025-11-15,P013,C0087,4,79.00
2025-01-12,P017,C0266,5,49.90
2025-10-03,P003,C0085,1,19.99
2025-07-22,P019,C0283,2,49.90
2025-02-03,P005,C0018,3,79.00
2025-06-26,P019,C0479,2,35.00
2025-05-23,P014,C0228,2,35.00
2025-12-07,P015,C0115,3,8.90
2025-07-05,P013,C0060,20,35.00
2025-10-19,P010,C0358,3,19.99
2025-02-18,P015,C0180,1,12.50
2025-05-05,P002,C0386,2,12.50
2025-03-20,P014,C0067,5,49.90
2025-03-18,P011,C0382,2,24.75
2025-07-22,P018,C0373,1,24.75
2025-05-15,P011,C0184,3,35.00
2025-04-16,P018,C0171,4,49.90
2025-09-17,P004,C0313,5,79.00
2025-04-21,P013,C0269,1,79.00
2025-09-20,P003,C0055,5,35.00
2025-07-23,P019,C0240,1,12.50
2025-01-04,P002,C0074,1,24.75
2025-03-06,P008,C0303,3,19.99
2025-08-11,P017,C0023,2,8.90
2025-02-13,P015,C0311,5,19.99
2025-02-08,P015,C0128,2,35.00
2025-09-03,P015,C0176,2,24.75
2025-02-16,P010,C0254,4,8.90
2025-08-02,P007,C0251,5,24.75
2025-11-14,P007,C0283,2,19.99
2025-05-26,P005,C0047,3,8.90
2025-08-16,P012,C0371,2,35.00
2025-02-28,P016,C0386,2,24.75
2025-11-26,P011,C0378,1,19.99
2025-01-18,P016,C0146,4,35.00
2025-02-23,P008,C0316,1,35.00
2025-12-01,P013,C0382,1,19.99
2025-06-17,P017,C0366,1,49.90
2025-10-27,,C0306,1,24.75
2025-09-04,P008,C0204,1,35.00
2025-03-18,P013,C0183,1,24.75
2025-07-25,P018,C0225,2,19.99
2025-01-14,P004,C0426,1,35.00
2025-03-28,P002,C0225,2,79.00
2025-08-16,P020,C0410,10,24.75
2025-03-13,P012,C0316,1,79.00
2025-06-06,P012,C0172,2,12.50
2025-08-30,P017,C0471,5,12.50
2025-12-28,P019,C0292,1,49.90
2025-05-19,P007,C0400,1,12.50
2025-02-10,P003,C0251,1,35.00
2025-02-11,P004,C0472,4,35.00
2025-03-29,P013,C0359,3,8.90
2025-11-16,P010,C0444,3,35.00
2025-07-29,P007,C0137,0,8.90
2025-03-07,P001,C0153,4,19.99
2025-03-22,P017,C0376,5,19.99
2025-08-06,P005,C0271,2,24.75
2025-03-27,P019,C0044,1,12.50
2025-05-25,P002,C0281,1,12.50
2025-10-25,P005,C0185,1,12.50
2025-08-28,P011,C0358,2,12.50
2025-02-08,P005,C0256,10,24.75
2025-12-11,P012,C0196,3,8.90
2025-09-03,P016,C0095,2,79.00
2025-06-26,P017,C0494,2,35.00
2025-07-10,P008,C0213,4,8.90
2025-07-06,P019,C0242,2,24.75
2025-09-25,P009,C0098,1,12.50
2025-09-06,P009,C0438,4,8.90
2025-07-29,P005,C0107,2,49.90
2025-02-09,P019,C0066,3,49.90
2025-03-24,P015,C0006,3,79.00
2025-04-22,P014,C0177,10,79.00
2025-02-24,P018,C0385,1,24.75
2025-09-29,P020,C0302,2,8.90
2025-08-24,P010,C0405,1,35.00
2025-11-17,P006,C0437,1,49.90
2025-12-16,P010,C0148,2,12.50
2025-08-07,P013,C0330,-2,12.50
2025-08-24,P020,C0349,5,49.90
2025-11-29,P015,C0117,3,8.90
2025-04-15,P007,C0389,1,12.50
2025-08-15,P013,C0407,10,49.90
2025-12-26,P010,C0339,3,24.75
2025-01-25,P002,C0262,4,35.00
2025-05-02,P016,C0174,1,19.99
2025-02-16,P015,C0334,3,12.50
2025-09-08,P005,C0430,4,49.90
2025-07-30,P008,C0318,3,8.90
2025-07-15,P015,C0258,2,8.90
2025-07-29,P006,C0498,4,8.90
2025-08-18,P006,C0477,3,12.50
2025-01-08,P012,C0005,1,8.90
2025-02-19,P017,C0169,3,49.90
2025-02-23,P008,C0111,5,19.99
2025-08-15,P019,C0190,4,19.99
2025-05-06,P019,C0305,5,24.75
2025-02-15,P005,C0358,1,49.90
2025-01-18,P017,C0432,4,49.90
2025-04-06,P012,C0155,10,79.00
2025-05-24,P016,C0348,1,8.90
2025-12-11,P002,C0233,1,49.90
2025-03-04,P001,C0425,4,35.00
2025-03-13,P005,C0266,3,24.75
2025-01-25,P012,C0317,3,79.00
2025-07-18,P005,C0058,10,35.00
2025-04-15,P016,C0331,4,24.75
2025-02-19,P009,C0459,1,79.00
2025-06-04,P005,C0417,0,12.50
2025-06-16,P015,C0232,1,24.75
2025-09-16,P013,C0262,20,12.50
2025-10-06,P008,C0101,2,19.99
2025-07-16,P016,C0338,5,8.90
2025-08-04,P007,C0103,1,19.99
2025-03-20,P017,C0308,5,24.75
2025-11-07,P004,C0333,5,8.90
2025-05-29,P019,C0092,2,8.90
2025-06-04,P020,C0212,10,35.00
2025-06-21,P004,C0253,4,19.99
2025-05-09,P016,C0042,2,79.00
2025-08-11,P001,C0073,10,12.50
2025-08-07,P006,C0183,2,79.00
2025-12-19,P008,C0108,-2,19.99
2025-04-09,P015,C0007,2,24.75
2025-08-14,P005,C0099,3,8.90
2025-06-24,P011,C0204,2,24.75
2025-10-20,P011,C0124,1,8.90
2025-09-06,P004,C0354,4,24.75
2025-12-31,P013,C0256,10,79.00
2025-11-02,P019,C0495,4,49.90
2025-11-19,P012,C0368,3,35.00
2025-02-21,P009,C0083,2,35.00
2025-02-12,P020,C0418,1,24.75
2025-11-30,P017,C0184,3,8.90
2025-01-03,P011,C0066,2,49.90
2025-11-30,P003,C0420,3,12.50
2025-11-13,P005,C0391,1,8.90
2025-10-21,P004,C0049,1,35.00
2025-07-17,P017,C0434,3,49.90
2025-04-07,P011,C0062,2,19.99
2025-10-28,P013,C0351,3,24.75
2025-08-17,P019,C0167,4,35.00
2025-09-29,P007,C0091,20,35.00
2025-04-17,P013,C0228,1,24.75
2025-07-28,P017,C0392,4,24.75
2025-10-10,P011,C0026,2,79.00
2025-11-21,P008,C0407,2,24.75
2025-08-17,P015,C0038,2,49.90
2025-11-09,P012,C0036,4,49.90
2025-03-08,P017,C0124,3,35.00
2025-08-19,P002,C0080,4,24.75
2025-01-06,P002,C0348,1,49.90
2025-09-26,P009,C0293,1,49.90
2025-12-31,P004,C0494,1,12.50
2025-10-24,P006,C0467,2,19.99
2025-08-19,P015,C0452,4,24.75
2025-02-12,P003,C0378,2,24.75
2025-12-31,P009,C0076,3,12.50
2025-04-26,P016,C0052,3,49.90
2025-07-15,P012,C0398,2,24.75
2025-05-15,P017,C0449,1,12.50
2025-06-24,P003,C0099,1,79.00
2025-09-15,P007,C0352,1,8.90
2025-11-21,P003,C0387,3,49.90
2025-11-28,P007,C0248,1,12.50
2025-02-06,P010,C0371,3,35.00
2025-02-09,P001,C0184,2,35.00
2025-07-19,P018,C0249,2,49.90
2025-01-27,P002,C0371,2,8.90
2025-01-28,P019,C0270,1,8.90
2025-01-23,P001,C0420,2,19.99
2025-10-10,P007,C0202,2,8.90
2025-04-24,P004,C0070,1,8.90
2025-03-09,P005,C0272,1,24.75
2025-05-05,P009,C0228,4,24.75
2025-12-01,P001,C0045,4,79.00
2025-12-09,P001,C0130,2,12.50
2025-09-01,P017,C0437,3,8.90
2025-08-07,P001,C0382,0,8.90
2025-09-05,P012,C0229,3,24.75
2025-12-04,P015,C0441,3,24.75
2025-03-12,P012,C0084,2,19.99
2025-07-08,P004,C0031,2,8.90
2025-03-24,P003,C0037,2,79.00
2025-02-15,P019,C0329,3,49.90
2025-02-06,P017,C0179,1,35.00
2025-10-24,P002,C0288,5,19.99
2025-07-02,P011,C0258,1,79.00
2025-05-14,P004,C0293,2,19.99
2025-12-26,P006,C0288,5,24.75
2025-06-13,P001,C0388,4,19.99
2025-05-07,P014,C0161,10,79.00
2025-07-08,P001,C0361,2,35.00
2025-02-09,P013,C0117,1,19.99
2025-02-11,P017,C0142,3,8.90
2025-11-26,P010,C0090,4,49.90
2025-12-21,P020,C0202,3,79.00
2025-01-17,P014,C0493,1,8.90
2025-03-24,P018,C0415,20,35.00
2025-02-09,P010,C0132,4,12.50
2025-10-09,P004,C0004,1,49.90
2025-03-01,P016,C0029,4,19.99
2025-11-10,P011,C0138,1,35.00
2025-02-19,P011,C0145,1,35.00
2025-10-01,P019,C0380,4,79.00
2025-08-04,P019,C0249,2,12.50
2025-08-19,P002,C0479,2,12.50
2025-01-31,P001,C0426,2,24.75
2025-01-09,P010,C0450,10,12.50
2025-11-03,P019,C0222,1,49.90
2025-12-13,P013,C0235,4,19.99
2025-01-07,P016,C0319,3,35.00
2025-04-13,P002,C0227,10,79.00
2025-05-01,P006,C0325,1,8.90
2025-04-06,P003,C0268,4,49.90
2025-05-06,P002,C0217,2,24.75
2025-11-25,P008,C0453,2,49.90
2025-07-24,P009,C0286,1,24.75
2025-01-07,P016,C0025,2,49.90
2025-03-26,P013,C0328,1,12.50
2025-12-24,P013,C0052,3,35.00
2025-12-15,P006,C0072,1,8.90
2025-10-31,P005,C0454,5,35.00
2025-11-16,P013,C0057,5,19.99
2025-09-26,P020,C0021,1,8.90
2025-04-25,P004,C0305,4,8.90
2025-06-04,P019,C0071,3,49.90
2025-03-06,P001,C0016,1,24.75
2025-12-05,P016,C0294,5,12.50
2025-10-03,P012,C0206,2,79.00
2025-02-17,P019,C0116,3,19.99
2025-11-01,P006,C0190,10,8.90
2025-12-20,P005,C0447,3,79.00
2025-04-21,P017,C0081,2,19.99
2025-10-19,P001,C0225,5,12.50
2025-09-07,P015,C0212,1,35.00
2025-04-11,P012,C0104,4,79.00
2025-02-05,P018,C0183,4,49.90
2025-09-17,P020,C0109,3,8.90
2025-01-04,P009,C0330,4,8.90
2025-06-19,P018,C0151,3,24.75
2025-11-02,P015,C0385,3,79.00
2025-02-25,P017,C0173,1,19.99
2025-06-01,P016,C0383,1,24.75
2025-01-03,P001,C0255,2,12.50
2025-08-29,P006,C0082,2,49.90
2025-08-08,P010,C0342,4,35.00
2025-07-22,P016,C0473,1,19.99
2025-04-19,P008,C0176,1,79.00
2025-09-07,P020,C0406,2,79.00
2025-01-29,P020,C0016,2,8.90
2025-08-06,P001,C0419,1,24.75
2025-11-21,P016,C0286,1,19.99
2025-05-04,P006,C0242,2,19.99
2025-08-24,P001,C0328,1,12.50
2025-09-27,P013,C0294,5,19.99
2025-12-24,P006,C0431,3,8.90
2025-01-24,P020,C0166,2,8.90
2025-07-16,P019,C0409,3,79.00
2025-06-05,P005,C0247,2,19.99
2025-05-10,P018,C0010,2,8.90
2025-12-19,P004,C0256,5,24.75
2025-07-21,P004,C0124,5,8.90
2025-05-10,P019,C0313,1,79.00
2025-08-05,P014,C0463,2,79.00
2025-03-24,P006,C0407,10,19.99
2025-01-24,P017,C0106,1,49.90
2025-12-21,P015,C0276,10,49.90
2025-09-12,P002,C0402,2,19.99
2025-08-01,P006,C0075,5,19.99
2025-02-24,P002,C0421,2,79.00
2025-10-28,P012,C0061,1,19.99
2025-01-20,P015,C0382,1,35.00
2025-08-02,P014,C0172,2,19.99
2025-12-02,P003,C0431,3,79.00
2025-08-03,P014,C0231,3,8.90
2025-07-08,P017,C0356,4,8.90
2025-05-29,P010,C0341,2,19.99
2025-06-14,P009,C0015,1,35.00
2025-07-16,P020,C0179,4,19.99
2025-11-15,P016,C0154,5,49.90
2025-08-10,P004,C0342,1,49.90
2025-08-29,P007,C0468,1,8.90
2025-05-13,P018,C0284,2,19.99
2025-04-24,P002,C0344,10,49.90
2025-07-19,P018,C0452,3,49.90
2025-05-13,P014,C0005,1,12.50
2025-09-30,P004,C0039,10,79.00
2025-01-03,P019,C0082,1,35.00
2025-09-15,P015,C0208,10,8.90
2025-05-20,P001,C0299,3,8.90
2025-12-14,P002,C0159,3,35.00
2025-12-23,P016,C0400,4,35.00
2025-02-27,P014,C0128,10,12.50
2025-05-22,P011,C0344,10,19.99
2025-07-19,P001,C0364,1,35.00
2025-12-08,P001,C0038,10,49.90
2025-09-14,P015,C0130,2,24.75
2025-09-09,P004,C0082,5,19.99
2025-12-29,P015,C0101,4,19.99
2025-11-29,P012,C0023,2,79.00
2025-11-02,P014,C0400,5,24.75
2025-10-17,P018,C0322,1,49.90
2025-03-16,P016,C0337,1,12.50
2025-03-23,P007,C0189,1,19.99
2025-06-14,P009,C0415,4,12.50
2025-10-17,P007,C0039,3,49.90
2025-12-08,P005,C0496,4,49.90
2025-03-30,P004,C0259,1,35.00
2025-01-20,P003,C0094,2,8.90
2025-06-05,P020,C0277,10,12.50
2025-05-17,P001,C0270,1,24.75
2025-06-15,P015,C0494,2,8.90
2025-10-23,P002,C0427,1,79.00
2025-07-17,P015,C0005,3,12.50
2025-09-05,P001,C0500,2,24.75
2025-07-05,P006,C0381,3,8.90
2025-01-27,P018,C0297,1,79.00
2025-03-27,P012,C0310,1,12.50
2025-02-04,P012,C0264,3,35.00
2025-10-19,,C0324,1,19.99
2025-10-02,P001,C0299,1,79.00
2025-10-30,P018,C0456,3,19.99
2025-04-29,P007,C0127,1,12.50
2025-10-04,P018,C0080,2,24.75
2025-08-10,P013,C0206,2,19.99
2025-03-29,P007,C0411,4,49.90
2025-02-24,P015,C0097,5,19.99
2025-11-09,P012,C0225,20,49.90
2025-05-25,P008,C0026,1,24.75
2025-12-26,P002,C0160,5,8.90
2025-04-30,P006,C0369,1,49.90
2025-01-10,P009,C0308,4,24.75
2025-05-22,P007,C0308,4,35.00
2025-03-06,P009,C0410,4,49.90
2025-01-08,P016,C0308,3,49.90
2025-01-06,P019,C0384,20,79.00
2025-06-21,P020,C0343,1,49.90
2025-11-29,P003,C0320,20,35.00
2025-12-08,P015,C0021,2,49.90
2025-01-10,P016,C0431,0,19.99
2025-12-29,P010,C0389,2,49.90
2025-04-10,P019,C0310,3,19.99
2025-05-20,P013,C0157,2,12.50
2025-01-02,P008,C0377,3,24.75
2025-11-10,P003,C0129,3,49.90
2025-05-25,P011,C0381,2,24.75
2025-04-08,P020,C0141,5,24.75
2025-03-26,P005,C0037,2,24.75
2025-05-10,P003,C0172,1,35.00
2025-09-20,P014,C0027,2,24.75
2025-02-01,P001,C0430,4,12.50
2025-03-31,P016,C0119,2,49.90
2025-12-25,P015,C0220,4,79.00
2025-08-16,P008,C0138,4,12.50
2025-10-21,P012,C0342,0,49.90
2025-09-09,P004,C0483,4,79.00
2025-06-18,P013,C0425,3,24.75
2025-08-06,P006,C0214,1,49.90
2025-12-13,P011,C0234,2,79.00
2025-08-17,P004,C0168,1,19.99
2025-02-10,P017,C0285,5,12.50
2025-03-22,P008,C0158,1,24.75
2025-05-29,P015,C0355,2,19.99
2025-06-12,P020,C0017,2,12.50
2025-09-29,P005,C0137,1,24.75
2025-06-08,P010,C0422,4,79.00
2025-12-27,P005,C0008,2,35.00
2025-10-23,P009,C0122,10,49.90
2025-08-26,P008,C0399,2,79.00
2025-11-07,P018,C0389,-2,35.00
2025-07-01,P012,C0316,1,19.99
2025-10-27,P019,C0128,1,19.99
2025-08-27,P011,C0045,10,49.90
2025-04-28,P017,C0482,20,79.00
2025-05-17,P009,C0153,4,24.75
2025-03-02,P003,C0483,1,12.50
2025-03-10,P013,C0074,4,24.75
2025-02-26,P009,C0094,2,12.50
2025-09-20,P013,C0014,10,35.00
2025-08-20,P011,C0458,2,24.75
2025-12-28,P006,C0274,4,19.99
2025-04-19,P002,C0102,3,49.90
2025-03-30,P016,C0184,3,12.50
2025-04-25,P008,C0073,1,24.75
2025-04-17,P015,C0317,10,35.00
2025-03-20,P001,C0281,20,12.50
2025-06-03,P019,C0322,3,8.90
2025-08-04,P017,C0433,3,24.75
2025-08-24,P010,C0438,10,12.50
2025-06-05,P019,C0107,2,8.90
2025-10-02,P008,C0476,4,79.00
2025-06-24,P015,C0489,10,79.00
2025-07-18,P009,C0063,10,49.90
2025-07-03,P003,C0111,1,49.90
2025-06-24,P018,C0214,2,35.00
2025-08-03,P020,C0146,5,19.99
2025-07-09,P014,C0398,10,19.99
2025-01-10,P009,C0060,20,8.90
2025-02-04,P012,C0121,20,79.00
2025-06-23,P012,C0209,1,8.90
2025-12-14,P017,C0495,4,35.00
2025-11-10,P020,C0032,2,79.00
2025-10-07,P015,C0099,4,49.90
2025-10-11,P006,C0345,10,35.00
2025-06-05,P017,C0493,2,24.75
2025-01-07,P001,C0141,3,49.90
2025-05-02,P018,C0119,10,49.90
2025-07-26,P001,C0412,2,24.75
2025-07-17,P012,C0333,1,12.50
2025-01-14,P001,C0324,4,35.00
2025-01-30,P020,C0470,3,19.99
2025-10-10,P004,C0158,3,19.99
2025-11-01,P018,C0396,5,12.50
2025-10-30,P001,C0187,5,24.75
2025-07-29,P019,C0343,1,19.99
2025-05-22,P018,C0414,3,79.00
2025-06-27,P010,C0079,1,49.90
2025-01-04,P003,C0475,20,12.50
2025-12-08,P007,C0476,1,49.90
2025-02-15,P007,C0193,1,79.00
2025-03-26,P007,C0307,1,79.00
2025-08-24,P014,C0276,1,19.99
2025-12-13,P019,C0048,1,19.99
2025-05-26,P006,C0335,1,24.75
2025-08-03,P013,C0275,2,24.75
2025-07-08,P004,C0244,3,19.99
2025-02-26,P002,C0325,1,35.00
2025-09-01,P005,C0484,10,79.00
2025-02-03,P011,C0238,1,24.75
2025-11-22,P005,C0141,2,19.99
2025-10-10,P001,C0113,20,19.99
2025-11-24,P003,C0247,1,12.50
2025-03-22,P014,C0137,2,12.50
2025-01-29,P019,C0086,1,24.75
2025-02-22,P009,C0262,3,24.75
2025-03-21,P018,C0333,3,79.00
2025-11-03,P013,C0195,1,19.99
2025-03-08,P016,C0380,4,79.00
2025-06-10,P020,C0352,3,12.50
2025-04-11,P008,C0004,2,19.99
2025-09-07,P007,C0306,3,12.50
2025-01-29,P011,C0041,1,49.90
2025-01-07,P005,C0199,2,12.50
2025-06-11,P005,C0205,3,24.75
2025-10-01,P015,C0330,1,49.90
2025-10-22,P008,C0201,3,35.00
2025-11-03,P008,C0363,3,49.90
2025-10-07,P018,C0418,4,79.00
2025-08-14,P019,C0120,2,35.00
2025-08-05,P003,C0082,10,79.00
2025-07-04,P006,C0480,1,19.99
2025-08-18,P015,C0130,3,49.90
2025-01-21,P010,C0168,3,24.75
2025-10-02,P008,C0080,1,12.50
2025-08-29,P010,C0360,10,49.90
2025-09-18,P003,C0168,3,8.90
2025-07-05,P013,C0034,3,24.75
2025-12-18,P017,C0152,2,12.50
2025-01-07,P020,C0089,2,19.99
2025-10-23,P020,C0435,10,79.00
2025-11-25,P007,C0494,-2,79.00
2025-02-04,P013,C0152,1,24.75
2025-09-08,P018,C0082,1,8.90
2025-04-24,P008,C0481,2,49.90
2025-12-03,P004,C0039,4,12.50
2025-11-09,P004,C0299,2,19.99
2025-09-25,P001,C0242,3,24.75
2025-04-02,P013,C0191,4,79.00
2025-02-18,P007,C0173,1,79.00
2025-10-08,P005,C0239,4,79.00
2025-07-29,P020,C0289,3,79.00
2025-10-23,P015,C0039,2,24.75
2025-02-12,P001,C0394,2,35.00
2025-06-21,P012,C0461,1,49.90
2025-10-07,P018,C0153,2,49.90
2025-06-03,P011,C0182,1,19.99
2025-10-11,P011,C0371,5,79.00
2025-04-19,P002,C0091,1,8.90
2025-01-25,P007,C0162,5,35.00
2025-06-04,P017,C0202,5,12.50
2025-04-19,P014,C0185,1,12.50
2025-07-20,P011,C0062,1,12.50
2025-01-25,P016,C0236,1,8.90
2025-09-19,P003,C0443,4,12.50
2025-01-20,P020,C0376,5,79.00
2025-04-01,P009,C0005,4,8.90
2025-04-21,P020,C0002,2,8.90
2025-04-08,P011,C0305,3,19.99
2025-03-09,P015,C0069,2,35.00
2025-06-05,P013,C0016,1,8.90
2025-07-23,P018,C0054,1,49.90
2025-10-27,P012,C0435,3,79.00
2025-07-10,P010,C0097,4,49.90
2025-08-14,P010,C0157,2,79.00
2025-12-24,P008,C0331,-2,19.99
2025-12-13,P009,C0049,10,24.75
2025-04-08,P004,C0419,1,19.99
2025-09-22,P005,C0181,5,49.90
2025-09-22,P001,C0090,3,12.50
2025-08-31,P001,C0410,3,49.90
2025-06-24,P005,C0238,3,24.75
2025-02-25,P014,C0366,5,12.50
2025-10-16,P011,C0056,2,12.50
2025-05-14,P004,C0126,4,12.50
2025-01-26,P020,C0403,10,79.00
2025-09-27,P001,C0179,4,19.99
2025-05-07,P015,C0451,1,24.75
2025-04-23,P011,C0203,4,24.75
2025-04-15,P015,C0057,4,12.50
2025-10-11,P007,C0365,1,79.00
2025-05-19,P016,C0009,1,49.90
2025-06-19,P007,C0169,5,79.00
2025-10-03,P001,C0171,3,24.75
2025-01-25,P009,C0269,20,19.99
2025-08-14,P013,C0199,10,49.90
2025-11-17,P010,C0480,3,8.90
2025-10-31,P008,C0139,1,24.75
2025-09-12,P020,C0241,1,35.00
2025-08-30,P020,C0032,2,79.00
2025-02-02,P012,C0074,2,49.90
2025-10-16,P012,C0121,3,35.00
2025-10-18,P003,C0381,2,35.00
2025-05-18,P010,C0272,10,12.50
2025-02-01,P009,C0310,5,12.50
2025-11-03,P015,C0020,4,49.90
2025-01-01,P009,C0077,1,79.00
2025-08-27,P002,C0102,1,35.00
2025-06-12,P016,C0308,3,12.50
2025-05-14,P002,C0429,2,19.99
2025-02-11,P016,C0421,1,35.00
2025-10-03,P014,C0395,1,24.75
2025-01-14,P002,C0452,10,35.00
2025-06-29,P018,C0067,1,49.90
2025-12-26,P002,C0471,3,24.75
2025-02-17,P010,C0107,20,79.00
2025-10-30,P017,C0432,3,24.75
2025-03-11,P014,C0091,2,12.50
2025-11-12,P005,C0250,1,24.75
2025-08-09,P016,C0037,3,19.99
2025-09-23,P003,C0305,1,8.90
2025-04-12,P011,C0419,2,24.75
2025-02-11,P002,C0496,3,12.50
2025-05-02,P017,C0292,3,8.90
2025-12-23,P013,C0473,2,12.50
2025-02-12,P012,C0246,1,19.99
2025-07-20,P004,C0055,4,35.00
2025-08-18,P017,C0152,4,8.90
2025-12-22,P011,C0264,3,8.90
2025-10-06,P017,C0332,1,12.50
2025-08-07,P013,C0471,2,12.50
2025-11-26,P005,C0076,1,8.90
2025-07-16,P005,C0159,2,79.00
2025-07-12,P020,C0389,0,79.00
2025-02-21,P006,C0425,3,19.99
2025-04-15,P015,C0401,1,19.99
2025-11-14,P018,C0284,3,49.90
2025-03-30,P002,C0263,10,12.50
2025-04-05,P003,C0285,5,35.00
2025-08-21,P006,C0237,-2,12.50
2025-01-27,P002,C0479,2,19.99
2025-04-21,P010,C0139,1,49.90
2025-06-30,P018,C0481,4,35.00
2025-06-02,P011,C0244,1,8.90
2025-08-05,P011,C0007,2,8.90
2025-11-04,P019,C0282,2,19.99
2025-02-18,P020,C0001,3,19.99
2025-10-02,P008,C0216,2,79.00
2025-11-21,P011,C0147,1,12.50
2025-10-04,P003,C0146,3,49.90
2025-07-13,P015,C0078,5,49.90
2025-07-30,P010,C0364,5,35.00
2025-04-18,P007,C0089,1,12.50
2025-08-10,P011,C0452,3,35.00
2025-09-22,P007,C0227,1,79.00
2025-07-24,P010,C0304,4,8.90
2025-09-08,P014,C0105,3,49.90
2025-12-27,P001,C0173,3,8.90
2025-02-23,P005,C0464,3,8.90
2025-04-04,P001,C0392,4,49.90
2025-11-03,P018,C0216,4,12.50
2025-10-11,P018,C0176,10,79.00
2025-07-14,P017,C0395,-2,49.90
2025-12-30,P019,C0215,3,19.99
2025-06-02,P007,C0074,2,24.75
2025-02-01,P009,C0234,4,79.00
2025-03-15,P009,C0339,1,19.99
2025-04-18,P018,C0424,10,49.90
2025-12-27,P006,C0186,1,49.90
2025-08-08,P009,C0319,1,8.90
2025-03-10,P013,C0098,10,8.90
2025-08-28,P006,C0290,5,12.50
2025-05-17,P001,C0392,0,19.99
2025-11-03,P002,C0377,4,79.00
2025-03-20,P006,C0256,-2,35.00
2025-07-31,P004,C0317,1,12.50
2025-05-25,P010,C0091,2,79.00
2025-07-23,P002,C0453,4,19.99
2025-02-23,P001,C0248,10,24.75
2025-05-09,P019,C0464,1,35.00
2025-07-22,P009,C0438,2,35.00
2025-05-30,P005,C0219,5,49.90
2025-04-22,P012,C0245,3,35.00
2025-11-16,P002,C0342,1,8.90
2025-03-10,P013,C0235,4,19.99
2025-11-09,P015,C0300,3,19.99
2025-12-17,P006,C0353,1,49.90
2025-02-27,P002,C0490,5,8.90
2025-11-16,P001,C0133,1,79.00
2025-10-02,P012,C0406,10,8.90
2025-06-15,P019,C0284,1,79.00
2025-08-17,P002,C0474,3,12.50
2025-11-25,P004,C0353,20,24.75
2025-05-24,P016,C0156,1,12.50
2025-07-15,P002,C0248,3,49.90
2025-09-10,P020,C0244,5,8.90
2025-01-22,P015,C0232,5,8.90
2025-08-31,P002,C0171,4,35.00
2025-10-16,P010,C0251,1,79.00
2025-10-29,P014,C0107,2,79.00
2025-08-19,P015,C0414,1,19.99
2025-05-15,P012,C0228,2,24.75
2025-01-04,P011,C0231,1,79.00
2025-06-28,P007,C0310,1,8.90
2025-01-05,P016,C0251,5,24.75
2025-07-02,P018,C0383,2,24.75
2025-06-09,P015,C0285,1,35.00
2025-12-17,P016,C0483,4,35.00
2025-06-10,P003,C0480,1,12.50
2025-06-16,P008,C0346,3,79.00
2025-10-03,P006,C0161,3,49.90
2025-08-29,P012,C0141,2,79.00
2025-08-20,P001,C0210,4,8.90
2025-11-12,P018,C0472,2,24.75
2025-06-18,P006,C0139,4,79.00
2025-09-13,P008,C0288,1,8.90
2025-06-01,P011,C0299,2,24.75
2025-07-11,P010,C0321,10,12.50
2025-09-03,P007,C0163,10,12.50
2025-11-15,P014,C0124,4,8.90
2025-07-31,P008,C0336,1,35.00
2025-10-22,P010,C0087,3,35.00
2025-10-01,P015,C0102,1,79.00
2025-08-07,P017,C0295,2,35.00
2025-07-15,P004,C0188,2,12.50
2025-06-21,P017,C0178,5,49.90
2025-08-06,P001,C0202,1,24.75
2025-10-09,P011,C0338,5,8.90
2025-11-21,P006,C0179,2,49.90
2025-03-16,P004,C0121,5,79.00
2025-06-07,P012,C0260,4,12.50
2025-03-16,P002,C0481,10,12.50
2025-04-01,P005,C0094,3,8.90
2025-12-18,P019,C0255,1,49.90
2025-06-27,P015,C0451,1,8.90
2025-09-03,P020,C0205,1,35.00
2025-01-10,P005,C0376,1,8.90
2025-12-20,P001,C0278,2,24.75
2025-12-22,P011,C0270,10,24.75
2025-12-26,P008,C0401,4,8.90
2025-09-25,P010,C0441,1,24.75
2025-06-23,P013,C0401,4,19.99
2025-12-10,P017,C0185,3,8.90
2025-10-28,P010,C0204,2,49.90
2025-03-13,P018,C0347,4,8.90
2025-07-10,P004,C0247,4,19.99
2025-10-21,P005,C0017,1,19.99
2025-08-31,P001,C0467,20,8.90
2025-02-17,P012,C0017,1,49.90
2025-06-06,P002,C0030,3,19.99
2025-11-02,P012,C0111,1,19.99
2025-03-03,P013,C0354,2,8.90
2025-02-11,P015,C0400,2,79.00
2025-12-06,P014,C0287,4,12.50
2025-06-20,P002,C0347,10,12.50
2025-12-01,P012,C0186,2,8.90
2025-07-11,P004,C0266,1,79.00
2025-05-30,P004,C0378,2,19.99
2025-02-14,P018,C0003,1,12.50
2025-02-25,P004,C0463,1,8.90
2025-09-28,P012,C0230,3,35.00
2025-11-16,P014,C0071,1,49.90
2025-04-11,P010,C0052,1,8.90
2025-04-13,P015,C0022,1,8.90
2025-05-06,P009,C0094,2,19.99
2025-07-10,P017,C0291,5,19.99
2025-09-15,P007,C0141,2,24.75
2025-12-29,P020,C0308,2,19.99
2025-03-10,P009,C0124,1,8.90
2025-06-02,P002,C0106,2,24.75
2025-01-05,P017,C0098,3,24.75
2025-01-28,P019,C0266,2,79.00
2025-12-07,P005,C0380,20,12.50
2025-08-03,P020,C0070,1,8.90
2025-05-18,P006,C0371,5,19.99
2025-07-14,P014,C0273,5,19.99
2025-04-27,P020,C0249,4,24.75
2025-12-18,P017,C0496,4,24.75
2025-03-01,P009,C0069,10,24.75
2025-06-14,P012,C0440,1,12.50
2025-07-17,P002,C0355,3,24.75
2025-01-10,P007,C0196,2,12.50
2025-07-23,P008,C0481,5,8.90
2025-01-21,P015,C0331,3,19.99
2025-06-16,P009,C0376,2,19.99
2025-06-20,P018,C0393,3,35.00
2025-12-19,P017,C0306,3,79.00
2025-03-13,P004,C0163,1,19.99
2025-02-07,P010,C0449,1,8.90
2025-07-03,P008,C0398,2,49.90
2025-08-15,P017,C0453,4,12.50
2025-08-05,P020,C0152,1,24.75
2025-03-20,P011,C0440,1,19.99
2025-02-12,P013,C0304,2,79.00
2025-10-25,P015,C0376,2,79.00
2025-09-12,P006,C0412,1,35.00
2025-12-14,P015,C0420,2,12.50
2025-03-08,P007,C0377,2,35.00
2025-07-10,P013,C0448,5,8.90
2025-08-02,P002,C0393,2,12.50
2025-01-11,P013,C0459,1,8.90
2025-03-30,P011,C0352,1,24.75
2025-03-27,P013,C0276,3,12.50
2025-01-14,P001,C0372,2,49.90
2025-02-22,P002,C0196,3,79.00
2025-12-28,P020,C0356,1,8.90
2025-02-14,P008,C0470,3,79.00
2025-06-27,P010,C0243,1,12.50
2025-11-05,P016,C0240,10,8.90
2025-02-03,P009,C0161,5,19.99
2025-10-16,P014,C0348,2,79.00
2025-12-18,P006,C0399,1,8.90
2025-09-14,P019,C0323,1,12.50
2025-04-08,P002,C0180,20,12.50
2025-03-12,P020,C0277,2,49.90
2025-01-26,P014,C0303,10,49.90
2025-02-15,P007,C0164,10,79.00
2025-07-08,P019,C0305,1,35.00
2025-05-26,P003,C0134,4,49.90
2025-11-02,P013,C0406,4,49.90
2025-03-01,P010,C0298,5,24.75
2025-07-19,P007,C0418,1,12.50
2025-07-29,P012,C0377,2,19.99
2025-10-23,P016,C0022,3,24.75
2025-03-13,P012,C0487,4,79.00
2025-04-21,P017,C0392,3,49.90
2025-08-08,P003,C0149,1,12.50
2025-12-24,P015,C0257,2,19.99
2025-06-30,P018,C0142,2,19.99
2025-04-10,P013,C0305,4,24.75
2025-11-26,P014,C0151,3,8.90
2025-08-10,P014,C0038,4,79.00
2025-09-24,P020,C0379,4,79.00
2025-07-01,P003,C0146,3,8.90
2025-05-21,P004,C0005,2,8.90
2025-05-15,P013,C0031,1,12.50
2025-10-20,P018,C0368,1,24.75
2025-11-11,P004,C0063,5,19.99
2025-01-29,P006,C0194,5,12.50
2025-04-09,P012,C0335,2,12.50
2025-01-23,P010,C0145,2,35.00
2025-02-24,P002,C0435,2,79.00
2025-02-09,P007,C0084,10,79.00
2025-01-28,P011,C0372,10,12.50
2025-07-21,P002,C0235,2,79.00
2025-10-25,P015,C0385,4,35.00
2025-11-11,P007,C0492,1,8.90
2025-02-12,P003,C0223,1,24.75
2025-01-13,P003,C0448,3,49.90
2025-11-03,P008,C0362,1,24.75
2025-08-15,P008,C0020,4,49.90
2025-11-28,P004,C0246,10,24.75
2025-10-06,P005,C0332,3,79.00
2025-11-20,P016,C0275,4,49.90
2025-10-28,P010,C0170,5,19.99
2025-09-21,P018,C0436,4,24.75
2025-09-04,P017,C0180,2,79.00
2025-05-26,P015,C0333,3,49.90
2025-06-13,P008,,1,19.99
2025-12-19,P006,C0135,5,8.90
2025-03-31,P017,C0433,3,24.75
2025-12-23,P014,C0192,2,8.90
2025-01-02,P004,C0193,1,19.99
2025-05-24,P016,C0008,1,49.90
2025-02-10,P019,C0116,10,49.90
2025-10-10,P004,C0186,1,35.00
2025-03-13,P009,C0468,2,79.00
2025-07-21,P020,C0071,3,49.90
2025-08-25,P006,C0116,1,79.00
2025-10-11,P010,C0227,2,79.00
2025-01-25,P018,C0353,4,79.00
2025-12-08,P013,C0181,3,49.90
2025-03-02,P013,C0007,5,24.75
2025-07-19,P005,C0455,3,24.75
2025-06-06,P019,C0222,1,35.00
2025-12-28,P005,C0319,1,49.90
2025-11-11,P001,C0443,2,8.90
2025-05-06,P008,C0148,2,19.99
2025-10-11,P002,C0092,5,24.75
2025-10-28,P015,C0280,1,79.00
2025-12-23,P008,C0341,10,79.00
2025-04-05,P007,C0059,4,35.00
2025-10-15,P017,C0419,1,19.99
2025-05-25,P014,C0172,2,12.50
2025-06-27,P014,C0077,4,19.99
2025-10-13,P001,C0238,1,8.90
2025-03-28,P016,C0085,2,79.00
2025-11-13,P019,C0046,1,35.00
2025-07-27,P011,C0100,1,24.75
2025-02-02,P008,C0489,1,24.75
2025-02-06,P001,C0316,2,12.50
2025-07-02,P020,C0093,1,19.99
2025-06-07,P004,C0335,4,24.75
2025-09-03,P016,C0345,4,79.00
2025-01-11,P002,C0054,1,49.90
2025-02-25,P008,C0132,1,19.99
2025-05-18,P016,C0085,3,8.90
2025-08-22,P003,C0328,3,24.75
2025-04-10,P012,C0164,4,35.00
2025-04-18,P016,C0294,3,49.90
2025-01-27,P001,C0370,2,19.99
2025-01-20,P003,C0222,20,8.90
2025-05-02,P011,C0358,1,12.50
2025-11-27,P008,C0388,1,8.90
2025-09-11,P020,C0182,2,24.75
2025-01-19,P004,C0206,2,24.75
2025-04-17,P004,C0217,4,79.00
2025-12-08,P006,C0409,5,49.90
2025-05-27,P008,C0016,5,35.00
2025-09-22,P005,C0085,2,35.00
2025-03-30,P009,C0201,4,12.50
2025-02-10,P002,C0024,5,19.99
2025-09-06,P018,C0273,5,8.90
2025-06-03,P011,C0142,1,79.00
2025-06-08,P004,C0329,1,12.50
2025-04-02,P019,C0171,20,8.90
2025-05-02,P012,C0186,3,19.99
2025-11-01,P013,C0411,2,8.90
2025-07-20,P016,C0135,4,79.00
2025-10-18,P015,C0148,1,8.90
2025-01-14,P017,C0017,4,79.00
2025-12-07,P015,C0294,5,19.99
2025-06-27,P014,C0303,1,49.90
2025-09-20,P019,C0069,1,49.90
2025-09-16,P009,C0414,1,24.75
2025-09-24,P004,C0494,2,19.99
2025-08-07,P019,C0274,1,35.00
2025-08-26,,C0197,3,79.00
2025-06-24,P016,C0383,2,24.75
2025-09-01,P020,C0376,3,35.00
2025-09-22,P013,C0307,2,24.75
2025-04-17,P012,C0280,1,49.90
2025-03-01,P019,C0197,5,19.99
2025-05-09,P003,C0433,1,8.90
2025-12-01,P003,C0172,5,19.99
2025-05-23,P012,C0261,3,24.75
2025-12-30,P012,C0205,1,24.75
2025-07-30,P002,C0455,5,24.75
2025-02-11,P004,C0294,1,24.75
2025-10-26,P012,C0074,2,19.99
2025-08-17,P015,C0095,5,19.99
2025-11-29,P018,C0397,1,49.90
2025-10-27,P004,C0087,20,19.99
2025-03-09,P012,C0391,-2,35.00
2025-01-10,P018,C0324,4,24.75
2025-06-02,P015,C0296,2,19.99
2025-05-15,P007,C0471,5,79.00
2025-01-06,P003,C0493,3,12.50
2025-03-21,P014,C0411,1,49.90
2025-10-15,P008,C0470,4,35.00
2025-05-10,P004,C0113,1,19.99
2025-02-27,P012,C0062,1,35.00
2025-10-19,P020,C0123,2,35.00
2025-10-22,P018,C0134,3,19.99
2025-11-11,P015,C0116,2,19.99
2025-03-19,P008,C0237,2,79.00
2025-07-18,P016,C0387,2,49.90
2025-08-25,P019,C0025,4,79.00
2025-10-28,P016,C0325,3,19.99
2025-02-05,P005,C0128,3,19.99
2025-02-15,P020,C0361,2,79.00
2025-03-29,P004,C0401,2,24.75
2025-04-09,P012,C0346,1,19.99
2025-04-26,P001,C0225,5,79.00
2025-04-07,P014,C0492,2,35.00
2025-06-12,P012,C0315,2,35.00
2025-05-19,P013,C0309,20,79.00
2025-03-23,P015,C0039,1,12.50
2025-06-29,P013,C0427,1,8.90
2025-12-06,P015,C0293,2,79.00
2025-03-14,P010,C0339,0,19.99
2025-02-11,P020,C0386,5,19.99
2025-08-14,P004,C0194,3,24.75
2025-12-05,P017,C0107,1,49.90
2025-05-08,P015,C0316,2,12.50
2025-06-10,P008,C0447,1,24.75
2025-03-28,P002,C0089,20,49.90
2025-03-25,P009,C0136,4,24.75
2025-06-13,P009,C0091,5,8.90
2025-01-27,P016,C0006,2,8.90
2025-11-10,P015,C0360,5,49.90
2025-09-06,P018,C0265,10,12.50
2025-07-31,P003,C0219,1,24.75
2025-04-12,P018,C0129,5,24.75
2025-12-12,P012,C0241,4,19.99
2025-08-30,P012,C0102,1,12.50
2025-11-06,P010,C0135,0,35.00
2025-12-26,P019,C0428,4,49.90
2025-04-18,P016,C0126,2,8.90
2025-10-19,P013,C0396,0,24.75
2025-12-07,P020,C0413,2,19.99
2025-12-25,P010,C0397,1,8.90
2025-02-19,P012,C0004,2,49.90
2025-01-24,P001,C0462,4,24.75
2025-01-19,P011,C0404,2,24.75
2025-05-23,P018,C0457,1,19.99
2025-07-24,P010,C0150,1,49.90
2025-02-07,P005,C0391,2,12.50
2025-02-01,P004,C0399,3,19.99
2025-05-25,P016,C0354,2,35.00
2025-04-02,P015,C0096,1,49.90
2025-06-27,P019,C0052,4,12.50
2025-06-22,P014,C0250,5,8.90
2025-09-09,P014,C0311,3,49.90
2025-06-23,P005,C0159,1,19.99
2025-07-25,P020,C0002,4,49.90
2025-11-07,P001,C0176,4,19.99
2025-03-15,P010,C0061,5,8.90
2025-09-11,P004,C0352,2,19.99
2025-07-04,P006,C0031,4,24.75
2025-03-29,P003,C0316,1,35.00
2025-08-07,P014,C0330,4,19.99
2025-12-18,P003,C0188,2,49.90
2025-01-02,P011,C0473,5,24.75
2025-06-02,P002,C0034,5,35.00
2025-01-01,P012,C0044,4,49.90
2025-10-17,P018,C0237,1,35.00
2025-06-14,P016,C0042,3,12.50
2025-02-09,P011,C0428,5,49.90
2025-07-16,P004,C0223,2,12.50
2025-08-15,P017,C0057,1,49.90
2025-04-26,P014,C0187,1,49.90
2025-06-22,P020,C0467,3,49.90
2025-03-12,P013,C0050,2,79.00
2025-05-31,P018,C0040,2,49.90
2025-09-19,P004,C0445,1,79.00
2025-09-26,P006,C0156,3,79.00
2025-12-23,P005,C0359,1,12.50
2025-01-30,P018,C0065,1,12.50
2025-05-28,P020,C0259,5,35.00
2025-02-26,P017,C0222,1,24.75
2025-11-24,P005,C0334,1,12.50
2025-01-13,P007,C0254,10,24.75
2025-07-11,P019,C0149,3,19.99
2025-01-04,P003,C0057,1,24.75
2025-05-06,P006,C0196,1,49.90
2025-03-01,P015,C0380,2,19.99
2025-01-27,P009,C0099,20,24.75
2025-07-29,P017,C0498,3,19.99
2025-06-19,P005,C0206,2,49.90
2025-10-29,P018,C0198,2,19.99
2025-03-27,P003,C0059,-2,35.00
2025-11-23,P004,C0201,5,8.90
2025-04-07,P018,C0126,4,49.90
2025-03-12,P016,C0136,1,24.75
2025-05-11,P004,C0262,3,8.90
2025-12-23,P003,C0218,4,24.75
2025-07-22,P015,C0106,5,19.99
2025-10-23,P019,C0180,10,35.00
2025-01-18,P020,C0410,3,79.00
2025-05-06,P009,C0208,10,35.00
2025-08-02,P001,C0387,4,12.50
2025-02-13,P009,C0329,1,12.50
2025-04-24,P017,C0099,2,24.75
2025-05-19,P005,C0074,1,8.90
2025-06-14,P020,C0133,0,24.75
2025-10-30,P001,C0401,4,35.00
2025-10-25,P002,C0060,3,49.90
2025-04-20,P014,C0464,10,8.90
2025-06-16,P009,C0451,10,35.00
2025-04-11,P018,C0012,0,79.00
2025-12-30,P011,C0020,3,19.99
2025-12-06,P016,C0499,5,79.00
2025-04-04,P004,C0133,1,19.99
2025-12-24,P001,C0347,4,49.90
2025-03-11,P018,C0185,2,19.99
2025-12-11,P001,C0143,3,24.75
2025-05-13,P010,C0278,2,12.50
2025-09-13,P003,C0476,3,49.90
2025-08-12,P006,C0118,1,79.00
2025-12-09,P001,C0334,1,24.75
2025-10-05,P020,C0247,1,49.90
2025-09-18,P004,C0094,4,49.90
2025-05-19,P006,C0285,1,19.99
2025-10-26,P016,C0311,1,12.50
2025-05-09,P017,C0156,3,19.99
2025-12-07,P019,C0376,2,19.99
2025-07-29,P013,C0165,1,35.00
2025-04-10,P018,C0022,3,19.99
2025-06-10,P001,C0258,5,12.50
2025-08-01,P007,C0261,5,19.99
2025-03-16,P004,C0276,1,24.75
2025-10-30,P004,C0256,2,35.00
2025-07-06,P014,C0121,1,79.00
2025-05-06,P012,C0462,2,49.90
2025-11-13,P005,C0063,2,79.00
2025-07-17,P011,C0452,4,19.99
2025-06-11,P008,C0228,1,49.90
2025-01-16,P019,C0193,4,49.90
2025-12-31,P009,C0271,4,79.00
2025-02-14,P016,C0117,1,12.50
2025-12-16,P013,C0444,3,19.99
2025-09-01,P017,C0448,3,49.90
2025-09-24,P003,C0099,3,19.99
2025-08-13,P015,C0378,3,12.50
2025-12-13,P012,C0409,4,49.90
2025-09-13,P017,C0346,10,8.90
2025-10-11,P003,C0203,3,35.00
2025-03-31,P002,C0174,4,19.99
2025-10-05,P007,C0193,3,19.99
2025-05-26,P007,C0367,1,35.00
2025-02-16,P014,C0411,-2,24.75
2025-09-18,P005,C0053,1,24.75
2025-12-29,P006,C0144,2,8.90
2025-10-19,P012,C0455,3,8.90
2025-02-03,P007,C0485,2,12.50
2025-03-06,P014,C0236,4,35.00
2025-02-24,P006,C0295,20,19.99
2025-02-27,P013,C0390,10,49.90
2025-03-09,P013,C0041,1,35.00
2025-06-10,P010,C0035,3,79.00
2025-11-21,P006,C0350,4,49.90
2025-11-09,P003,C0141,1,79.00
2025-02-23,P013,C0264,2,79.00
2025-10-10,P020,C0221,5,19.99
2025-11-07,P007,C0473,3,8.90
2025-01-17,P007,C0131,3,35.00
2025-07-25,P013,C0189,4,79.00
2025-10-31,P005,C0168,10,79.00
2025-10-29,P003,C0500,2,19.99
2025-08-24,P004,C0093,4,35.00
2025-12-09,P004,C0275,2,19.99
2025-02-22,P017,C0305,1,49.90
2025-12-23,P006,C0493,10,8.90
2025-01-16,P010,C0419,1,79.00
2025-01-28,P008,C0241,1,12.50
2025-03-29,P010,C0264,4,35.00
2025-07-05,P018,C0091,1,8.90
2025-03-13,P013,C0318,4,8.90
2025-08-22,P001,C0249,2,24.75
2025-09-03,P011,C0096,4,79.00
2025-03-13,P015,C0374,4,19.99
2025-02-22,P018,C0421,10,19.99
2025-02-25,P018,C0329,2,19.99
2025-05-11,P016,C0336,4,24.75
2025-12-26,P017,C0124,2,49.90
2025-07-16,P018,C0288,1,8.90
2025-08-17,P011,C0168,1,49.90
2025-10-21,P009,C0267,1,12.50
2025-11-27,P017,C0397,10,79.00
2025-03-31,P008,C0162,2,8.90
2025-01-07,P019,C0020,1,19.99
2025-09-21,P012,C0253,5,8.90
2025-03-06,P013,C0062,1,24.75
2025-08-03,P018,C0330,1,8.90
2025-01-03,P017,C0014,10,8.90
2025-10-20,P008,C0451,2,24.75
2025-01-14,P003,C0053,3,49.90
2025-08-21,P015,C0028,5,19.99
2025-01-29,P002,C0452,10,24.75
2025-08-30,P003,C0273,1,49.90
2025-03-16,P003,C0131,3,24.75
2025-08-28,P004,C0315,3,12.50
2025-10-15,P004,C0392,5,12.50
2025-01-07,P020,C0351,1,24.75
2025-06-13,P019,C0417,5,12.50
2025-08-27,P002,C0035,10,12.50
2025-01-10,P018,C0287,10,79.00
2025-11-07,P019,C0478,3,49.90
2025-08-27,P006,C0218,2,24.75
2025-08-20,P016,C0235,2,24.75
2025-11-23,P012,C0261,2,35.00
2025-12-16,P010,C0190,1,49.90
2025-08-02,P020,C0413,1,19.99
2025-01-18,P020,C0377,-2,49.90
2025-09-05,P016,C0078,3,12.50
2025-01-19,P020,C0008,5,79.00
2025-04-20,P005,C0003,1,12.50
2025-06-26,P020,C0367,10,24.75
2025-07-29,P010,C0002,1,19.99
2025-07-14,P019,C0294,1,79.00
2025-04-04,P006,C0263,1,24.75
2025-03-10,P016,C0149,1,12.50
2025-10-31,P015,C0080,3,24.75
2025-06-23,P002,C0087,2,35.00
2025-12-03,P009,C0074,1,35.00
2025-06-04,P011,C0487,5,35.00
2025-07-28,P010,C0261,2,19.99
2025-12-08,P020,C0359,4,19.99
2025-03-13,P018,C0403,5,49.90
2025-06-28,P016,C0491,1,8.90
2025-11-03,P011,C0274,3,19.99
2025-09-12,P009,C0122,1,19.99
2025-10-14,P010,C0339,3,12.50
2025-11-26,P018,C0236,1,79.00
2025-02-27,P005,C0202,5,35.00
2025-12-08,P014,C0078,2,19.99
2025-01-01,P019,C0471,3,35.00
2025-12-05,P009,C0202,1,35.00
2025-12-10,P001,C0334,2,24.75
2025-07-25,P006,C0425,3,79.00
2025-10-12,P016,C0279,1,35.00
2025-05-10,P011,C0240,4,19.99
2025-06-03,P008,C0421,3,8.90
2025-08-12,P003,C0322,2,8.90
2025-08-03,P005,C0326,1,8.90
2025-06-16,P004,C0329,10,79.00
2025-11-10,P018,C0132,5,19.99
2025-10-31,P014,C0038,1,12.50
2025-03-17,P005,C0450,3,8.90
2025-11-02,P015,C0445,3,12.50
2025-03-29,P020,C0075,2,8.90
2025-09-23,P009,C0126,20,49.90
2025-11-22,P004,C0012,1,35.00
2025-06-21,P002,C0467,4,24.75
2025-08-17,P010,C0261,2,49.90
2025-03-21,P015,C0465,10,35.00
2025-08-03,P008,C0433,1,24.75
2025-02-28,P011,C0349,1,24.75
2025-07-29,P005,C0304,1,12.50
2025-08-13,P009,C0486,3,24.75
2025-11-15,P018,C0337,4,8.90
2025-11-15,P012,C0375,4,8.90
2025-12-02,P008,C0114,2,8.90
2025-12-20,P020,C0193,2,24.75
2025-09-22,P006,C0386,3,12.50
2025-05-31,P001,C0371,2,19.99
2025-07-09,P001,C0066,2,8.90
2025-08-17,P009,C0184,20,24.75
2025-09-14,P006,C0499,2,8.90
2025-04-18,P007,C0369,2,79.00
2025-05-10,P010,C0141,1,35.00
2025-04-09,P001,C0216,3,35.00
2025-04-28,P017,C0095,-2,49.90
2025-04-08,P012,C0427,1,12.50
2025-11-19,P015,C0035,1,35.00
2025-06-09,P006,C0225,5,19.99
2025-07-12,P016,C0299,3,35.00
2025-07-25,P012,C0466,3,49.90
2025-03-06,P020,C0275,5,79.00
2025-07-10,P016,C0315,5,24.75
2025-02-19,P005,C0450,3,49.90
2025-01-19,P008,C0144,1,12.50
2025-04-20,P016,C0021,3,35.00
2025-10-21,P010,C0196,10,24.75
2025-09-10,P003,C0341,4,79.00
2025-07-09,P003,C0371,1,79.00
2025-05-27,P011,C0411,10,79.00
2025-08-18,P010,C0008,3,35.00
2025-10-25,P004,C0387,1,35.00
2025-03-20,P001,C0065,3,8.90
2025-06-19,P011,C0408,2,8.90
2025-10-01,P002,C0257,4,24.75
2025-04-24,P020,C0491,1,8.90
2025-02-27,P003,C0180,1,8.90
2025-12-24,P007,C0053,5,12.50
2025-01-06,P015,C0021,5,35.00
2025-07-09,P011,C0222,4,49.90
2025-05-30,P015,C0303,4,49.90
2025-03-14,P002,C0363,5,24.75
2025-06-02,P007,C0423,1,79.00
2025-05-10,P011,C0332,3,49.90
2025-05-28,P010,C0111,3,24.75
2025-03-27,P018,C0363,5,35.00
2025-06-10,P009,C0153,1,24.75
2025-03-21,P016,C0309,0,35.00
2025-10-19,P010,C0460,1,24.75
2025-07-21,P013,C0116,2,49.90
2025-01-18,P007,C0468,1,49.90
2025-04-24,P008,C0062,2,8.90
2025-06-09,P014,C0182,0,49.90
2025-02-12,P005,C0037,2,8.90
2025-03-23,P011,C0137,2,8.90
2025-02-06,P007,C0248,4,19.99
2025-01-25,P007,C0143,5,24.75
2025-11-25,P020,C0099,-2,19.99
2025-02-04,P006,C0172,3,24.75
2025-09-28,P014,C0021,3,12.50
2025-10-15,P003,C0206,1,8.90
2025-03-26,P015,C0078,2,79.00
2025-11-28,P017,C0224,1,79.00
2025-11-03,P017,C0237,5,24.75
2025-01-26,P019,C0402,1,35.00
2025-02-28,P017,C0059,1,79.00
2025-12-08,P009,C0399,1,49.90
2025-05-08,P006,C0389,5,24.75
2025-05-21,P009,C0345,-2,49.90
2025-08-24,P005,C0458,1,79.00
2025-08-28,P002,C0389,1,8.90
2025-03-02,P015,C0489,1,19.99
2025-02-10,P009,C0489,3,79.00
2025-05-20,P017,C0189,2,8.90
2025-01-20,P004,C0140,3,8.90
2025-11-14,P018,C0283,4,19.99
2025-10-06,P001,C0345,3,24.75
2025-10-05,P018,C0409,2,79.00
2025-07-17,P006,C0211,1,49.90
2025-10-22,P001,C0438,1,12.50
2025-12-18,P003,C0140,2,8.90
2025-12-23,P016,C0279,3,49.90
2025-11-01,P002,C0102,1,12.50
2025-08-28,P016,C0344,2,79.00
2025-12-25,P014,C0167,20,8.90
2025-05-27,P011,C0213,5,49.90
2025-08-23,P001,C0446,2,8.90
2025-05-04,P016,C0293,5,8.90
2025-03-17,P014,C0311,2,79.00
2025-07-23,P013,C0322,10,19.99
2025-12-15,P006,C0422,1,49.90
2025-12-26,P006,C0073,2,35.00
2025-08-16,P019,C0335,2,19.99
2025-08-09,P004,C0331,5,12.50
2025-05-26,P019,C0198,1,12.50
2025-12-18,P012,C0469,2,49.90
2025-08-02,P007,C0326,3,79.00
2025-03-17,P007,C0362,3,49.90
2025-02-06,P006,C0449,4,12.50
2025-12-02,P014,C0295,3,49.90
2025-01-03,P014,C0311,1,12.50
2025-01-31,P016,C0257,1,35.00
2025-01-12,P002,C0297,10,35.00
2025-09-03,P010,C0467,4,49.90
2025-07-01,P001,C0074,5,24.75
2025-02-21,P013,C0328,5,35.00
2025-11-26,P003,C0144,10,24.75
2025-03-16,P010,C0247,4,79.00
2025-06-19,P003,C0231,2,24.75
2025-05-18,P010,C0033,3,35.00
2025-04-14,P019,C0218,4,24.75
2025-01-11,P004,C0105,2,19.99
2025-12-17,P012,C0376,2,19.99
2025-10-14,P005,C0247,3,24.75
2025-11-12,P018,C0134,2,24.75
2025-12-11,P006,C0208,3,8.90
2025-10-07,P012,C0128,3,79.00
2025-10-27,P007,C0471,2,24.75
2025-02-25,P011,C0355,3,24.75
2025-07-10,P011,C0457,3,24.75
2025-06-03,P009,,10,19.99
2025-04-12,P014,C0183,4,24.75
2025-06-22,P010,C0161,1,79.00
2025-08-06,P004,C0455,3,79.00
2025-03-06,P007,C0263,5,8.90
2025-01-29,P004,C0320,1,79.00
2025-02-17,P014,C0416,2,49.90
2025-02-19,P005,C0265,4,24.75
2025-12-29,P016,C0364,4,79.00
2025-01-20,P009,C0350,1,24.75
2025-02-20,P017,C0384,4,35.00
2025-09-29,P003,C0460,3,35.00
2025-05-04,P009,C0185,20,19.99
2025-08-17,P019,C0121,2,24.75
2025-07-02,P009,C0073,2,79.00
2025-07-28,P003,C0498,4,79.00
2025-10-12,P011,C0152,4,24.75
2025-03-15,P006,C0085,1,24.75
2025-05-22,P001,C0465,1,19.99
2025-04-21,P016,C0328,1,49.90
2025-07-16,P002,C0132,4,49.90
2025-10-30,P010,C0177,1,19.99
2025-09-22,P018,C0079,4,35.00
2025-03-25,P018,C0229,3,24.75
2025-10-16,P010,C0402,2,24.75
2025-01-13,P013,C0440,1,35.00
2025-12-14,P009,C0238,3,8.90
2025-01-06,P016,C0485,2,35.00
2025-05-17,P003,C0367,3,19.99
2025-05-21,P004,C0231,4,19.99
2025-01-12,P013,C0322,1,24.75
2025-09-05,P010,C0287,4,24.75
2025-04-05,P008,C0094,20,8.90
2025-12-01,P006,C0438,10,8.90
2025-03-15,P010,C0470,-2,12.50
2025-05-16,P020,C0097,5,8.90
2025-11-30,P015,C0047,2,19.99
2025-11-26,P019,C0486,2,24.75
2025-07-14,P015,C0443,-2,24.75
2025-11-27,P020,C0027,5,24.75
2025-03-15,P014,C0352,2,79.00
2025-06-15,P004,C0172,1,79.00
2025-04-09,P011,C0478,3,79.00
2025-05-28,P007,C0218,5,19.99
2025-09-11,P020,C0148,5,24.75
2025-01-29,P010,C0432,20,24.75
2025-03-04,P003,C0065,1,49.90
2025-01-04,P015,C0161,10,24.75
2025-08-21,P015,C0380,10,8.90
2025-08-04,P019,C0014,4,49.90
2025-11-30,P014,C0330,1,8.90
2025-09-19,P010,C0301,3,8.90
2025-02-20,P014,C0145,2,49.90
2025-03-23,P015,C0048,2,49.90
2025-09-02,P019,C0415,4,79.00
2025-10-02,P017,C0400,2,49.90
2025-09-27,P017,C0429,10,12.50
2025-07-20,P020,C0340,1,8.90
2025-02-17,P016,C0431,4,19.99
2025-03-23,P005,C0087,3,24.75
2025-12-07,P003,C0047,1,8.90
2025-11-23,P012,C0419,5,49.90
2025-09-10,P010,C0389,2,49.90
2025-02-05,P009,C0465,1,12.50
2025-11-26,P006,C0355,1,19.99
2025-04-17,P015,C0386,3,35.00
2025-12-08,P013,C0173,3,8.90
2025-10-08,P013,C0406,3,8.90
2025-04-10,P005,C0380,3,79.00
2025-04-26,P007,C0438,2,12.50
2025-01-20,P003,C0317,2,8.90
2025-10-27,P019,C0111,1,79.00
2025-05-31,P006,C0269,2,8.90
2025-07-07,P016,C0255,1,49.90
2025-03-31,P006,C0238,1,49.90
2025-10-20,P001,C0473,1,79.00
2025-05-27,P003,C0455,1,49.90
2025-07-03,P015,C0144,1,12.50
2025-11-23,P015,C0402,-2,49.90
2025-10-06,P018,C0493,3,24.75
2025-12-21,P003,C0460,10,12.50
2025-05-03,P008,C0147,10,79.00
2025-02-07,P016,C0016,1,19.99
2025-06-20,P016,C0216,3,19.99
2025-06-15,P014,C0221,5,24.75
2025-02-12,P008,C0329,2,12.50
2025-01-02,P012,C0215,-2,24.75
2025-11-09,P007,C0470,2,79.00
2025-04-27,P016,C0209,3,35.00
2025-11-02,P015,C0330,2,24.75
2025-02-22,P017,C0009,5,35.00
2025-01-28,P016,C0111,5,8.90
2025-07-30,P015,C0334,3,49.90
2025-01-08,P003,C0041,4,79.00
2025-05-28,P003,C0075,2,19.99
2025-11-03,P001,C0332,4,79.00
2025-12-06,P002,C0323,1,49.90
2025-04-07,P017,C0448,4,12.50
2025-07-26,P009,C0429,1,49.90
2025-05-23,P011,C0097,3,49.90
2025-09-06,P016,C0172,3,79.00
2025-01-17,P001,C0217,4,35.00
2025-02-25,P019,C0383,2,12.50
2025-09-10,P019,C0255,1,24.75
2025-10-17,P007,C0043,4,35.00
2025-10-22,P014,C0265,3,79.00
2025-04-01,P012,C0089,4,79.00
2025-02-21,P008,C0121,3,24.75
2025-08-12,P006,C0134,3,35.00
2025-04-30,P001,C0238,3,79.00
2025-07-10,P015,C0038,2,49.90
2025-02-24,P010,C0474,4,24.75
2025-12-24,P002,C0269,1,79.00
2025-03-04,P006,C0327,5,49.90
2025-08-10,P001,C0172,2,12.50
2025-06-30,P004,C0186,3,19.99
2025-11-05,P019,C0482,1,8.90
2025-02-09,P006,C0194,4,35.00
2025-05-12,P003,C0093,2,49.90
2025-11-01,P013,C0049,5,19.99
2025-10-26,P003,C0119,1,24.75
2025-01-08,P009,C0172,10,24.75
2025-11-05,P001,C0245,4,35.00
2025-05-15,P012,C0377,1,35.00
2025-04-26,P016,C0427,2,12.50
2025-11-01,P012,C0011,10,35.00
2025-05-30,P004,C0383,2,24.75
2025-02-06,P015,C0285,4,8.90
2025-11-13,P014,C0373,3,35.00
2025-12-15,P015,C0175,4,35.00
2025-05-04,P019,C0317,1,12.50
2025-04-02,P009,C0477,3,19.99
2025-11-27,P005,C0060,10,19.99
2025-12-10,P008,C0464,1,24.75
2025-11-08,P001,C0434,4,12.50
2025-08-31,P003,C0497,3,19.99
2025-08-01,P011,C0158,5,24.75
2025-02-21,P015,C0453,3,49.90
2025-03-29,P009,C0256,1,12.50
2025-04-13,P019,C0104,2,8.90
2025-04-09,P005,C0278,3,49.90
2025-12-19,P007,C0347,4,79.00
2025-05-08,P009,C0172,2,8.90
2025-02-27,P010,C0345,1,12.50
2025-04-22,P018,C0437,3,12.50
2025-12-01,P010,C0301,4,8.90
2025-04-10,P018,C0388,2,12.50
2025-04-22,P012,C0242,4,35.00
2025-02-03,P008,C0041,4,12.50
2025-12-20,P003,C0417,4,8.90
2025-04-26,P007,C0137,4,12.50
2025-03-13,P011,C0053,1,35.00
2025-01-07,P004,C0454,4,24.75
2025-05-02,P005,C0033,1,24.75
2025-02-05,P019,C0232,20,12.50
2025-09-29,P010,C0199,3,8.90
2025-08-15,P019,C0038,20,24.75
2025-08-03,P010,C0483,3,12.50
2025-04-24,P002,C0350,1,79.00
2025-11-02,P001,C0060,1,24.75
2025-08-29,P016,C0063,2,24.75
2025-03-29,P008,C0216,3,49.90
2025-03-09,P008,C0103,2,12.50
2025-09-02,P005,C0032,4,24.75
2025-09-02,P007,C0339,2,35.00
2025-06-25,P007,C0451,2,24.75
2025-11-16,P018,C0342,1,35.00
2025-03-12,P009,C0450,1,79.00
2025-11-20,P015,C0403,1,49.90
2025-09-06,P010,C0244,5,24.75
2025-06-17,P020,C0363,2,19.99
2025-08-08,P017,C0189,5,24.75
2025-11-29,P010,C0216,4,49.90
2025-11-10,P020,C0063,1,79.00
2025-08-29,P012,C0359,4,79.00
2025-03-31,P014,C0033,2,49.90
2025-01-18,P006,C0285,3,8.90
2025-08-22,P006,C0364,5,49.90
2025-10-23,P016,C0086,2,12.50
2025-06-20,P020,C0260,3,35.00
2025-08-03,P001,C0275,2,24.75
2025-08-22,P003,C0322,1,19.99
2025-08-23,P020,C0434,4,24.75
2025-06-11,P002,C0201,2,79.00
2025-02-17,P001,C0004,2,8.90
2025-03-09,P020,C0455,4,8.90
2025-08-17,P006,C0051,2,79.00
2025-11-19,P010,C0396,3,12.50
2025-06-19,P006,C0062,1,12.50
2025-11-27,P003,C0445,10,35.00
2025-05-08,P001,C0384,4,19.99
2025-05-24,P003,C0498,3,24.75
2025-01-09,P007,C0114,3,19.99
2025-07-09,P001,C0473,1,19.99
2025-06-23,P011,C0244,3,19.99
2025-05-12,P006,C0283,3,19.99
2025-05-29,P009,C0230,2,12.50
2025-11-16,P016,C0423,10,49.90
2025-04-24,P008,C0146,5,12.50
2025-04-16,P006,C0016,5,24.75
2025-12-05,P019,C0042,1,19.99
2025-04-30,P004,C0239,10,49.90
2025-01-11,P018,C0433,2,35.00
2025-05-29,P014,C0147,10,12.50
2025-12-16,P019,C0412,5,35.00
2025-05-08,P016,C0078,3,49.90
2025-12-25,P009,C0198,4,49.90
2025-11-24,P009,C0396,1,24.75
2025-02-23,P007,C0152,2,49.90
2025-03-30,P013,C0055,5,12.50
2025-12-21,P008,C0161,4,8.90
2025-05-01,P019,C0046,3,12.50
2025-06-08,P018,C0283,3,12.50
2025-11-05,P013,C0055,1,19.99
2025-11-18,P010,C0444,1,24.75
2025-12-09,P013,C0087,2,8.90
2025-09-22,P015,C0284,5,8.90
2025-10-19,P009,C0474,1,49.90
2025-09-24,P011,C0213,5,12.50
2025-09-23,P010,C0026,1,49.90
2025-10-17,P011,C0145,3,19.99
2025-12-13,P002,C0072,5,8.90
2025-09-02,P006,C0257,3,8.90
2025-10-12,P008,C0251,1,49.90
2025-02-10,P001,C0175,1,35.00
2025-12-18,P012,C0207,5,12.50
2025-07-12,P018,C0240,1,49.90
2025-06-01,P018,C0369,3,24.75
2025-08-02,P012,C0063,5,8.90
2025-04-26,P003,C0429,1,35.00
2025-11-21,P007,C0245,3,24.75
2025-09-04,P013,C0021,1,8.90
2025-12-30,P001,C0400,10,49.90
2025-01-21,P007,C0178,4,8.90
2025-11-30,P010,C0023,3,12.50
2025-07-10,P001,C0075,5,79.00
2025-04-09,P009,C0084,2,8.90
2025-11-30,P007,C0104,5,24.75
2025-03-20,P014,C0205,1,35.00
2025-02-09,P004,C0494,10,49.90
2025-06-10,P003,C0143,2,49.90
2025-10-22,P003,C0447,2,24.75
2025-10-02,P010,C0470,1,24.75
2025-08-28,P003,C0281,1,35.00
2025-03-25,P016,C0287,5,49.90
2025-05-03,P017,C0334,5,12.50
2025-02-05,P011,C0371,2,35.00
2025-07-30,P015,C0008,4,24.75
2025-12-12,P013,C0046,1,79.00
2025-01-03,P009,C0235,4,8.90
2025-04-05,P007,C0402,5,79.00
2025-11-13,P007,C0164,2,49.90
2025-02-19,P010,C0329,1,24.75
2025-04-22,P005,C0081,10,79.00
2025-11-26,P008,C0474,1,12.50
2025-12-25,P004,C0096,4,19.99
2025-12-24,P017,C0434,2,12.50
2025-08-01,P012,C0253,1,35.00
2025-01-27,P002,C0373,2,24.75
2025-05-05,P005,C0004,2,49.90
2025-04-17,P015,C0443,1,12.50
2025-11-09,P020,C0337,2,79.00
2025-04-15,P006,C0413,1,24.75
2025-05-17,P013,C0246,5,19.99
2025-09-24,P015,C0370,1,79.00
2025-02-26,P002,C0485,5,8.90
2025-01-14,P004,C0096,10,19.99
2025-02-16,P013,C0195,4,35.00
2025-04-01,P020,C0049,10,35.00
2025-04-16,P014,C0270,5,12.50
2025-08-27,P014,C0402,5,35.00
2025-04-18,P017,C0132,10,19.99
2025-02-28,P018,C0092,5,19.99
2025-06-20,P005,C0225,3,35.00
2025-10-19,P009,C0062,1,8.90
2025-11-21,P009,C0070,3,35.00
2025-07-16,P007,C0224,-2,24.75
2025-01-06,P004,C0140,5,79.00
2025-02-24,P001,C0258,2,19.99
2025-09-13,P017,C0286,1,24.75
2025-12-01,P005,C0133,2,12.50
2025-08-16,P009,C0477,1,8.90
2025-09-17,P018,C0427,3,79.00
2025-09-14,P004,C0283,1,35.00
2025-08-27,P003,C0371,3,35.00
2025-01-14,P002,C0084,10,8.90
2025-01-27,P002,C0374,3,19.99
2025-03-08,P016,C0421,20,49.90
2025-09-14,P012,C0351,5,35.00
2025-02-16,P003,C0186,10,35.00
2025-01-03,P015,C0204,5,19.99
2025-03-24,P018,C0227,4,79.00
2025-01-26,P003,C0187,3,49.90
2025-01-23,P008,C0462,10,35.00
2025-04-22,P013,C0003,2,12.50
2025-05-17,P001,C0202,3,8.90
2025-07-13,P015,C0129,10,35.00
2025-10-16,P016,C0026,4,79.00
2025-12-15,P003,C0186,2,8.90
2025-08-15,P010,C0196,2,8.90
2025-05-16,P012,C0437,5,8.90
2025-11-16,P005,C0416,5,79.00
2025-07-07,P010,C0324,2,35.00
2025-12-20,P005,C0007,1,19.99
2025-10-15,P006,C0129,1,8.90
2025-04-20,P002,C0005,3,79.00
2025-07-19,P016,C0058,10,49.90
2025-01-30,P013,C0290,3,19.99
2025-01-07,P007,C0290,2,24.75
2025-03-07,P007,C0065,1,24.75
2025-01-27,P002,C0308,1,79.00
2025-08-07,P014,C0340,1,24.75
2025-05-16,P019,C0026,3,35.00
2025-10-22,P016,C0087,10,79.00
2025-07-04,P008,C0374,1,35.00
2025-08-24,P011,C0072,3,79.00
2025-10-28,P010,C0058,2,19.99
2025-01-24,P009,C0470,10,79.00
2025-03-30,P009,C0198,2,79.00
2025-11-02,P009,C0135,3,79.00
2025-01-11,P012,C0083,3,49.90
2025-05-09,P010,C0136,2,35.00
2025-11-01,P007,C0355,2,12.50
2025-12-07,P007,C0458,3,12.50
2025-10-31,P006,C0201,5,12.50
2025-08-21,P020,C0451,3,24.75
2025-04-30,P013,C0240,1,79.00
2025-02-03,P011,C0068,3,35.00
2025-12-09,P017,C0275,5,8.90
2025-01-27,P011,C0447,3,24.75
2025-02-28,P002,C0321,3,49.90
2025-08-08,P010,C0129,1,35.00
2025-01-22,P002,C0017,4,49.90
2025-08-31,P010,C0133,2,49.90
2025-04-06,P008,C0091,2,24.75
2025-12-14,P007,C0313,1,49.90
2025-04-24,P006,C0341,10,49.90
2025-12-19,P017,C0302,1,79.00
2025-08-28,P004,C0277,1,35.00
2025-10-31,P020,C0057,2,79.00
2025-02-05,P016,C0326,3,8.90
2025-01-21,P018,C0282,4,35.00
2025-08-21,P005,C0398,10,49.90
2025-04-29,P012,C0143,1,19.99
2025-09-10,P020,C0475,2,12.50
2025-12-13,P013,C0464,1,24.75
2025-09-10,P002,C0142,1,19.99
2025-07-05,P009,C0115,1,79.00
2025-04-22,P010,C0103,1,35.00
2025-12-22,P010,C0235,1,12.50
2025-12-17,P008,C0374,-2,35.00
2025-02-21,P009,C0374,4,49.90
2025-06-21,P016,C0162,3,49.90
2025-02-02,P005,C0477,3,79.00
2025-01-25,P009,C0276,5,79.00
2025-12-05,P014,C0231,1,24.75
2025-12-06,P011,C0445,3,35.00
2025-01-22,P012,C0156,2,12.50
2025-03-13,P013,C0483,3,35.00
2025-09-20,P017,C0121,5,12.50
2025-05-31,P004,C0286,4,35.00
2025-08-04,P005,C0450,1,35.00
2025-12-26,P005,C0421,4,19.99
2025-06-23,P010,C0343,2,35.00
2025-11-17,P002,C0043,3,24.75
2025-12-06,P002,C0208,3,19.99
2025-08-11,P012,C0128,1,19.99
2025-06-18,P009,C0260,1,19.99
2025-12-02,P007,C0074,2,12.50
2025-09-02,P014,C0472,1,49.90
2025-09-13,P007,C0208,2,79.00
2025-06-20,P008,C0315,5,24.75
2025-10-29,P004,C0127,4,8.90
2025-01-11,P007,C0264,1,49.90
2025-11-27,P009,C0373,5,35.00
2025-08-18,P020,C0469,2,49.90
2025-10-18,P010,C0155,1,35.00
2025-04-25,P012,C0174,2,24.75
2025-03-30,P008,C0389,3,79.00
2025-04-25,P006,C0284,2,24.75
2025-11-23,P005,C0477,1,24.75
2025-01-15,P014,C0325,2,35.00
2025-04-05,P003,C0165,2,35.00
2025-06-12,P003,C0232,10,24.75
2025-01-12,P002,C0348,1,24.75
2025-10-28,P018,C0475,1,24.75
2025-03-26,P001,C0390,10,12.50
2025-04-03,P018,C0423,3,24.75
2025-05-10,P002,C0250,4,12.50
2025-11-11,P014,C0018,1,19.99
2025-09-30,P002,C0031,1,8.90
2025-08-18,P005,C0271,3,8.90
2025-12-14,P006,C0343,1,8.90
2025-03-17,P014,C0336,1,24.75
2025-09-22,P001,C0092,1,49.90
2025-02-07,P003,C0439,3,24.75
2025-10-09,P001,C0207,1,19.99
2025-06-01,P003,C0227,1,24.75
2025-07-23,P018,C0316,10,8.90
2025-08-19,P004,C0460,1,79.00
2025-11-13,P009,C0101,0,49.90
2025-10-27,P005,C0412,5,49.90
2025-06-17,P003,C0244,5,79.00
2025-12-22,P005,C0413,1,12.50
2025-02-22,P015,C0449,2,19.99
2025-04-20,P011,C0236,3,79.00
2025-12-29,P010,C0483,1,49.90
2025-05-28,P006,C0330,1,35.00
2025-07-06,P011,C0393,1,19.99
2025-08-11,P013,C0038,2,35.00
2025-12-03,P017,C0428,1,35.00
2025-11-17,P009,C0342,1,24.75
2025-02-18,P007,C0222,10,35.00
2025-12-02,P003,C0179,2,19.99
2025-07-31,P007,C0175,3,12.50
2025-10-03,P003,C0208,0,12.50
2025-08-29,P018,C0242,1,24.75
2025-04-01,P010,C0121,2,8.90
2025-02-24,P019,C0392,1,19.99
2025-02-17,P005,C0195,4,79.00
2025-09-16,P017,C0286,20,49.90
2025-04-25,P002,C0175,1,49.90
2025-08-20,P013,C0009,4,8.90
2025-02-05,P016,C0397,4,35.00
2025-04-13,P001,C0025,1,49.90
2025-01-06,P008,C0209,4,79.00
2025-04-30,P005,C0229,2,79.00
2025-04-23,P017,C0046,3,49.90
2025-12-07,P013,C0030,1,19.99
2025-02-05,P002,C0300,3,12.50
2025-01-06,P010,C0140,1,49.90
2025-11-09,P020,C0158,1,12.50
2025-06-01,P009,C0436,10,35.00
2025-12-06,P004,C0440,1,35.00
2025-05-24,P009,C0334,5,19.99
2025-03-22,P007,C0216,1,24.75
2025-04-11,P010,C0086,1,8.90
2025-04-21,P018,C0139,1,8.90
2025-01-17,P001,C0072,1,8.90
2025-04-14,P020,C0286,10,12.50
2025-10-10,P009,C0500,1,35.00
2025-04-25,P007,C0273,4,24.75
2025-08-02,P020,C0310,20,35.00
2025-10-13,P004,C0355,2,49.90
2025-01-02,P003,C0078,3,19.99
2025-02-22,P009,C0083,2,35.00
2025-07-26,P015,C0369,10,79.00
2025-03-06,P005,C0180,10,12.50
2025-06-27,P003,C0299,1,8.90
2025-11-24,P013,C0004,5,35.00
2025-02-06,P012,C0046,2,19.99
2025-05-24,P004,C0099,1,19.99
2025-06-27,P001,C0172,1,79.00
2025-08-22,P012,C0296,4,79.00
2025-11-30,P011,C0067,3,8.90
2025-05-19,P019,C0312,1,49.90
2025-03-19,P005,C0276,1,8.90
2025-07-21,P007,C0158,2,24.75
2025-09-28,P003,C0037,3,19.99
2025-09-07,P004,C0114,4,49.90
2025-01-27,P007,C0079,1,8.90
2025-05-25,P016,C0494,1,49.90
2025-06-05,P005,C0001,2,79.00
2025-05-25,P003,C0483,4,12.50
2025-10-12,P014,C0312,3,35.00
2025-05-19,P006,C0099,5,12.50
2025-10-12,P011,C0184,3,79.00
2025-08-30,P006,C0102,1,49.90
2025-03-20,P011,C0114,4,12.50
2025-02-25,P011,C0105,1,79.00
2025-02-26,P007,C0072,4,79.00
2025-02-24,P019,C0245,2,24.75
2025-07-09,P001,C0364,2,24.75
2025-11-24,P007,C0449,1,79.00
2025-08-13,P017,C0001,3,12.50
2025-02-24,P011,C0060,1,24.75
2025-03-18,P020,C0038,1,49.90
2025-07-31,P018,C0343,1,12.50
2025-09-25,P014,C0289,2,24.75
2025-09-17,P005,C0333,3,8.90
2025-07-06,P011,C0069,2,24.75
2025-11-08,P019,C0367,3,19.99
2025-02-22,P001,C0013,10,24.75
2025-11-18,P003,C0322,1,12.50
2025-07-22,P006,C0326,5,35.00
2025-11-29,P011,C0154,1,49.90
2025-10-28,P005,C0063,1,24.75
2025-04-27,P004,C0062,3,35.00
2025-11-08,P001,C0096,1,24.75
2025-01-17,P010,C0156,3,8.90
2025-06-02,P006,C0096,1,79.00
2025-07-23,P011,C0304,3,24.75
2025-03-05,P015,C0392,1,49.90
2025-05-16,P001,C0447,4,49.90
2025-08-14,P017,C0054,1,19.99
2025-09-28,P019,C0377,2,79.00
2025-03-01,P005,C0209,2,12.50
2025-05-18,P001,C0390,5,49.90
2025-05-29,P001,C0266,1,35.00
2025-01-10,P008,C0284,3,12.50
2025-04-21,P011,C0185,4,12.50
2025-11-14,P014,C0475,10,35.00
2025-04-22,P003,C0008,2,24.75
2025-08-15,P006,C0013,5,49.90
2025-03-06,P012,C0161,4,12.50
2025-03-13,P020,C0361,2,24.75
2025-01-19,P014,C0310,5,79.00
2025-07-23,P015,C0369,2,79.00
2025-07-30,P006,C0383,4,12.50
2025-12-24,P018,C0084,1,12.50
2025-08-30,P011,C0096,1,35.00
2025-08-17,P019,C0314,2,8.90
2025-06-09,P019,C0103,1,24.75
2025-03-15,P018,C0452,10,35.00
2025-09-21,P001,C0352,2,35.00
2025-12-22,P010,C0168,2,19.99
2025-12-15,P009,C0218,1,35.00
2025-07-25,P016,C0191,10,19.99
2025-05-19,P012,C0405,1,79.00
2025-04-02,P014,C0093,3,12.50
2025-09-16,P008,C0206,5,24.75
2025-05-05,P012,C0041,2,24.75
2025-08-20,P018,C0002,20,49.90
2025-08-13,P009,C0379,5,35.00
2025-05-18,P005,C0269,1,12.50
2025-05-27,P004,C0401,10,79.00
2025-12-29,P018,C0417,2,35.00
2025-03-22,P015,C0260,3,12.50
2025-06-16,P018,C0216,3,79.00
2025-10-03,P013,C0426,5,79.00
2025-01-09,P020,C0317,2,49.90
2025-09-05,P020,C0072,2,24.75
2025-11-16,P007,C0474,2,12.50
2025-10-25,P016,C0195,4,35.00
2025-07-02,P016,C0416,1,35.00
2025-05-31,P009,C0109,1,24.75
2025-02-06,P013,C0288,2,24.75
2025-01-16,P006,C0054,2,12.50
2025-05-09,P006,C0354,2,19.99
2025-07-07,P005,C0320,1,24.75
2025-02-03,P005,C0110,10,24.75
2025-12-23,P010,C0151,4,79.00
2025-04-28,P013,C0115,2,49.90
2025-04-16,P020,C0114,1,12.50
2025-06-23,P019,C0260,2,24.75
2025-10-04,P007,C0022,3,12.50
2025-04-08,P003,C0242,5,79.00
2025-01-30,P018,C0169,3,19.99
2025-12-15,P001,C0157,2,8.90
2025-09-21,P005,C0213,5,12.50
2025-03-01,P017,C0472,4,79.00
2025-01-19,P008,C0029,2,12.50
2025-07-12,P009,C0383,2,8.90
2025-05-24,P018,C0029,4,12.50
2025-08-12,P001,C0198,1,35.00
2025-03-17,P002,C0152,5,8.90
2025-12-16,P008,C0062,1,49.90
2025-07-11,P013,C0365,20,35.00
2025-05-06,P011,C0289,1,12.50
2025-12-27,P007,C0493,3,35.00
2025-03-26,P013,C0336,1,8.90
2025-12-11,P007,C0327,2,8.90
2025-04-29,P020,C0117,5,79.00
2025-06-27,P015,C0067,4,24.75
2025-01-11,P019,C0193,1,49.90
2025-07-20,P011,C0286,2,8.90
2025-07-19,P001,C0376,3,49.90
2025-10-15,P007,C0047,2,79.00
2025-08-08,P016,C0306,2,35.00
2025-01-17,P010,C0307,2,24.75
2025-01-26,P006,C0493,1,19.99
2025-07-17,P017,C0335,1,12.50
2025-07-25,P006,C0059,2,35.00
2025-09-07,P005,C0202,2,12.50
2025-11-12,P010,C0039,1,8.90
2025-06-22,P012,C0040,3,35.00
2025-10-11,P020,C0255,2,49.90
2025-02-03,P012,C0430,1,19.99
2025-04-13,P002,C0164,3,19.99
2025-11-18,P003,C0085,2,19.99
2025-03-05,P007,C0116,3,19.99
2025-12-31,P006,C0439,5,12.50
2025-10-08,P017,C0184,10,79.00
2025-02-13,P006,C0090,1,8.90
2025-07-14,P020,C0278,1,12.50
2025-10-29,P008,C0250,5,19.99
2025-12-14,P002,C0440,2,35.00
2025-07-13,P013,C0376,10,8.90
2025-12-10,P012,C0062,2,8.90
2025-12-27,P016,C0346,2,24.75
2025-01-04,P002,C0096,10,24.75
2025-06-25,P008,C0335,1,49.90
2025-11-21,P001,C0443,1,8.90
2025-05-19,P010,C0500,2,79.00
2025-02-02,P004,C0208,3,35.00
2025-08-15,P007,C0113,2,79.00
2025-12-26,P016,C0487,1,19.99
2025-10-11,P018,C0118,1,19.99
2025-07-18,P003,C0491,2,19.99
2025-04-13,P008,C0360,3,24.75
2025-12-15,P015,C0403,2,19.99
2025-01-06,P010,C0150,3,79.00
2025-09-05,P004,C0167,5,12.50
2025-04-30,P010,C0060,2,8.90
2025-06-25,P013,C0497,3,12.50
2025-12-05,P016,C0314,2,12.50
2025-04-22,P012,C0441,-2,35.00
2025-09-27,P012,C0120,3,8.90
2025-12-12,P011,C0485,5,79.00
2025-05-13,P007,C0386,1,19.99
2025-03-06,P007,C0500,1,19.99
2025-01-17,P015,C0193,2,49.90
2025-04-27,P002,C0151,2,19.99
2025-09-29,P016,C0005,3,24.75
2025-05-30,P007,C0169,10,79.00
2025-07-26,P005,C0184,2,49.90
2025-04-17,P019,C0469,10,35.00
2025-08-02,P008,C0374,1,8.90
2025-12-13,P005,C0454,1,49.90
2025-01-18,P006,C0462,10,12.50
2025-04-27,P018,C0117,2,12.50
2025-04-07,P004,C0141,1,79.00
2025-06-02,P019,C0271,2,8.90
2025-10-21,P007,C0250,4,24.75
2025-10-05,P008,C0437,4,19.99
2025-09-03,P002,C0465,10,79.00
2025-02-28,P014,C0225,20,12.50
2025-05-22,P001,C0338,10,24.75
2025-02-13,P010,C0050,4,12.50
2025-11-08,P001,C0082,2,35.00
2025-12-25,P016,C0399,5,12.50
2025-04-26,P015,C0442,5,8.90
2025-09-02,P003,C0496,10,35.00
2025-09-18,P020,C0080,5,12.50
2025-08-20,P012,C0350,2,79.00
2025-12-28,P002,C0235,1,12.50
2025-06-23,P001,C0140,2,8.90
2025-12-30,P002,C0375,3,79.00
2025-01-31,P010,C0493,3,12.50
2025-02-25,P013,C0087,2,49.90
2025-05-07,P005,C0354,5,35.00
2025-03-06,P008,C0085,1,12.50
2025-12-13,P015,C0225,3,35.00
2025-05-15,P002,C0219,20,24.75
2025-11-26,P001,C0479,2,19.99
2025-09-05,P009,C0257,3,49.90
2025-05-21,P018,C0388,1,19.99
2025-05-25,P019,C0101,10,49.90
2025-08-03,P013,C0325,2,24.75
2025-07-08,P018,C0357,2,35.00
2025-07-25,P016,C0270,1,19.99
2025-06-30,P010,C0382,1,35.00
2025-06-24,P005,C0409,2,19.99
2025-12-23,P006,C0219,1,79.00
2025-12-01,P013,C0340,3,24.75
2025-04-20,P008,C0497,1,19.99
2025-11-23,P002,C0364,3,35.00
2025-07-28,P020,C0264,2,19.99
2025-05-04,P011,C0299,4,49.90
2025-05-17,P015,C0010,4,35.00
2025-07-22,P015,C0093,2,24.75
2025-01-11,P005,C0404,1,19.99
2025-03-10,P010,C0125,5,49.90
2025-01-03,P001,C0195,2,79.00
2025-02-04,P001,C0256,1,12.50
2025-05-26,P003,C0258,20,19.99
2025-06-11,P012,C0429,2,49.90
2025-02-18,P016,C0457,5,8.90
2025-12-29,P008,C0394,4,8.90
2025-03-30,P006,C0322,4,12.50
2025-05-22,P002,C0214,2,19.99
2025-01-09,P005,C0265,0,49.90
2025-08-13,P017,C0456,4,35.00
2025-07-12,P008,C0336,5,8.90
2025-07-09,P004,C0477,4,79.00
2025-05-05,P014,C0046,2,24.75
2025-04-22,P004,C0474,20,8.90
2025-01-03,P011,C0341,5,19.99
2025-09-12,P011,C0237,10,79.00
2025-09-18,P011,C0325,1,12.50
2025-06-09,P016,C0054,2,35.00
2025-03-05,P013,C0048,2,79.00
2025-04-04,P004,C0121,3,35.00
2025-12-04,P012,C0433,3,12.50
2025-05-01,P013,C0369,4,49.90
2025-09-09,P002,C0372,3,8.90
2025-12-11,P015,C0337,2,79.00
2025-05-21,P020,C0138,2,35.00
2025-08-30,P005,C0216,2,79.00
2025-08-12,P015,C0289,1,8.90
2025-09-25,P008,C0065,1,35.00
2025-02-18,P004,C0112,5,79.00
2025-10-11,P005,C0085,5,79.00
2025-06-29,P015,C0013,2,49.90
2025-06-30,P003,C0448,5,19.99
2025-01-24,P001,C0357,2,49.90
2025-04-27,P017,C0001,2,12.50
2025-10-03,P011,C0051,1,24.75
2025-05-16,,C0059,1,49.90
2025-08-01,P011,C0348,2,24.75
2025-01-08,P009,C0128,2,49.90
2025-11-24,P010,C0160,1,79.00
2025-03-13,P020,C0455,4,35.00
2025-10-28,P005,C0067,2,12.50
2025-11-12,P001,C0478,3,8.90
2025-03-15,P006,C0381,1,24.75
2025-03-03,P004,C0137,1,49.90
2025-09-08,P001,C0145,2,19.99
2025-01-11,P009,C0483,2,19.99
2025-05-20,P007,C0134,2,79.00
2025-07-23,P008,C0108,2,24.75
2025-10-18,P008,C0286,3,49.90
2025-07-24,P013,C0010,1,24.75
2025-09-24,P002,C0465,1,24.75
2025-04-12,P004,C0286,2,12.50
2025-03-17,P019,C0160,2,12.50
2025-02-18,P005,C0407,4,79.00
2025-01-13,P013,C0432,2,35.00
2025-07-21,P006,C0100,2,19.99
2025-06-30,P018,C0292,2,19.99
2025-07-06,P003,C0105,2,35.00
2025-02-21,P014,C0214,1,8.90
2025-01-21,P016,C0401,2,19.99
2025-09-06,P019,C0486,10,79.00
2025-11-18,P016,C0076,4,79.00
2025-08-20,P009,C0102,2,35.00
2025-11-28,P020,C0352,5,12.50
2025-07-05,P016,C0021,3,35.00
2025-07-06,P009,C0161,3,19.99
2025-05-24,P018,C0435,3,35.00
2025-10-05,P013,C0291,3,79.00
2025-05-07,P020,C0286,1,49.90
2025-03-19,P006,C0262,5,8.90
2025-12-06,P012,C0180,5,49.90
2025-03-04,P002,C0028,4,49.90
2025-06-16,P018,C0161,4,35.00
2025-04-08,P011,C0384,20,24.75
2025-03-14,P017,C0491,2,24.75
2025-11-09,P020,C0141,2,35.00
2025-04-06,P005,C0064,4,49.90
2025-05-08,P008,C0228,2,79.00
2025-11-29,P007,C0115,20,8.90
2025-05-21,P011,C0396,10,79.00
2025-02-25,P011,C0357,4,24.75
2025-12-21,P014,C0312,1,19.99
2025-08-21,P018,C0436,3,19.99
2025-09-01,P011,C0020,5,79.00
2025-02-08,P014,C0321,5,49.90
2025-06-28,P014,C0149,1,12.50
2025-01-13,P008,C0368,2,35.00
2025-09-06,P018,C0499,3,49.90
2025-09-19,P017,C0023,1,79.00
2025-02-16,P009,C0278,3,79.00
2025-05-27,P017,C0137,1,35.00
2025-07-10,P005,C0352,10,79.00
2025-08-16,P005,C0074,2,8.90
2025-10-18,P007,C0049,2,79.00
2025-06-26,P020,C0312,4,35.00
2025-01-22,P012,C0246,2,19.99
2025-02-05,P013,C0099,5,49.90
2025-03-19,P009,C0001,2,24.75
2025-10-22,P019,C0395,2,12.50
2025-12-23,P007,C0181,1,49.90
2025-03-22,P016,C0485,1,12.50
2025-01-01,P019,C0361,20,24.75
2025-11-16,P007,C0018,2,12.50
2025-06-20,P006,C0122,5,8.90
2025-04-08,P012,C0336,1,49.90
2025-09-03,P004,C0015,4,19.99
2025-02-09,P006,C0454,1,79.00
2025-11-18,P014,C0084,4,79.00
2025-07-16,P012,C0182,4,12.50
2025-05-09,P012,C0139,3,79.00
2025-03-14,P015,C0006,3,49.90
2025-04-16,P016,C0231,5,8.90
2025-12-16,P017,C0084,1,49.90
2025-01-23,P012,C0054,4,35.00
2025-10-24,P015,C0078,2,12.50
2025-11-11,P016,C0034,3,19.99
2025-04-07,P016,C0053,10,19.99
2025-07-22,P011,C0081,2,79.00
2025-12-30,P007,C0169,2,35.00
2025-02-07,P012,C0025,0,24.75
2025-05-12,P013,C0368,1,35.00
2025-11-09,P008,C0338,2,24.75
2025-06-21,P016,C0219,1,24.75
2025-06-15,P001,C0461,5,19.99
2025-07-25,P003,C0127,2,12.50
2025-11-11,P005,C0499,3,19.99
2025-08-25,P019,C0074,1,8.90
2025-12-19,P009,C0247,5,19.99
2025-12-01,P017,C0316,3,8.90
2025-01-13,P013,C0037,1,19.99
2025-08-19,P014,C0213,2,49.90
2025-08-18,P004,C0226,3,12.50
2025-02-10,P002,C0497,5,24.75
2025-12-07,P019,C0246,4,49.90
2025-07-25,P008,C0360,2,19.99
2025-01-09,P013,C0043,3,24.75
2025-04-20,P004,C0123,20,12.50
2025-12-04,P008,C0122,3,8.90
2025-04-20,P017,C0475,2,19.99
2025-08-28,P001,C0156,2,8.90
2025-10-13,P002,C0400,5,79.00
2025-10-07,P018,C0346,3,8.90
2025-02-05,P001,C0121,1,19.99
2025-05-15,P015,C0435,1,8.90
2025-12-18,P008,C0199,1,35.00
2025-01-03,P017,C0125,4,19.99
2025-05-10,P012,C0383,2,49.90
2025-01-07,P004,C0001,4,12.50
2025-02-05,P004,C0216,2,49.90
2025-10-25,P010,C0396,1,12.50
2025-07-21,P018,C0424,-2,24.75
2025-11-10,P006,C0292,4,24.75
2025-07-17,P012,C0221,3,8.90
2025-11-03,P010,C0016,2,35.00
2025-01-09,P009,C0330,1,79.00
2025-08-09,P018,C0340,2,8.90
2025-04-28,P014,C0374,1,35.00
2025-06-07,P014,C0217,1,79.00
2025-03-17,P017,C0041,1,19.99
2025-03-10,P016,C0119,3,8.90
2025-05-02,P009,C0015,4,8.90
2025-03-16,P013,C0001,5,35.00
2025-08-22,P014,C0495,2,49.90
2025-05-25,P017,C0179,2,35.00
2025-04-03,P008,C0345,5,79.00
2025-02-12,P011,C0173,1,19.99
2025-01-20,P015,C0043,2,35.00
2025-04-26,P014,C0034,2,12.50
2025-02-14,P015,C0079,1,35.00
2025-11-22,P015,C0158,10,12.50
2025-04-21,P009,C0120,2,12.50
2025-03-07,P002,C0067,1,12.50
2025-03-25,P002,C0205,5,49.90
2025-04-22,P003,C0019,2,19.99
2025-08-13,P019,C0040,3,35.00
2025-12-28,P016,C0026,5,49.90
2025-07-16,P018,C0386,3,24.75
2025-08-29,P010,C0061,1,24.75
2025-02-22,P004,C0373,3,79.00
2025-02-26,P015,C0078,2,8.90
2025-03-11,P016,C0155,5,24.75
2025-05-10,P001,C0330,5,35.00
2025-12-04,P005,C0028,1,8.90
2025-07-02,P008,C0128,2,19.99
2025-08-14,P012,C0363,1,19.99
2025-03-23,P005,C0006,1,35.00
2025-06-08,P004,C0097,3,49.90
2025-07-30,P015,C0014,2,49.90
2025-02-14,P003,C0449,3,19.99
2025-12-25,P010,C0319,4,24.75
2025-12-30,P008,C0368,1,79.00
2025-03-07,P008,C0481,20,79.00
2025-10-21,P005,C0391,2,12.50
2025-04-09,P003,C0435,20,19.99
2025-06-30,P011,C0063,1,12.50
2025-03-21,P014,C0287,4,49.90
2025-05-07,P004,C0288,5,12.50
2025-02-04,P014,C0071,2,35.00
2025-12-03,P007,C0462,2,19.99
2025-02-16,P002,C0191,1,79.00
2025-09-13,P010,C0079,2,49.90
2025-08-12,P005,C0060,2,8.90
2025-02-18,P010,C0174,5,35.00
2025-05-25,P011,C0402,5,49.90
2025-06-06,P001,C0464,5,8.90
2025-05-03,P016,C0414,1,24.75
2025-12-13,P003,C0114,1,79.00
2025-08-05,P016,C0498,5,8.90
2025-03-13,P018,C0072,2,49.90
2025-02-25,P008,C0019,1,19.99
2025-11-19,P014,C0018,3,79.00
2025-07-16,P008,C0345,10,24.75
2025-07-11,P011,C0180,4,19.99
2025-01-05,P015,C0182,3,79.00
2025-10-15,P003,C0159,4,49.90
2025-05-06,P020,C0485,2,8.90
2025-04-04,P001,C0450,1,49.90
2025-06-16,P003,C0418,1,24.75
2025-03-20,P001,C0250,1,79.00
2025-01-18,P009,C0252,4,35.00
2025-03-15,P010,C0011,10,49.90
2025-10-12,P014,C0193,1,35.00
2025-05-02,P019,C0239,1,49.90
2025-05-30,P011,C0468,3,79.00
2025-01-15,P006,C0028,1,79.00
2025-03-12,P016,C0087,2,24.75
2025-06-14,P004,C0291,1,35.00
2025-01-23,P005,C0159,1,79.00
2025-11-29,P002,C0328,3,8.90
2025-11-13,P012,C0356,1,12.50
2025-02-08,P012,C0248,1,35.00
2025-11-21,P013,C0054,4,12.50
2025-04-12,P018,C0193,1,35.00
2025-01-23,P007,C0369,1,49.90
2025-09-27,P004,C0004,2,35.00
2025-11-03,P005,C0390,4,8.90
2025-06-24,P007,C0048,2,49.90
2025-06-28,P002,C0375,3,12.50
2025-08-03,P013,C0481,4,24.75
2025-10-28,P006,C0296,10,24.75
2025-01-26,P014,C0204,5,35.00
2025-11-10,P018,C0241,4,35.00
2025-09-27,P014,C0490,5,79.00
2025-01-27,P019,C0368,2,35.00
2025-05-12,P013,C0196,4,19.99
2025-01-09,P007,C0274,2,8.90
2025-01-28,P005,C0453,1,49.90
2025-12-21,P015,C0381,2,49.90
2025-05-16,P014,C0297,1,24.75
2025-08-20,P011,C0487,1,79.00
2025-09-27,P001,C0106,2,49.90
2025-11-21,P006,C0327,0,24.75
2025-12-17,P006,C0437,5,35.00
2025-10-09,P014,C0190,0,49.90
2025-10-24,P005,C0297,2,12.50
2025-02-26,P011,C0084,10,12.50
2025-06-13,P009,C0325,1,12.50
2025-12-28,P012,C0444,1,19.99
2025-08-17,P003,C0368,0,12.50
2025-09-01,P020,C0439,1,8.90
2025-06-22,P005,C0044,1,24.75
2025-09-14,P011,C0450,2,19.99
2025-02-26,P013,C0301,1,19.99
2025-08-22,P001,C0277,2,8.90
2025-02-24,P010,C0161,3,79.00
2025-09-16,P013,C0055,4,24.75
2025-01-25,P008,C0162,2,12.50
2025-04-18,P012,C0272,2,35.00
2025-04-15,P013,C0440,4,49.90
2025-01-14,P010,C0275,4,12.50
2025-03-17,P017,C0114,1,79.00
2025-04-30,P018,C0447,2,12.50
2025-12-25,P018,C0267,4,79.00
2025-05-15,P020,C0079,1,49.90
2025-05-17,P009,C0327,5,35.00
2025-10-04,P013,C0094,2,24.75
2025-09-25,P012,C0235,4,8.90
2025-08-26,P010,C0211,20,24.75
2025-08-10,P003,C0286,3,24.75
2025-11-28,P010,C0018,4,35.00
2025-08-03,P009,C0288,4,49.90
2025-06-11,P003,C0443,1,8.90
2025-11-20,P003,C0261,4,35.00
2025-05-25,P008,C0363,2,79.00
2025-10-08,P001,C0004,2,19.99
2025-09-06,P004,C0078,1,24.75
2025-02-02,P001,C0338,-2,19.99
2025-10-25,P016,C0063,3,49.90
2025-03-09,P003,C0233,1,49.90
2025-12-31,P015,C0303,1,24.75
2025-05-01,P006,C0254,1,8.90
2025-02-08,P012,C0399,5,79.00
2025-12-29,P003,C0401,2,79.00
2025-02-23,P020,C0260,4,35.00
2025-12-30,P016,C0032,1,12.50
2025-09-30,P016,C0413,3,79.00
2025-01-10,P015,C0395,1,79.00
2025-02-10,P015,C0330,5,19.99
2025-10-01,P006,C0421,1,8.90
2025-08-19,P003,C0440,2,19.99
2025-05-03,P015,C0020,3,79.00
2025-11-08,P002,C0416,1,79.00
2025-12-26,P002,C0233,2,79.00
2025-06-14,P014,C0490,4,79.00
2025-03-05,P010,C0188,4,79.00
2025-08-10,P012,C0025,3,24.75
2025-07-20,P016,C0422,10,12.50
2025-04-14,P004,C0148,1,24.75
2025-09-06,P011,C0086,2,24.75
2025-03-18,P001,C0317,2,35.00
2025-08-01,P020,C0171,1,8.90
2025-10-05,P001,C0082,3,79.00
2025-08-21,P013,C0080,-2,12.50
2025-02-22,P010,C0441,1,19.99
2025-12-09,P005,C0168,1,49.90
2025-11-19,P003,C0485,2,8.90
2025-08-14,P007,C0297,4,19.99
2025-08-23,P012,C0365,2,79.00
2025-10-09,P004,C0279,5,35.00
2025-05-16,P014,C0125,5,35.00
2025-01-06,P017,C0427,1,49.90
2025-09-01,P014,C0358,2,12.50
2025-02-10,P010,C0117,4,79.00
2025-11-24,P011,C0336,1,49.90
2025-09-29,P006,C0453,3,8.90
2025-09-03,P009,C0365,1,35.00
2025-03-26,P020,C0073,5,35.00
2025-08-24,P002,C0024,2,35.00
2025-11-11,P002,C0260,5,35.00
2025-08-18,P017,C0204,20,19.99
2025-05-24,P003,C0373,3,19.99
2025-03-17,P004,C0067,3,49.90
2025-11-18,P010,C0433,1,49.90
2025-08-27,P002,C0322,2,35.00
2025-11-06,P008,C0081,2,49.90
2025-05-29,P017,C0130,3,35.00
2025-04-23,P013,C0391,2,79.00
2025-09-27,P009,C0284,2,12.50
2025-12-01,P012,C0139,1,24.75
2025-08-27,P018,C0118,1,12.50
2025-11-04,P013,C0057,1,8.90
2025-08-13,P009,C0006,4,79.00
2025-07-17,P013,C0084,2,49.90
2025-06-27,P019,C0088,4,12.50
2025-05-07,P009,C0201,3,49.90
2025-04-19,P005,C0407,1,49.90
2025-06-29,P008,C0197,1,24.75
2025-07-23,P003,C0299,2,49.90
2025-01-26,P001,C0338,1,19.99
2025-10-29,P007,C0420,1,8.90
2025-11-07,P017,C0472,5,19.99
2025-05-21,P012,C0037,1,8.90
2025-10-03,P012,C0275,3,19.99
2025-06-15,P007,C0123,10,24.75
2025-12-21,P002,C0016,1,12.50
2025-06-14,P009,C0201,1,19.99
2025-11-18,P002,C0036,5,12.50
2025-06-12,P010,C0381,5,49.90
2025-10-18,P018,C0095,2,79.00
2025-06-10,P017,C0139,2,8.90
2025-10-19,P001,C0075,3,79.00
2025-05-10,P010,C0367,5,12.50
2025-08-13,P018,C0413,2,35.00
2025-03-14,P020,C0204,1,79.00
2025-09-21,P002,C0070,2,49.90
2025-10-03,P014,C0104,3,24.75
2025-07-06,P012,C0222,1,24.75
2025-07-15,P020,C0338,-2,79.00
2025-10-24,P020,C0125,2,24.75
2025-04-01,P019,C0194,10,12.50
2025-04-25,P007,C0270,3,8.90
2025-08-12,P012,C0039,2,12.50
2025-03-25,P010,C0058,3,12.50
2025-04-14,P010,C0256,4,24.75
2025-07-05,P007,C0340,10,8.90
2025-08-28,P014,C0413,3,12.50
2025-07-07,P008,C0391,1,12.50
2025-11-08,P005,C0320,3,12.50
2025-03-09,P016,C0159,2,12.50
2025-04-05,P001,C0223,1,79.00
2025-02-11,P006,C0390,2,79.00
2025-07-11,P013,C0376,20,12.50
2025-08-10,P008,C0428,1,49.90
2025-03-16,P019,C0065,1,24.75
2025-06-27,P009,C0092,5,49.90
2025-12-14,P014,C0410,4,79.00
2025-10-11,P007,C0050,2,12.50
2025-03-29,P007,C0159,2,49.90
2025-06-14,P006,C0341,10,19.99
2025-07-08,P011,C0452,3,79.00
2025-07-25,P020,C0149,10,49.90
2025-02-10,P017,C0053,2,19.99
2025-09-29,P013,C0096,4,79.00
2025-09-04,P007,C0484,20,49.90
2025-04-13,P020,C0082,1,19.99
2025-01-10,P005,C0371,1,79.00
2025-04-30,P015,C0453,4,35.00
2025-08-14,P011,C0061,2,24.75
2025-05-22,P006,C0375,1,79.00
2025-04-15,P017,C0385,5,8.90
2025-12-06,P005,C0500,1,35.00
2025-03-12,P005,C0232,2,24.75
2025-10-27,P009,C0147,5,49.90
2025-10-20,P012,C0197,4,8.90
2025-10-23,P012,C0150,2,8.90
2025-08-29,P017,C0178,4,19.99
2025-10-03,P009,C0002,4,12.50
2025-04-07,P006,C0008,3,12.50
2025-12-29,P003,C0199,1,19.99
2025-08-06,P018,C0145,1,49.90
2025-11-09,P009,C0257,3,35.00
2025-05-29,P012,C0149,2,24.75
2025-01-10,P011,C0382,1,49.90
2025-02-25,P012,C0021,2,24.75
2025-09-03,P010,C0252,5,8.90
2025-07-19,P007,C0096,10,49.90
2025-11-20,P008,C0412,2,19.99
2025-03-20,P012,C0309,1,49.90
2025-02-11,P013,C0098,1,35.00
2025-05-03,P020,C0199,5,24.75
2025-06-16,P002,C0261,2,24.75
2025-05-22,P009,C0305,2,49.90
2025-06-11,P019,C0020,10,12.50
2025-09-10,P017,C0420,1,35.00
2025-06-15,P011,C0061,1,19.99
2025-11-14,P010,C0037,0,79.00
2025-12-19,P018,C0204,1,79.00
2025-09-25,P008,C0443,4,8.90
2025-10-05,P014,C0316,2,12.50
2025-01-17,P011,C0488,1,79.00
2025-07-01,P014,C0038,0,49.90
2025-08-14,P006,C0440,1,24.75
2025-10-01,P010,C0175,4,19.99
2025-04-19,P012,C0463,10,8.90
2025-02-07,P004,C0177,1,12.50
2025-07-20,P002,C0042,2,49.90
2025-11-05,P012,C0116,4,35.00
2025-10-08,P020,C0416,1,24.75
2025-08-26,P009,C0395,2,35.00
2025-04-20,P018,C0109,3,12.50
2025-12-18,P011,C0138,2,49.90
2025-05-20,P014,C0340,10,35.00
2025-05-19,P017,C0193,4,12.50
2025-11-01,P004,C0020,4,79.00
2025-02-08,P001,C0037,5,12.50
2025-04-07,P001,C0496,3,19.99
2025-10-07,P018,C0465,3,79.00
2025-11-28,P004,C0110,5,19.99
2025-04-02,P002,C0366,5,79.00
2025-04-16,P006,C0401,1,12.50
2025-07-07,P003,C0092,1,8.90
2025-03-09,P001,C0483,1,8.90
2025-03-30,P019,C0091,1,12.50
2025-06-17,P018,C0198,20,24.75
2025-12-26,P016,C0347,1,8.90
2025-10-28,P002,C0315,5,79.00
2025-04-20,P016,C0411,2,24.75
2025-05-18,P019,C0187,4,19.99
2025-02-03,P010,C0016,5,49.90
2025-03-27,P017,C0482,5,19.99
2025-07-17,P009,C0008,20,8.90
2025-11-25,P004,C0042,1,19.99
2025-02-26,P010,C0310,3,35.00
2025-10-07,P006,C0181,3,12.50
2025-02-08,P020,C0341,1,12.50
2025-07-25,P014,C0246,3,24.75
2025-10-03,P004,C0265,3,35.00
2025-04-08,P010,C0029,1,8.90
2025-06-24,P002,C0204,1,49.90
2025-02-10,P015,C0038,10,24.75
2025-11-16,P019,C0378,10,24.75
2025-04-08,P004,C0067,5,49.90
2025-01-04,P002,C0233,2,8.90
2025-09-14,P009,C0379,2,8.90
2025-11-26,P003,C0220,5,19.99
2025-03-05,P015,C0346,0,24.75
2025-11-30,P018,C0151,5,12.50
2025-11-15,P018,C0213,5,19.99
2025-04-22,P014,C0136,2,8.90
2025-10-26,P010,C0351,3,24.75
2025-01-28,P019,C0077,20,8.90
2025-03-19,P010,C0378,2,24.75
2025-10-09,P011,C0384,0,24.75
2025-12-30,P007,C0074,3,8.90
2025-02-04,P016,C0318,1,12.50
2025-09-29,P020,C0248,2,35.00
2025-06-14,P017,C0007,5,8.90
2025-12-22,P013,C0007,5,49.90
2025-01-14,P015,C0342,3,35.00
2025-01-26,P014,C0392,10,12.50
2025-01-25,P018,C0318,3,24.75
2025-04-01,P009,C0444,1,24.75
2025-11-25,P011,C0207,5,24.75
2025-05-26,P008,C0499,4,19.99
2025-10-16,P015,C0461,3,8.90
2025-01-11,P013,C0020,3,49.90
2025-11-12,P018,C0170,1,24.75
2025-07-10,P018,C0042,3,24.75
2025-12-18,P019,C0014,1,35.00
2025-04-25,P013,C0411,1,12.50
2025-12-05,P018,C0268,3,8.90
2025-08-02,P017,C0208,1,79.00
2025-09-14,P003,C0267,10,35.00
2025-10-28,P017,C0302,5,49.90
2025-04-09,P010,C0259,-2,49.90
2025-09-27,P009,C0220,2,12.50
2025-09-25,P020,C0061,2,12.50
2025-05-10,P002,C0431,4,12.50
2025-09-08,P004,C0123,3,79.00
2025-12-27,P018,C0072,1,8.90
2025-04-05,P008,C0054,1,24.75
2025-03-30,P003,C0403,10,79.00
2025-03-23,P007,C0217,2,24.75
2025-04-21,P018,C0154,10,19.99
2025-10-23,P006,C0025,3,12.50
2025-01-19,P003,C0212,1,8.90
2025-10-28,P004,C0476,2,12.50
2025-10-25,P013,C0333,4,35.00
2025-03-28,P011,C0055,-2,19.99
2025-06-20,P012,C0218,4,79.00
2025-10-26,P016,C0496,1,19.99
2025-12-13,P017,C0093,2,8.90
2025-11-30,P015,C0277,5,19.99
2025-04-16,P006,C0294,2,35.00
2025-05-18,P005,C0288,1,12.50
2025-10-24,P020,C0198,2,79.00
2025-07-10,P003,C0298,4,35.00
2025-08-08,P008,C0492,3,24.75
2025-08-22,P018,C0356,1,8.90
2025-07-16,P007,C0250,20,35.00
2025-11-01,P012,C0214,1,49.90
2025-11-02,P006,C0097,4,19.99
2025-08-23,P002,C0120,3,24.75
2025-11-12,P013,C0403,3,19.99
2025-05-21,P002,C0325,2,19.99
2025-05-03,P013,C0261,4,49.90
2025-04-18,P015,C0405,1,19.99
2025-08-08,P015,C0343,1,19.99
2025-08-31,P008,C0446,20,49.90
2025-08-10,P013,C0060,2,35.00
2025-08-14,P011,C0427,5,12.50
2025-02-08,P008,C0349,2,35.00
2025-08-04,P016,C0031,4,79.00
2025-09-03,P011,C0430,2,35.00
2025-11-02,P007,C0180,2,49.90
2025-11-10,P004,C0207,3,8.90
2025-02-16,P010,C0462,4,19.99
2025-06-14,P014,C0103,1,19.99
2025-10-10,P002,C0386,1,8.90
2025-02-21,P018,C0128,3,19.99
2025-08-31,P014,C0154,4,49.90
2025-05-14,P019,C0268,1,49.90
2025-10-10,P003,C0155,1,19.99
2025-05-21,P004,C0169,2,8.90
2025-12-01,P011,C0199,3,8.90
2025-11-04,P003,C0369,1,8.90
2025-09-12,P006,C0469,5,19.99
2025-01-30,P004,C0217,2,49.90
2025-10-19,P016,C0438,4,8.90
2025-08-29,P011,C0371,4,79.00
2025-10-20,P015,C0270,4,19.99
2025-03-26,P008,C0247,3,24.75
2025-03-03,P018,C0418,10,35.00
2025-12-03,P013,C0440,2,79.00
2025-12-09,P010,C0312,5,12.50
2025-05-07,P007,C0205,3,35.00
2025-05-29,P018,C0221,2,79.00
2025-12-01,P018,C0372,4,49.90
2025-03-26,P004,C0016,1,49.90
2025-05-08,P002,C0090,2,49.90
2025-03-20,P003,C0275,-2,79.00
2025-08-08,P019,C0168,1,8.90
2025-10-20,P016,C0157,1,79.00
2025-12-22,P016,C0209,2,79.00
2025-09-20,P003,C0471,2,8.90
2025-07-11,P020,C0451,10,35.00
2025-04-28,P018,C0021,5,8.90
2025-01-19,P012,C0446,2,35.00
2025-03-18,P004,C0012,3,35.00
2025-08-26,P007,C0478,1,49.90
2025-12-21,P013,C0453,1,24.75
2025-09-09,P010,C0133,2,49.90
2025-12-02,P017,C0053,5,19.99
2025-07-26,P013,C0141,3,79.00
2025-09-21,P009,C0496,1,19.99
2025-09-25,P008,C0230,10,79.00
2025-12-13,P012,C0459,1,35.00
2025-07-09,P013,C0034,2,49.90
2025-09-18,P010,C0313,1,49.90
2025-08-06,,C0113,2,12.50
2025-11-26,P019,C0369,3,19.99
2025-06-06,P018,C0022,1,35.00
2025-04-29,P009,C0013,3,8.90
2025-01-15,P015,C0130,4,19.99
2025-05-12,P012,C0033,2,35.00
2025-07-10,P007,C0343,1,19.99
2025-12-31,P020,C0010,1,12.50
2025-06-15,P016,C0064,2,49.90
2025-04-10,P002,C0163,20,8.90
2025-07-14,P009,C0376,1,8.90
2025-06-17,P018,C0162,1,35.00
2025-01-22,P006,C0012,3,8.90
2025-08-09,P013,C0226,20,49.90
2025-09-11,P007,C0117,3,12.50
2025-11-10,P008,C0405,3,24.75
2025-01-04,P018,C0365,5,19.99
2025-03-19,P006,C0337,5,79.00
2025-06-21,P003,C0016,4,49.90
2025-03-12,P004,C0077,2,12.50
2025-10-06,P009,C0348,2,19.99
2025-08-14,P018,C0320,2,49.90
2025-08-27,P020,C0395,1,8.90
2025-01-07,P012,C0296,1,49.90
2025-02-02,P001,C0368,3,8.90
2025-07-03,P015,C0465,5,12.50
2025-06-19,P004,C0471,1,79.00
2025-12-13,P008,C0487,1,49.90
2025-03-12,P005,C0129,20,8.90
2025-04-26,P009,C0218,1,24.75
2025-08-22,P001,C0303,3,24.75
2025-10-27,P019,C0440,10,35.00
2025-06-02,P002,C0292,5,79.00
2025-08-19,P002,C0121,5,19.99
2025-09-03,P004,C0043,5,24.75
2025-10-06,P006,C0080,2,79.00
2025-06-25,P002,C0403,10,79.00
2025-10-03,P016,C0327,5,24.75
2025-05-31,P012,C0044,3,12.50
2025-04-23,P015,C0256,2,8.90
2025-01-24,P002,C0172,4,49.90
2025-11-13,P008,C0415,10,35.00
2025-10-25,P006,C0271,20,49.90
2025-12-26,P018,C0053,10,12.50
2025-07-18,P005,C0060,-2,35.00
2025-03-11,P018,C0424,3,79.00
2025-06-06,P003,C0038,1,12.50
2025-09-20,P017,C0197,2,35.00
2025-01-27,P007,C0290,2,12.50
2025-12-01,P008,C0452,4,19.99
2025-08-18,P005,C0405,1,8.90
2025-04-17,P013,C0425,5,19.99
2025-08-29,P017,C0449,2,79.00
2025-03-29,P018,C0052,3,24.75
2025-03-05,P016,C0293,2,19.99
2025-07-24,P015,C0287,1,79.00
2025-09-20,P013,C0475,10,24.75
2025-04-25,P003,C0206,10,49.90
2025-03-31,P018,C0192,20,49.90
2025-12-15,P015,C0161,1,49.90
2025-04-24,P017,C0147,2,12.50
2025-01-06,P001,C0324,1,19.99
2025-11-29,P007,C0067,3,12.50
2025-09-15,P018,C0104,1,19.99
2025-05-15,P011,C0492,0,8.90
2025-04-30,P005,C0072,1,12.50
2025-03-19,P010,C0204,5,49.90
2025-08-03,P015,,1,79.00
2025-07-22,P007,C0380,1,24.75
2025-10-06,P011,C0104,1,35.00
2025-06-18,P004,C0227,3,8.90
2025-04-19,P003,C0178,4,8.90
2025-11-26,P015,C0446,1,24.75
2025-12-14,P016,C0419,4,12.50
2025-02-24,P002,C0431,2,12.50
2025-08-20,P002,C0260,1,35.00
2025-02-18,P013,C0231,1,8.90
2025-11-21,P015,C0453,1,35.00
2025-02-12,P018,C0204,1,8.90
2025-08-19,P003,C0050,4,79.00
2025-03-13,P016,C0441,1,24.75
2025-05-21,P004,C0050,2,12.50
2025-05-24,P014,C0064,3,35.00
2025-09-11,P011,C0029,3,49.90
2025-03-09,P015,C0403,2,8.90
2025-06-17,P008,C0422,2,12.50
2025-03-31,P007,C0429,3,12.50
2025-02-09,P005,C0142,2,19.99
2025-01-12,P006,C0315,1,49.90
2025-06-02,P006,C0056,1,49.90
2025-02-03,P002,C0216,2,35.00
2025-10-03,P013,C0253,2,8.90
2025-07-13,P007,C0439,1,19.99
2025-01-12,P009,C0119,3,19.99
2025-01-03,P018,C0228,1,35.00
2025-02-20,P014,C0253,1,19.99
2025-10-27,P014,C0431,3,12.50
2025-07-31,P007,C0318,3,8.90
2025-05-01,P007,C0137,1,24.75
2025-08-30,P017,C0014,-2,79.00
2025-10-24,P010,C0411,3,79.00
2025-10-14,P012,C0061,1,19.99
2025-09-11,P011,C0194,3,35.00
2025-11-02,P003,C0096,2,49.90
2025-11-21,P017,C0206,10,8.90
2025-08-09,P010,C0175,2,49.90
2025-03-25,P012,C0397,1,35.00
2025-06-14,P020,C0038,1,19.99
2025-04-28,P003,C0007,10,19.99
2025-01-17,P001,C0437,3,19.99
2025-12-05,P010,C0120,1,79.00
2025-09-30,P014,C0101,1,79.00
2025-04-07,P001,C0500,4,79.00
2025-06-29,P001,C0083,5,12.50
2025-09-16,P015,C0253,2,35.00
2025-07-24,P002,C0496,2,12.50
2025-07-31,P005,C0346,2,19.99
2025-01-17,P014,C0292,2,19.99
2025-12-29,P005,C0369,10,79.00
2025-02-14,P005,C0254,5,79.00
2025-02-14,P009,C0042,1,24.75
2025-04-10,P007,C0218,1,49.90
2025-03-04,P014,C0428,1,35.00
2025-11-26,P018,C0239,1,12.50
2025-07-24,P011,C0130,2,49.90
2025-04-25,P014,C0269,2,49.90
2025-09-13,P018,C0028,2,49.90
2025-04-27,P005,C0320,4,8.90
2025-11-09,P006,C0277,3,24.75
2025-09-13,P015,C0366,1,24.75
2025-10-29,P014,C0463,1,35.00
2025-12-04,P009,C0062,3,79.00
2025-01-11,P001,C0436,1,8.90
2025-05-19,P010,C0068,20,19.99
2025-08-04,P020,C0010,2,8.90
2025-09-27,P013,C0053,2,79.00
2025-07-15,P003,C0279,10,79.00
2025-02-12,P016,C0202,1,8.90
2025-02-22,P009,C0284,4,12.50
2025-04-26,P001,C0496,4,24.75
2025-07-16,P016,C0480,1,24.75
2025-02-20,P001,C0459,3,35.00
2025-02-14,P004,C0202,2,12.50
2025-06-10,P017,C0102,-2,35.00
2025-04-15,P012,C0077,4,79.00
2025-09-27,P008,C0015,10,49.90
2025-01-25,P015,C0414,5,49.90
2025-08-17,P018,C0037,3,24.75
2025-05-31,P020,C0143,2,24.75
2025-12-04,P013,C0043,2,24.75
2025-12-31,P020,C0239,2,12.50
2025-08-09,P020,C0449,1,24.75
2025-03-10,P005,C0142,10,19.99
2025-11-12,P008,C0240,10,19.99
2025-06-28,P015,C0026,1,24.75
2025-06-18,P015,C0163,2,19.99
2025-05-10,P001,C0155,2,35.00
2025-12-04,P013,C0356,1,35.00
2025-11-24,P009,C0103,3,8.90
2025-05-23,P008,C0179,2,12.50
2025-03-18,P010,C0115,3,19.99
2025-06-18,P010,C0384,5,8.90
2025-06-16,P018,C0275,4,24.75
2025-11-09,P002,C0477,4,24.75
2025-06-17,P009,C0311,1,79.00
2025-12-10,P010,C0431,3,24.75
2025-02-20,P007,C0135,-2,19.99
2025-04-06,P011,C0481,20,12.50
2025-01-10,P001,C0321,1,79.00
2025-11-16,P011,C0065,1,12.50
2025-04-04,P014,C0435,2,79.00
2025-03-06,P010,C0230,5,79.00
2025-06-12,P014,C0170,2,19.99
2025-08-29,P007,C0070,3,24.75
2025-11-23,P014,C0401,2,35.00
2025-09-14,P020,C0380,5,12.50
2025-01-11,P017,C0246,3,49.90
2025-10-02,P013,C0181,2,8.90
2025-04-06,P009,C0224,1,24.75
2025-05-28,P012,C0282,1,24.75
2025-04-13,P003,C0145,4,24.75
2025-05-13,P003,C0290,4,49.90
2025-01-14,P018,C0274,2,24.75
2025-10-18,P003,C0109,5,49.90
2025-06-30,P009,C0332,4,8.90
2025-03-03,P019,C0459,4,12.50
2025-12-13,P005,C0043,5,19.99
2025-12-12,P001,C0450,10,49.90
2025-05-20,P009,C0499,4,79.00
2025-07-23,P010,C0300,4,79.00
2025-12-25,P014,C0257,4,49.90
2025-01-17,P016,C0270,1,24.75
2025-09-06,P010,C0485,2,19.99
2025-11-28,P008,C0189,5,8.90
2025-08-18,P019,C0339,4,49.90
2025-08-14,P014,C0356,3,79.00
2025-07-02,P004,C0033,3,35.00
2025-02-16,P003,C0331,10,79.00
2025-04-12,P017,C0241,4,19.99
2025-11-11,P001,C0219,2,35.00
2025-12-08,P001,C0492,1,35.00
2025-12-23,P011,C0120,1,49.90
2025-07-15,P008,C0266,4,12.50
2025-12-06,P017,C0250,0,19.99
2025-03-10,P016,C0260,1,12.50
2025-06-14,P016,C0028,2,19.99
2025-12-27,P015,C0492,2,8.90
2025-01-13,P011,C0192,1,24.75
2025-08-26,P018,C0079,10,12.50
2025-03-21,P018,C0216,1,8.90
2025-01-06,P013,C0348,5,24.75
2025-03-16,P011,C0314,5,24.75
2025-04-28,P013,C0276,2,49.90
2025-05-27,P009,C0225,2,79.00
2025-10-03,P014,C0228,3,79.00
2025-11-27,P008,C0209,4,8.90
2025-05-02,P008,C0336,1,35.00
2025-04-28,P014,C0057,4,24.75
2025-03-19,P012,C0312,5,12.50
2025-11-17,P015,C0222,1,79.00
2025-02-02,P002,C0074,2,79.00
2025-03-26,P010,C0480,1,35.00
2025-11-19,P003,C0474,2,19.99
2025-12-03,P001,C0377,10,8.90
2025-07-30,P002,C0344,1,79.00
2025-09-16,P012,C0315,2,79.00
2025-11-07,P015,C0169,3,79.00
2025-12-14,P016,C0455,0,35.00
2025-08-15,P008,C0161,4,19.99
2025-11-07,P004,C0480,20,79.00
2025-11-13,P019,C0228,3,49.90
2025-03-05,P013,C0114,3,24.75
2025-01-11,P013,C0096,5,12.50
2025-07-19,P018,C0421,2,8.90
2025-06-03,P012,C0309,1,19.99
2025-07-29,P002,C0286,4,35.00
2025-04-18,P009,C0196,1,12.50
2025-09-13,P017,C0416,3,49.90
2025-07-29,P008,C0243,5,35.00
2025-05-12,P003,C0107,1,12.50
2025-03-08,P009,C0491,3,12.50
2025-10-15,P007,C0207,1,24.75
2025-07-11,P014,C0093,3,12.50
2025-08-16,P020,C0249,2,8.90
2025-05-01,P001,C0464,1,35.00
2025-11-02,P001,C0433,1,24.75
2025-06-13,P005,C0003,3,19.99
2025-02-12,P006,C0086,4,35.00
2025-01-03,P013,C0454,4,8.90
2025-07-12,P009,C0433,3,19.99
2025-08-10,P020,C0103,1,49.90
2025-10-22,P007,C0088,3,19.99
2025-06-28,P010,C0231,3,49.90
2025-08-29,P015,C0145,5,49.90
2025-02-13,P010,C0289,1,24.75
2025-10-09,P018,C0228,1,8.90
2025-11-23,P005,C0195,3,8.90
2025-07-07,P016,C0025,1,35.00
2025-09-20,P015,C0037,4,12.50
2025-04-15,P003,C0299,-2,19.99
2025-08-26,P010,C0339,3,79.00
2025-09-06,P004,C0018,3,19.99
2025-12-30,P018,C0230,5,19.99
2025-12-11,P013,C0495,5,8.90
2025-07-15,P018,C0379,2,79.00
2025-03-10,P009,C0059,3,12.50
2025-03-07,P010,C0273,2,79.00
2025-02-10,P001,C0081,4,8.90
2025-10-29,P004,C0333,1,79.00
2025-08-25,P016,C0163,2,8.90
2025-07-19,P014,C0354,10,35.00
2025-09-02,P001,C0088,1,79.00
2025-12-29,P017,C0204,4,35.00
2025-08-22,P003,C0098,2,12.50
2025-10-25,P014,C0035,2,24.75
2025-09-27,P011,C0153,1,8.90
2025-01-09,P006,C0476,1,35.00
2025-09-23,P017,C0277,4,49.90
2025-06-13,P013,C0413,1,79.00
2025-06-23,P003,C0288,1,49.90
2025-02-12,P001,C0289,1,79.00
2025-08-27,P008,C0385,20,35.00
2025-01-20,P006,C0305,2,79.00
2025-11-01,P003,C0053,2,24.75
2025-01-29,P001,C0329,10,35.00
2025-01-05,P011,C0019,2,35.00
2025-01-19,P016,C0038,4,24.75
2025-02-19,P007,C0258,4,49.90
2025-10-16,P013,C0409,3,24.75
2025-10-08,P012,C0108,5,24.75
2025-06-24,P009,C0242,1,12.50
2025-12-08,P018,C0393,1,12.50
2025-04-20,P001,C0325,5,19.99
2025-11-19,P015,C0003,2,12.50
2025-07-25,P002,C0221,5,49.90
2025-09-09,P007,C0063,5,24.75
2025-12-08,P006,C0462,3,24.75
2025-11-25,P006,C0407,2,35.00
2025-04-07,P006,C0283,3,19.99
2025-02-20,P015,C0411,1,12.50
2025-07-12,P005,C0298,5,19.99
2025-02-25,P020,C0369,4,12.50
2025-07-07,P001,C0411,2,19.99
2025-10-30,P016,C0295,1,24.75
2025-05-11,P012,C0345,1,8.90
2025-10-12,P019,C0345,20,12.50
2025-01-27,P013,C0488,10,35.00
2025-06-01,P018,C0381,3,35.00
2025-11-01,P013,C0333,1,49.90
2025-05-24,P016,C0099,2,35.00
2025-10-10,P004,C0065,1,79.00
2025-03-25,P001,C0014,1,8.90
2025-02-22,P010,C0458,10,79.00
2025-10-08,P013,C0142,4,35.00
2025-02-24,P007,C0247,2,19.99
2025-06-17,P009,C0351,2,12.50
2025-10-28,P016,C0027,3,12.50
2025-07-05,P004,C0084,4,79.00
2025-09-08,P013,C0016,3,12.50
2025-01-21,P005,C0269,3,19.99
2025-09-22,P008,C0318,2,12.50
2025-02-04,P012,C0348,10,19.99
2025-09-04,P002,C0136,3,35.00
2025-02-28,P013,C0146,4,49.90
2025-12-08,P012,C0258,1,12.50
2025-10-02,P001,C0043,10,35.00
2025-04-09,P014,C0027,4,12.50
2025-09-18,P012,C0179,1,8.90
2025-02-27,P010,C0107,4,24.75
2025-08-05,P003,C0060,5,8.90
2025-01-14,P012,C0225,5,12.50
2025-08-05,P001,C0110,1,24.75
2025-11-26,P013,C0191,3,49.90
2025-12-13,P004,C0270,4,8.90
2025-04-09,P007,C0166,4,24.75
2025-12-18,P016,C0106,2,24.75
2025-07-18,P005,C0040,4,8.90
2025-10-14,P007,C0095,4,79.00
2025-03-25,P018,C0432,1,35.00
2025-08-23,P017,C0129,3,79.00
2025-09-20,P016,C0344,3,49.90
2025-02-26,P006,C0013,5,12.50
2025-02-23,P001,C0120,4,8.90
2025-02-19,P007,C0233,4,79.00
2025-03-05,P011,C0339,1,12.50
2025-08-12,P005,C0206,1,19.99
2025-12-26,P019,C0084,1,19.99
2025-12-15,P001,C0182,4,24.75
2025-07-01,P019,C0469,3,24.75
2025-05-03,P001,C0491,3,8.90
2025-02-10,P003,C0118,5,19.99
2025-10-28,P004,C0191,4,8.90
2025-01-25,P005,C0461,1,49.90
2025-12-01,P008,C0475,1,79.00
2025-12-26,P019,C0305,1,49.90
2025-11-16,P004,C0070,4,49.90
2025-07-07,P018,C0056,2,19.99
2025-12-10,P010,C0326,5,79.00
2025-12-18,P004,C0366,3,79.00
2025-05-09,P013,C0367,10,12.50
2025-04-16,P019,C0191,2,12.50
2025-04-28,P019,C0444,3,19.99
2025-08-23,P015,C0025,1,8.90
2025-12-29,P014,C0294,3,35.00
2025-04-20,P018,C0355,1,49.90
2025-08-27,P008,C0211,3,19.99
2025-09-29,P009,C0200,3,35.00
2025-12-18,P020,C0184,2,49.90
2025-03-21,P016,C0302,3,24.75
2025-01-14,P010,C0294,3,19.99
2025-02-05,P001,C0011,3,24.75
2025-06-03,P002,C0413,1,49.90
2025-12-06,P018,C0442,4,24.75
2025-12-18,P015,C0276,0,19.99
2025-09-10,P015,C0147,4,24.75
2025-05-19,P009,C0337,2,19.99
2025-01-24,P007,C0467,0,8.90
2025-12-26,P019,C0282,5,12.50
2025-12-07,P008,C0234,1,8.90
2025-11-27,P006,C0373,1,79.00
2025-01-21,P015,C0359,4,8.90
2025-01-20,P002,C0052,5,79.00
2025-01-30,P008,C0242,1,8.90
2025-10-31,P005,C0297,1,35.00
2025-08-07,P008,C0253,2,24.75
2025-01-27,P001,C0342,1,79.00
2025-12-06,P003,C0401,3,79.00
2025-11-16,P013,C0307,3,12.50
2025-09-27,P014,C0129,1,49.90
2025-12-04,P011,C0017,5,19.99
2025-12-10,P012,C0121,1,19.99
2025-03-29,P014,C0451,3,8.90
2025-06-12,P013,C0124,4,19.99
2025-07-25,P019,C0177,2,49.90
2025-02-10,P010,C0481,1,24.75
2025-10-13,P004,C0248,10,8.90
2025-09-08,P018,C0445,4,24.75
2025-01-30,P007,C0117,1,8.90
2025-07-31,P018,C0418,1,49.90
2025-12-08,P019,C0083,3,8.90
2025-01-20,P014,C0209,3,35.00
2025-04-18,P001,C0171,20,19.99
2025-10-29,P020,C0337,1,35.00
2025-04-05,P008,C0302,2,12.50
2025-09-01,P018,C0269,4,12.50
2025-02-26,P005,C0192,3,8.90
2025-12-02,P003,C0499,1,19.99
2025-03-02,P003,C0235,1,79.00
2025-09-23,P019,C0491,3,19.99
2025-12-18,P019,C0012,3,8.90
2025-03-10,P006,C0434,10,35.00
2025-10-10,P006,C0256,20,35.00
2025-07-22,P001,C0426,4,35.00
2025-01-02,P002,C0301,5,12.50
2025-05-25,P016,C0442,3,24.75
2025-09-04,P004,C0055,5,19.99
2025-01-30,P002,C0068,5,12.50
2025-06-04,P018,C0417,3,35.00
2025-11-22,P019,C0421,1,8.90
2025-01-22,P005,C0270,3,19.99
2025-10-29,P017,C0312,3,12.50
2025-11-13,P016,C0468,2,8.90
2025-09-20,P014,C0019,1,19.99
2025-02-18,P019,C0259,2,19.99
2025-02-26,P006,C0300,2,35.00
2025-05-26,P017,C0086,4,79.00
2025-11-04,P017,C0259,5,24.75
2025-01-02,P011,C0030,1,19.99
2025-03-23,P017,C0262,10,24.75
2025-09-14,P014,C0342,10,12.50
2025-05-08,P004,C0152,4,12.50
2025-10-24,P002,C0459,2,12.50
2025-11-12,P001,C0400,4,24.75
2025-02-08,P008,C0336,1,49.90
2025-02-28,P006,C0182,10,19.99
2025-12-24,P012,C0376,1,79.00
2025-12-24,P006,C0177,5,24.75
2025-10-05,P017,C0388,5,19.99
2025-07-28,P020,C0041,4,12.50
2025-04-17,P020,C0110,1,12.50
2025-07-08,P007,C0338,5,12.50
2025-11-11,P006,C0482,2,49.90
2025-09-22,P009,C0287,10,8.90
2025-05-03,P019,C0083,4,8.90
2025-07-20,P012,C0313,3,24.75
2025-07-10,P020,C0487,4,79.00
2025-11-23,P020,C0490,5,49.90
2025-01-22,P012,C0437,2,19.99
2025-08-23,P016,C0144,1,49.90
2025-09-30,P015,C0464,4,12.50
2025-07-19,P011,C0486,3,19.99
2025-05-21,P012,C0268,3,35.00
2025-02-09,P016,C0339,1,12.50
2025-11-19,P002,C0232,2,79.00
2025-03-04,P009,C0088,2,24.75
2025-02-22,P005,C0333,4,12.50
2025-02-06,P013,C0289,1,24.75
2025-07-17,P015,C0498,5,24.75
2025-10-31,P004,C0290,5,19.99
2025-01-23,P014,C0024,1,12.50
2025-09-14,P019,C0115,20,35.00
2025-10-08,P010,C0138,-2,19.99
2025-01-04,P019,C0480,10,19.99
2025-08-13,P019,C0459,5,24.75
2025-12-04,P016,C0314,1,49.90
2025-09-13,P016,C0049,3,24.75
2025-02-28,P002,C0372,1,8.90
2025-07-04,P020,C0105,1,49.90
2025-01-30,P007,C0062,4,8.90
2025-03-24,P019,C0306,2,12.50
2025-03-05,P006,C0020,10,35.00
2025-05-09,P012,C0441,-2,79.00
2025-03-14,P001,C0124,3,19.99
2025-02-13,P015,C0177,2,19.99
2025-12-12,P013,C0083,4,49.90
2025-04-09,P011,C0293,4,12.50
2025-09-01,P004,C0117,3,12.50
2025-03-15,P003,C0073,10,12.50
2025-07-18,P012,C0284,1,24.75
2025-04-15,P004,C0127,3,49.90
2025-05-08,P014,C0010,2,19.99
2025-06-07,P014,C0326,5,8.90
2025-03-13,P005,C0406,2,8.90
2025-12-27,P013,C0170,5,8.90
2025-02-11,P019,C0236,1,8.90
2025-11-30,P005,C0105,3,35.00
2025-08-19,P009,C0406,2,79.00
2025-12-18,P012,C0366,4,19.99
2025-11-23,P013,C0378,10,19.99
2025-08-01,P009,C0140,1,12.50
2025-03-09,P006,C0114,2,79.00
2025-09-19,P013,C0079,1,8.90
2025-08-22,P006,C0263,4,49.90
2025-08-10,P015,C0310,2,49.90
2025-07-25,P005,C0355,2,35.00
2025-03-23,P008,C0066,4,79.00
2025-10-02,P018,C0439,3,49.90
2025-02-02,P004,C0076,1,49.90
2025-12-10,P017,C0331,5,8.90
2025-01-16,P020,C0201,2,8.90
2025-05-07,P012,C0158,10,49.90
2025-10-10,P019,C0290,2,35.00
2025-05-15,P016,C0230,10,79.00
2025-02-09,P011,C0211,1,8.90
2025-11-09,P004,C0281,5,19.99
2025-08-25,P011,C0069,3,8.90
2025-06-02,P017,C0352,2,12.50
2025-01-11,P020,C0497,4,24.75
2025-01-04,P003,C0245,5,19.99
2025-02-14,P009,C0135,0,79.00
2025-05-08,P002,C0114,2,8.90
2025-09-20,P018,C0071,2,24.75
2025-06-13,P002,C0212,4,8.90
2025-07-16,P004,C0243,2,19.99
2025-04-01,P018,C0216,10,24.75
2025-05-14,P007,C0305,4,19.99
2025-05-17,P003,C0307,1,79.00
2025-12-14,P006,C0043,3,79.00
2025-10-09,P013,C0093,1,12.50
2025-09-22,P016,C0048,2,79.00
2025-03-15,P015,C0345,1,19.99
2025-11-08,P019,C0367,3,49.90
2025-06-13,P020,C0043,2,8.90
2025-05-09,P015,C0164,1,12.50
2025-04-13,P004,C0099,5,35.00
2025-09-21,P018,C0460,1,35.00
2025-08-03,P003,C0339,20,8.90
2025-12-24,P010,C0121,3,79.00
2025-11-10,P008,C0249,3,19.99
2025-12-13,P007,C0038,1,12.50
2025-03-13,P009,C0163,-2,8.90
2025-02-11,P011,C0303,4,35.00
2025-09-21,P005,C0282,4,35.00
2025-06-11,P010,C0307,2,24.75
2025-05-11,P010,C0249,4,49.90
2025-07-31,P008,C0110,1,19.99
2025-09-20,P018,C0272,1,12.50
2025-12-04,P016,C0448,4,19.99
2025-10-19,P004,C0072,4,49.90
2025-04-30,P014,C0499,1,79.00
2025-05-30,P011,C0483,3,8.90
2025-10-27,P018,C0174,2,24.75
2025-07-06,P002,C0473,1,12.50
2025-09-28,P015,C0089,2,49.90
2025-09-20,P013,C0229,5,24.75
2025-02-03,P001,C0012,3,49.90
2025-11-17,P020,C0384,3,49.90
2025-08-19,P009,C0286,3,12.50
2025-07-26,P004,C0391,3,24.75
2025-03-14,P006,C0017,1,19.99
2025-04-29,P016,C0303,3,12.50
2025-11-25,P010,C0246,1,24.75
2025-12-01,P006,C0085,1,8.90
2025-11-21,P016,C0489,2,35.00
2025-07-09,P006,C0370,2,49.90
2025-02-22,P010,C0245,1,79.00
2025-07-08,P001,C0368,1,79.00
2025-08-09,P008,C0433,5,79.00
2025-05-23,P009,C0084,2,12.50
2025-02-27,,C0432,1,24.75
2025-07-15,P016,C0376,10,35.00
2025-06-06,P009,C0021,4,19.99
2025-06-24,P013,C0035,10,12.50
2025-05-26,P009,C0497,4,8.90
2025-02-08,P016,C0003,5,19.99
2025-01-30,P015,C0271,10,24.75
2025-05-10,P010,C0210,2,19.99
2025-11-28,P020,C0288,3,8.90
2025-09-19,P003,C0037,2,8.90
2025-04-24,P016,C0227,1,79.00
2025-11-29,P001,C0246,1,12.50
2025-06-05,P005,C0024,2,24.75
2025-11-07,P009,C0500,2,19.99
2025-01-28,P006,C0032,5,79.00
2025-05-19,P015,C0069,3,8.90
2025-05-21,P009,C0350,4,79.00
2025-06-19,P005,C0441,2,19.99
2025-10-03,P012,C0112,2,79.00
2025-09-06,P005,C0003,2,8.90
2025-08-18,P011,C0215,2,35.00
2025-05-23,P006,C0340,1,19.99
2025-11-16,P019,C0407,10,12.50
2025-12-31,P004,C0388,20,12.50
2025-01-25,P013,C0322,2,24.75
2025-06-21,P015,C0484,5,12.50
2025-03-11,P019,C0022,1,35.00
2025-01-02,P004,C0173,1,24.75
2025-02-22,P004,C0331,3,24.75
2025-11-06,P016,C0083,2,35.00
2025-11-29,P019,C0493,3,19.99
2025-12-18,P014,C0359,1,8.90
2025-08-13,P014,C0105,3,35.00
2025-02-03,P018,C0100,10,12.50
2025-05-23,P009,C0167,3,12.50
2025-07-16,P009,C0025,3,49.90
2025-06-26,P017,C0021,4,8.90
2025-06-10,P016,C0192,2,19.99
2025-02-01,P004,C0312,2,12.50
2025-07-22,P019,C0337,10,8.90
2025-08-26,P007,C0244,1,79.00
2025-01-30,P017,C0369,1,8.90
2025-11-12,P013,C0030,3,49.90
2025-09-13,P008,C0015,2,8.90
2025-12-06,P020,C0406,2,79.00
2025-06-17,P010,C0323,4,49.90
2025-12-24,P011,C0177,3,79.00
2025-10-11,P016,C0058,3,24.75
2025-05-09,P007,C0479,20,79.00
2025-05-30,P012,C0452,4,79.00
2025-10-14,P002,C0154,5,49.90
2025-04-08,P008,C0471,3,49.90
2025-06-12,P004,C0339,3,49.90
2025-05-20,P007,C0238,1,35.00
2025-04-09,P002,C0393,20,49.90
2025-11-02,P014,C0337,5,35.00
2025-10-30,P008,C0130,5,24.75
2025-07-22,P004,C0351,2,35.00
2025-06-07,P020,C0458,5,12.50
2025-11-10,P006,C0332,4,79.00
2025-11-25,P005,C0328,3,8.90
2025-06-25,P002,C0298,1,8.90
2025-09-01,P008,C0108,3,49.90
2025-12-19,P020,C0440,1,8.90
2025-08-13,P002,C0368,4,79.00
2025-07-28,P018,C0159,5,24.75
2025-11-04,P006,C0392,4,12.50
2025-01-09,P017,C0394,2,24.75
2025-03-24,P013,C0059,3,12.50
2025-10-27,P014,C0237,2,35.00
2025-02-21,P010,C0121,2,79.00
2025-10-25,P012,C0027,4,79.00
2025-09-13,P020,C0086,3,8.90
2025-10-17,P005,C0499,2,24.75
2025-10-15,P013,C0180,4,35.00
2025-07-10,P008,C0098,1,8.90
2025-08-27,P017,C0478,1,24.75
2025-03-06,P001,C0344,1,79.00
2025-09-21,P009,C0276,5,35.00
2025-11-24,P007,C0108,5,24.75
2025-09-26,P002,C0426,3,19.99
2025-05-04,P001,C0289,1,8.90
2025-03-25,P010,C0441,5,24.75
2025-12-14,P019,C0484,1,79.00
2025-08-20,P013,C0070,4,79.00
2025-04-07,P012,C0076,1,8.90
2025-01-19,P015,C0353,2,8.90
2025-05-21,P011,C0028,4,79.00
2025-07-26,P018,C0048,3,24.75
2025-03-03,P006,C0315,2,79.00
2025-02-17,P007,C0153,1,19.99
2025-07-09,P011,C0395,5,35.00
2025-09-07,P009,C0144,1,12.50
2025-10-10,P005,C0374,1,79.00
2025-07-04,P018,C0351,1,8.90
2025-09-23,P012,C0181,1,35.00
2025-07-07,P016,C0295,5,8.90
2025-10-10,P019,C0151,2,12.50
2025-01-26,P003,C0176,1,8.90
2025-12-28,P014,C0218,3,35.00
2025-07-06,P015,C0497,3,24.75
2025-10-23,P016,C0016,5,49.90
2025-12-30,P018,C0304,3,49.90
2025-06-14,P007,C0208,2,49.90
2025-05-18,P005,C0021,5,79.00
2025-02-08,P003,C0448,2,12.50
2025-03-28,P008,C0255,2,24.75
2025-09-03,P011,C0049,3,79.00
2025-10-25,P017,C0061,3,35.00
2025-06-20,P002,C0103,5,49.90
2025-04-29,P011,C0140,4,8.90
2025-07-04,P006,C0333,3,12.50
2025-12-14,P002,C0221,3,8.90
2025-01-31,P012,C0359,2,24.75
2025-11-21,P019,C0004,5,79.00
2025-01-17,P010,C0022,3,24.75
2025-03-21,P007,C0451,4,8.90
2025-04-29,P004,C0294,2,49.90
2025-03-29,P006,C0437,20,49.90
2025-12-07,P016,C0229,3,12.50
2025-04-24,P001,C0167,10,49.90
2025-08-11,P002,C0449,4,35.00
2025-10-27,P003,C0312,4,24.75
2025-08-24,P017,C0334,1,35.00
2025-06-15,P018,C0237,1,35.00
2025-01-13,P013,C0171,5,79.00
2025-12-31,P002,C0209,1,35.00
2025-08-25,P013,C0320,2,19.99
2025-10-23,P020,C0408,5,35.00
2025-06-20,P004,C0317,1,8.90
2025-08-14,P017,C0087,3,8.90
2025-04-15,P016,C0042,2,79.00
2025-09-04,P017,C0256,1,12.50
2025-10-19,P018,C0308,4,8.90
2025-08-10,P002,C0379,5,19.99
2025-01-28,P008,C0229,2,35.00
2025-08-02,P017,C0228,10,24.75
2025-08-23,P017,C0356,5,12.50
2025-05-26,P011,C0004,3,8.90
2025-02-17,P010,C0494,1,12.50
2025-04-18,P012,C0101,5,35.00
2025-06-01,P007,C0149,3,12.50
2025-02-17,P015,C0443,4,24.75
2025-02-10,P012,C0342,2,19.99
2025-10-06,P010,C0111,3,79.00
2025-10-16,P020,C0467,4,49.90
2025-05-17,P015,C0271,5,19.99
2025-03-18,P005,C0298,20,35.00
2025-06-27,P004,C0281,2,12.50
2025-11-03,P014,C0112,1,8.90
2025-09-20,P016,C0137,10,79.00
2025-02-26,P002,C0006,5,8.90
2025-06-02,P019,C0330,5,24.75
2025-02-04,P006,C0253,3,35.00
2025-07-19,P017,C0170,1,8.90
2025-04-08,P005,C0086,5,8.90
2025-03-02,P011,C0027,1,8.90
2025-04-09,P003,C0118,4,19.99
2025-12-09,P008,C0094,3,24.75
2025-10-05,P014,C0169,4,12.50
2025-11-30,P007,C0200,10,35.00
2025-09-30,P015,C0117,5,35.00
2025-01-19,P006,C0280,4,12.50
2025-02-02,P016,C0283,1,35.00
2025-10-06,P001,C0280,1,49.90
2025-05-28,P013,C0007,1,19.99
2025-09-30,P011,C0402,1,12.50
2025-02-02,P014,C0142,1,19.99
2025-11-08,P006,C0449,3,12.50
2025-06-29,P005,C0091,0,19.99
2025-11-18,P020,C0496,10,8.90
2025-07-28,P010,C0253,2,35.00
2025-05-25,P017,C0206,1,24.75
2025-05-27,P016,C0229,5,12.50
2025-02-23,P009,C0242,-2,49.90
2025-10-02,P012,C0210,1,19.99
2025-02-22,P005,C0243,3,35.00
2025-03-17,P020,C0040,4,35.00
2025-04-21,P002,C0186,2,12.50
2025-06-26,P012,C0317,10,79.00
2025-03-13,P012,C0105,2,35.00
2025-12-05,P017,C0179,3,19.99
2025-12-11,P002,C0013,4,24.75
2025-04-18,P003,C0286,3,49.90
2025-08-18,P003,C0380,3,12.50
2025-09-13,P010,C0485,2,79.00
2025-03-19,P017,C0413,2,49.90
2025-03-02,P003,C0367,1,19.99
2025-02-11,P008,C0202,20,19.99
2025-07-07,P016,C0236,1,8.90
2025-07-19,P012,C0135,4,35.00
2025-09-01,P016,C0257,1,8.90
2025-11-21,P002,C0343,1,19.99
2025-10-24,P002,C0355,5,35.00
2025-05-29,P019,C0330,4,49.90
2025-11-27,P005,C0147,5,8.90
2025-10-06,P001,C0246,3,79.00
2025-01-04,P012,C0034,5,24.75
2025-04-23,P017,C0236,2,19.99
2025-11-23,P006,C0134,4,19.99
2025-10-15,P011,C0017,3,35.00
2025-01-11,P011,C0162,1,12.50
2025-09-14,P006,C0216,10,24.75
2025-04-11,P015,C0238,2,19.99
2025-02-01,P015,C0105,2,12.50
2025-07-19,P007,C0137,1,19.99
2025-01-07,P004,C0355,3,49.90
2025-02-28,P015,C0214,4,49.90
2025-10-12,P003,C0146,4,49.90
2025-03-22,P005,C0358,3,49.90
2025-05-27,P019,C0204,5,49.90
2025-07-03,P019,C0007,1,79.00
2025-04-07,P017,C0399,2,12.50
2025-03-06,P012,C0173,1,12.50
2025-11-11,P008,C0373,4,35.00
2025-01-06,P009,C0176,3,24.75
2025-07-23,P019,C0330,1,19.99
2025-01-23,P009,C0488,1,79.00
2025-12-28,P013,C0233,3,12.50
2025-06-01,P014,C0033,5,19.99
2025-01-04,P010,C0446,1,19.99
2025-11-19,P010,C0491,1,12.50
2025-01-30,P005,C0423,10,24.75
2025-08-22,P013,C0083,1,8.90
2025-10-18,P019,C0001,3,19.99
2025-01-13,P011,C0373,10,49.90
2025-01-27,P011,C0465,1,12.50
2025-04-29,P004,C0042,4,19.99
2025-07-05,P018,C0160,3,49.90
2025-09-06,P010,C0047,10,12.50
2025-05-02,P005,C0249,5,19.99
2025-12-26,P016,C0453,1,12.50
2025-12-11,P014,C0456,4,19.99
2025-01-05,P017,C0420,1,24.75
2025-12-08,P004,C0221,3,24.75
2025-09-24,P006,C0481,3,12.50
2025-04-13,P020,C0439,3,19.99
2025-06-17,P007,C0365,10,49.90
2025-05-16,P008,C0068,5,35.00
2025-01-25,P002,C0075,20,24.75
2025-12-28,P020,C0173,5,8.90
2025-04-30,P009,C0332,4,19.99
2025-04-11,P005,C0303,3,8.90
2025-04-19,P019,C0122,1,12.50
2025-01-20,P014,C0457,4,49.90
2025-12-01,P020,C0457,2,35.00
2025-06-10,P001,C0135,5,8.90
2025-01-12,P018,C0169,1,19.99
2025-09-12,P016,C0156,2,12.50
2025-04-25,P010,C0207,5,12.50
2025-06-27,P007,C0251,1,8.90
2025-09-09,P005,C0342,1,12.50
2025-11-11,P012,C0050,20,19.99
2025-10-04,P007,C0016,2,35.00
2025-08-20,P014,C0038,3,49.90
2025-01-22,P011,C0260,1,19.99
2025-10-02,P003,C0228,3,8.90
2025-10-28,P001,C0323,5,79.00
2025-11-14,P016,C0378,4,49.90
2025-12-29,P020,C0149,3,49.90
2025-06-20,P020,C0087,2,79.00
2025-07-04,P019,C0318,2,79.00
2025-02-18,P006,C0345,5,24.75
2025-07-02,P017,C0353,1,35.00
2025-05-20,P004,C0240,5,8.90
2025-12-13,P006,C0082,-2,24.75
2025-01-25,P010,C0342,10,24.75
2025-05-11,P003,C0076,3,19.99
2025-07-05,P004,C0436,2,79.00
2025-04-30,P003,C0150,1,35.00
2025-04-08,P002,C0089,3,49.90
2025-01-02,P007,C0392,2,49.90
2025-05-16,P012,C0173,1,24.75
2025-01-12,P005,C0323,3,19.99
2025-11-20,P017,C0264,5,8.90
2025-01-01,P007,C0278,2,35.00
2025-02-01,P010,C0104,4,12.50
2025-11-13,P020,C0026,1,19.99
2025-12-28,P018,C0018,1,24.75
2025-12-11,P017,C0433,5,49.90
2025-12-28,P015,C0131,3,12.50
2025-02-18,P010,C0032,2,24.75
2025-04-25,P006,C0287,1,12.50
2025-05-09,P008,C0426,2,8.90
2025-03-02,P011,C0034,3,8.90
2025-08-16,P004,C0001,5,8.90
2025-02-06,P016,C0061,20,35.00
2025-04-29,P018,C0293,2,12.50
2025-10-17,P013,C0161,2,12.50
2025-08-23,P020,C0128,0,35.00
2025-12-06,P003,C0297,2,12.50
2025-11-03,P015,C0318,1,79.00
2025-06-18,P003,C0400,2,49.90
2025-05-11,P004,C0420,5,24.75
2025-10-20,P012,C0022,10,79.00
2025-10-11,P013,C0284,1,12.50
2025-08-21,P007,C0344,1,49.90
2025-03-19,P009,C0183,1,49.90
2025-12-02,,C0034,2,12.50
2025-05-30,P017,C0410,4,49.90
2025-12-01,P003,C0302,1,12.50
2025-03-12,P018,C0114,2,35.00
2025-04-18,P008,C0369,1,79.00
2025-08-12,P005,C0062,3,49.90
2025-03-08,P010,C0099,4,35.00
2025-11-07,P016,C0207,2,24.75
2025-11-17,P018,C0081,3,19.99
2025-12-30,P016,C0457,3,24.75
2025-10-27,P013,C0375,4,8.90
2025-10-28,P001,C0434,4,79.00
2025-08-15,P020,C0353,1,8.90
2025-11-01,P010,C0277,4,8.90
2025-11-04,P006,C0261,10,24.75
2025-03-13,P017,C0443,2,8.90
2025-12-30,P015,C0068,4,24.75
2025-01-04,P014,C0338,2,79.00
2025-10-02,P010,C0432,3,24.75
2025-09-05,P010,C0113,3,19.99
2025-04-23,P008,C0047,5,79.00
2025-06-18,P019,C0227,2,24.75
2025-11-30,P020,C0110,1,19.99
2025-11-04,P007,C0058,5,35.00
2025-11-16,P015,C0479,2,8.90
2025-05-28,P012,C0489,5,35.00
2025-12-06,P012,C0351,1,19.99
2025-06-09,P016,C0006,2,24.75
2025-06-24,P015,C0315,10,79.00
2025-04-05,P020,C0204,2,79.00
2025-05-26,P009,C0249,1,79.00
2025-07-15,P002,C0401,4,35.00
2025-05-30,P002,C0167,2,12.50
2025-05-29,P002,C0186,4,35.00
2025-03-08,P004,C0457,-2,24.75
2025-04-17,P006,C0421,-2,35.00
2025-06-02,P001,C0165,1,49.90
2025-12-06,P009,C0340,1,49.90
2025-04-13,P018,C0438,10,12.50
2025-05-01,P009,C0293,1,8.90
2025-02-14,P015,C0016,2,8.90
2025-04-13,P007,C0295,5,19.99
2025-08-19,P009,C0398,2,49.90
2025-04-08,P013,C0157,3,19.99
2025-01-28,P001,C0337,2,19.99
2025-03-29,P011,C0238,3,12.50
2025-10-01,P007,C0077,3,24.75
2025-06-26,P012,C0013,2,19.99
2025-07-30,P013,C0363,3,19.99
2025-07-19,P004,C0236,5,49.90
2025-04-10,P018,C0281,1,24.75
2025-07-09,P017,C0494,3,8.90
2025-05-14,P016,C0026,4,8.90
2025-09-23,P006,C0364,2,24.75
2025-03-18,P002,C0451,5,12.50
2025-05-05,P006,C0028,2,79.00
2025-11-17,P012,C0353,1,8.90
2025-02-20,P010,C0407,20,35.00
2025-02-07,P007,C0208,3,19.99
2025-10-10,P001,C0361,5,79.00
2025-06-15,P007,C0474,1,49.90
2025-10-30,P001,C0065,4,49.90
2025-06-15,P008,C0271,2,19.99
2025-02-13,P017,C0164,1,12.50
2025-12-14,P009,C0482,4,24.75
2025-11-28,P014,C0281,4,49.90
2025-05-26,P015,C0065,2,24.75
2025-05-14,P005,C0281,3,79.00
2025-12-27,P019,C0135,1,8.90
2025-10-11,P002,C0461,0,79.00
2025-08-27,P017,C0327,20,49.90
2025-05-25,P010,C0071,2,49.90
2025-07-18,P019,C0427,1,8.90
2025-09-08,P012,C0463,2,24.75
2025-06-09,P011,C0220,1,49.90
2025-10-30,P013,C0407,3,8.90
2025-04-16,P004,C0489,1,24.75
2025-03-07,P011,C0326,4,49.90
2025-06-25,P016,C0134,1,79.00
2025-07-24,P017,C0271,2,19.99
2025-10-05,P002,C0125,1,12.50
2025-10-08,P003,C0183,1,49.90
2025-11-13,P003,C0087,5,19.99
2025-01-24,P008,C0313,3,12.50
2025-04-23,P013,C0289,3,19.99
2025-02-14,P015,C0246,4,19.99
2025-12-19,P013,C0382,2,8.90
2025-08-26,P003,C0398,2,49.90
2025-05-15,P007,C0366,3,49.90
2025-09-19,P019,C0441,1,8.90
2025-06-24,P004,C0326,1,12.50
2025-02-03,P018,C0340,3,35.00
2025-10-17,P014,C0061,20,79.00
2025-12-20,P010,C0356,20,24.75
2025-03-08,P005,C0214,3,49.90
2025-04-20,P004,C0473,3,19.99
2025-10-01,P016,C0028,1,24.75
2025-03-11,P015,C0019,2,12.50
2025-05-20,P020,C0493,2,24.75
2025-09-15,P009,C0103,10,24.75
2025-02-07,P010,C0019,3,79.00
2025-10-04,P003,C0456,3,19.99
2025-08-25,P020,C0290,3,8.90
2025-07-10,P003,C0261,2,24.75
2025-08-27,P017,C0121,1,49.90
2025-03-12,P014,C0118,5,24.75
2025-12-06,P002,C0340,5,8.90
2025-12-26,P003,C0140,2,19.99
2025-08-20,P012,C0269,4,49.90
2025-02-12,P007,C0348,3,12.50
2025-07-29,P019,C0239,5,19.99
2025-03-22,P010,C0415,1,24.75
2025-04-08,P020,C0379,2,24.75
2025-11-12,P005,C0439,2,35.00
2025-05-08,P003,C0365,5,49.90
2025-05-18,P003,C0218,3,19.99
2025-06-21,P013,C0083,2,19.99
2025-04-25,P010,C0428,5,19.99
2025-07-01,P008,C0428,2,79.00
2025-12-17,P016,C0387,1,19.99
2025-04-09,P010,C0466,3,79.00
2025-07-18,P009,C0029,3,35.00
2025-12-13,P012,C0450,2,24.75
2025-11-14,P009,C0369,1,8.90
2025-02-07,P006,C0207,3,24.75
2025-08-27,P008,C0083,2,12.50
2025-03-02,P011,C0271,2,35.00
2025-02-20,P006,C0072,2,79.00
2025-11-04,P001,C0227,10,35.00
2025-11-20,P010,C0385,3,49.90
2025-02-14,P009,C0498,10,35.00
2025-04-19,P011,C0280,1,35.00
2025-09-15,P002,C0087,10,19.99
2025-09-11,P005,C0498,2,8.90
2025-08-22,P009,C0417,1,8.90
2025-12-06,P004,C0435,2,49.90
2025-01-18,P017,C0377,4,24.75
2025-02-05,P003,C0063,3,19.99
2025-05-23,P008,C0115,1,35.00
2025-06-09,P018,C0317,1,24.75
2025-12-11,P017,C0171,1,8.90
2025-11-13,P015,C0043,2,49.90
2025-11-28,P004,C0377,1,49.90
2025-10-19,P019,C0326,2,8.90
2025-09-11,P006,C0280,1,49.90
2025-10-27,P010,C0474,1,19.99
2025-12-28,P017,C0312,3,8.90
2025-06-10,P019,C0053,5,8.90
2025-05-12,P006,C0144,1,8.90
2025-05-21,P007,C0134,2,8.90
2025-07-02,P003,C0242,1,12.50
2025-02-01,P001,C0015,2,12.50
2025-11-25,P008,C0230,10,24.75
2025-01-03,P020,C0102,5,79.00
2025-05-13,P013,C0205,3,19.99
2025-07-07,P011,C0257,10,35.00
2025-03-04,P009,C0498,1,19.99
2025-10-13,P015,C0349,1,19.99
2025-03-24,P001,C0273,4,35.00
2025-12-23,P015,C0307,1,8.90
2025-08-16,P014,C0338,4,19.99
2025-09-02,P003,C0300,2,79.00
2025-08-28,P017,C0372,4,79.00
2025-03-22,P016,C0267,2,49.90
2025-03-15,P013,C0400,2,12.50
2025-04-08,P020,C0140,5,8.90
2025-08-29,P001,C0181,5,19.99
2025-04-23,P012,C0283,2,49.90
2025-05-04,P007,C0388,2,79.00
2025-02-13,P014,C0220,5,24.75
2025-05-12,P008,C0227,3,35.00
2025-11-06,P009,C0109,2,19.99
2025-03-24,P011,C0125,1,19.99
2025-01-29,P009,C0242,2,49.90
2025-03-14,P006,C0215,2,24.75
2025-02-15,P013,C0189,5,8.90
2025-11-27,P019,C0486,3,12.50
2025-09-10,P008,C0382,1,79.00
2025-07-15,P002,C0488,2,49.90
2025-08-30,P017,C0223,4,19.99
2025-01-15,P017,C0173,10,24.75
2025-02-13,P005,C0096,2,49.90
2025-08-04,P020,C0130,2,19.99
2025-07-13,P020,C0037,5,24.75
2025-07-08,P019,C0283,0,49.90
2025-11-06,P017,C0068,2,12.50
2025-04-17,P013,C0214,2,8.90
2025-06-02,P003,C0195,2,19.99
2025-06-07,P010,C0144,10,19.99
2025-05-25,P013,C0054,4,79.00
2025-11-26,P012,C0478,1,35.00
2025-08-14,P016,C0171,3,12.50
2025-09-14,P017,C0356,3,24.75
2025-01-06,P019,C0425,1,12.50
2025-12-01,P011,C0266,5,49.90
2025-06-08,P007,C0052,1,24.75
2025-01-19,P015,C0443,2,49.90
2025-08-05,P006,C0369,1,24.75
2025-01-14,P006,C0073,2,12.50
2025-04-04,P009,C0321,3,8.90
2025-01-17,P008,C0428,5,12.50
2025-10-17,P006,C0144,3,19.99
2025-02-08,P007,C0429,2,19.99
2025-02-15,P004,C0025,10,79.00
2025-07-28,P014,C0225,4,19.99
2025-06-21,P016,C0102,5,19.99
2025-10-11,P008,C0425,2,49.90
2025-02-20,P013,C0209,10,8.90
2025-07-25,P009,C0296,3,19.99
2025-11-13,P009,C0283,1,24.75
2025-02-14,P020,C0021,3,24.75
2025-01-29,P016,C0023,2,8.90
2025-11-20,P016,C0031,1,24.75
2025-05-09,P018,C0085,3,8.90
2025-02-13,P014,C0259,1,35.00
2025-08-15,P005,C0191,1,35.00
2025-07-07,P014,C0201,5,8.90
2025-10-13,P013,C0080,1,35.00
2025-05-11,P020,C0348,5,24.75
2025-12-11,P007,C0023,2,19.99
2025-12-19,P001,C0153,1,12.50
2025-01-29,P001,C0421,3,24.75
2025-02-12,P001,C0343,1,19.99
2025-10-09,P003,C0074,5,24.75
2025-04-12,P005,C0370,2,79.00
2025-09-29,P006,C0300,3,49.90
2025-04-22,P001,C0118,2,79.00
2025-10-12,P019,C0328,1,49.90
2025-08-25,P003,C0364,2,35.00
2025-07-27,P015,C0345,2,49.90
2025-05-15,P007,C0054,5,8.90
2025-04-08,P011,C0455,4,19.99
2025-05-13,P005,C0149,10,79.00
2025-10-01,P019,C0401,5,8.90
2025-06-17,P007,C0457,1,49.90
2025-10-13,P002,C0284,10,19.99
2025-08-30,P017,C0211,1,8.90
2025-03-06,P016,C0008,4,19.99
2025-04-23,P018,C0325,5,24.75
2025-12-13,P010,C0281,2,24.75
2025-09-28,P017,C0111,1,24.75
2025-02-02,P013,C0024,3,79.00
2025-07-02,P007,C0221,5,8.90
2025-09-06,P012,C0304,3,79.00
2025-06-15,P018,C0428,4,49.90
2025-01-25,P002,C0224,10,19.99
2025-11-07,P007,C0251,1,19.99
2025-06-14,P007,C0442,3,79.00
2025-06-16,P008,C0052,1,8.90
2025-02-28,P012,C0446,3,19.99
2025-06-07,P020,C0091,1,8.90
2025-04-18,P001,C0418,2,79.00
2025-04-23,P010,C0312,3,35.00
2025-06-19,P001,C0132,1,35.00
2025-02-07,P005,C0437,3,35.00
2025-07-10,P009,C0129,5,19.99
2025-01-08,P005,C0449,10,24.75
2025-08-29,P011,C0040,1,49.90
2025-03-30,P011,C0312,2,12.50
2025-08-02,P013,C0093,2,49.90
2025-10-14,P001,C0239,2,19.99
2025-06-24,P009,C0425,3,24.75
2025-03-22,P005,C0351,1,49.90
2025-11-12,P011,C0474,2,12.50
2025-07-09,P010,C0078,5,19.99
2025-05-04,P005,C0015,2,12.50
2025-08-10,P001,C0108,4,79.00
2025-04-01,P017,C0383,3,49.90
2025-10-04,P018,C0009,3,35.00
2025-01-19,P014,C0423,5,12.50
2025-08-14,P016,C0119,1,19.99
2025-12-28,P017,C0296,4,79.00
2025-03-12,P006,C0314,1,79.00
2025-06-04,P016,C0490,10,8.90
2025-05-23,P007,C0385,1,8.90
2025-08-03,P006,C0262,4,12.50
2025-06-14,P004,C0331,2,24.75
2025-06-28,P016,C0229,1,12.50
2025-11-04,P008,C0274,5,12.50
2025-08-07,P014,C0392,1,49.90
2025-07-06,P004,C0243,2,12.50
2025-07-10,P012,C0394,10,49.90
2025-11-07,P012,C0228,5,35.00
2025-04-23,P001,C0392,3,12.50
2025-07-22,P005,C0289,4,12.50
2025-07-01,P002,C0219,3,8.90
2025-07-23,P015,C0425,5,35.00
2025-03-22,P019,C0205,3,35.00
2025-10-28,P008,C0315,3,35.00
2025-03-31,P007,C0302,3,24.75
2025-06-14,P015,C0105,5,8.90
2025-02-13,P012,C0016,1,49.90
2025-11-28,P001,C0440,3,79.00
2025-10-13,P005,C0220,1,35.00
2025-02-11,P016,C0452,2,19.99
2025-08-29,P003,C0276,2,35.00
2025-02-21,P018,C0258,2,49.90
2025-11-18,P001,C0311,2,8.90
2025-06-28,P001,C0135,4,8.90
2025-03-22,P019,C0008,5,19.99
2025-05-10,P003,C0191,2,35.00
2025-07-21,P012,C0492,1,35.00
2025-06-23,P007,C0296,2,79.00
2025-05-19,P003,C0042,5,19.99
2025-06-24,P001,C0374,5,49.90
2025-10-15,P007,C0158,5,24.75
2025-11-06,P013,C0195,1,8.90
2025-10-17,P018,C0197,1,12.50
2025-08-08,P011,C0478,3,79.00
2025-07-13,P020,C0476,1,79.00
2025-10-15,P009,C0363,2,19.99
2025-10-02,P012,C0164,4,24.75
2025-11-17,P017,C0162,5,24.75
2025-07-24,P017,C0317,1,49.90
2025-04-04,P013,C0053,1,35.00
2025-07-22,P007,C0382,5,79.00
2025-01-06,P012,C0199,1,19.99
2025-11-27,P017,C0442,20,35.00
2025-01-02,P019,C0027,2,19.99
2025-08-27,P009,C0179,2,24.75
2025-09-25,P003,C0380,1,8.90
2025-09-21,P011,C0435,2,79.00
2025-04-01,P008,C0120,3,12.50
2025-02-09,P002,C0081,2,19.99
2025-04-30,P017,C0348,3,19.99
2025-06-21,P003,C0418,5,79.00
2025-04-11,P010,C0446,2,19.99
2025-03-02,P003,C0302,3,24.75
2025-02-26,P016,C0388,3,12.50
2025-08-17,P003,C0263,2,35.00
2025-12-23,P002,C0053,1,35.00
2025-12-28,P005,C0424,4,24.75
2025-03-12,P019,C0192,3,49.90
2025-11-05,P006,C0085,3,35.00
2025-01-14,P009,C0331,1,24.75
2025-01-27,P014,C0018,4,8.90
2025-05-27,P002,C0384,3,19.99
2025-11-02,P011,C0446,3,12.50
2025-04-16,P018,C0432,4,49.90
2025-04-02,P013,C0220,3,35.00
2025-01-22,P001,C0449,1,35.00
2025-11-07,P008,C0138,4,35.00
2025-04-24,P009,C0374,5,12.50
2025-03-11,P018,C0286,1,24.75
2025-12-01,P015,C0185,2,19.99
2025-10-13,P020,C0461,2,24.75
2025-07-24,P005,C0070,4,35.00
2025-12-30,P015,C0060,10,8.90
2025-04-03,P017,C0357,2,12.50
2025-06-20,P019,C0224,5,79.00
2025-05-22,P015,C0448,1,19.99
2025-12-03,P005,C0140,1,35.00
2025-08-05,P005,C0108,2,49.90
2025-12-07,P012,C0429,2,35.00
2025-03-28,P002,C0461,4,12.50
2025-09-07,P009,C0442,1,35.00
2025-04-20,P016,C0086,1,35.00
2025-12-03,P015,C0314,1,49.90
2025-07-18,P007,C0270,2,12.50
2025-08-30,P010,C0226,1,19.99
2025-03-20,P014,C0080,3,8.90
2025-10-06,P005,C0144,4,19.99
2025-12-24,P010,C0198,3,19.99
2025-08-02,P018,C0289,2,19.99
2025-07-03,P007,C0443,3,35.00
2025-07-01,P011,C0189,1,19.99
2025-10-11,P012,C0080,3,35.00
2025-06-30,P003,C0141,1,49.90
2025-09-08,P012,C0387,3,79.00
2025-01-12,P018,C0477,1,35.00
2025-06-09,P019,C0159,1,8.90
2025-07-06,P010,C0294,2,35.00
2025-05-06,P020,C0275,1,49.90
2025-11-03,P007,C0215,2,19.99
2025-08-05,P008,C0121,1,8.90
2025-06-15,P005,C0037,3,49.90
2025-01-14,P012,C0225,10,35.00
2025-02-28,P013,C0029,10,12.50
2025-06-06,P012,C0416,5,35.00
2025-11-04,P012,C0140,2,19.99
2025-09-07,P004,C0225,2,35.00
2025-10-20,P009,C0160,2,8.90
2025-04-12,P015,C0481,3,19.99
2025-05-09,P015,C0485,3,24.75
2025-06-24,P018,C0429,2,79.00
2025-04-22,P008,C0340,5,12.50
2025-02-08,P008,C0413,2,12.50
2025-06-22,P019,C0298,4,35.00
2025-05-28,P016,C0033,3,49.90
2025-08-21,P012,C0017,1,49.90
2025-04-10,P001,C0102,1,35.00
2025-01-09,P016,C0417,3,49.90
2025-06-26,P017,C0161,1,24.75
2025-02-05,P005,C0063,4,35.00
2025-02-28,P017,C0088,3,8.90
2025-01-05,P001,C0067,20,79.00
2025-07-23,P007,C0362,5,19.99
2025-10-28,P007,C0141,5,79.00
2025-06-30,P016,C0333,3,8.90
2025-10-05,P004,C0213,5,12.50
2025-09-12,P003,C0471,2,35.00
2025-08-25,P018,C0061,4,79.00
2025-09-22,P010,C0459,1,24.75
2025-01-22,P002,C0125,3,35.00
2025-09-14,P011,C0416,1,12.50
2025-08-11,P009,C0144,4,79.00
2025-06-12,P013,C0009,10,24.75
2025-05-11,P015,C0010,2,8.90
2025-04-21,P003,C0269,3,24.75
2025-11-06,P009,C0411,2,12.50
2025-07-13,P015,C0104,2,35.00
2025-06-13,P006,C0104,1,19.99
2025-02-28,P020,C0227,1,19.99
2025-09-06,P005,C0277,3,24.75
2025-10-21,P016,C0094,-2,8.90
2025-08-29,P014,C0103,20,19.99
2025-12-28,P009,C0427,10,35.00
2025-01-08,P004,C0411,1,24.75
2025-01-04,P007,C0319,2,49.90
2025-03-30,P017,C0180,10,35.00
2025-06-15,P008,C0192,2,24.75
2025-12-12,P019,C0156,2,8.90
2025-04-19,P012,C0257,1,49.90
2025-12-28,P001,C0302,10,8.90
2025-02-23,P012,C0218,20,79.00
2025-08-26,P017,C0200,2,8.90
2025-03-30,P020,C0466,1,49.90
2025-12-18,P017,C0346,1,35.00
2025-06-04,P018,C0279,5,19.99
2025-10-11,P016,C0107,0,24.75
2025-11-21,P003,C0282,5,35.00
2025-08-10,P008,C0422,5,79.00
2025-07-24,P013,C0118,2,8.90
2025-02-17,P002,C0441,3,49.90
2025-11-12,P017,C0431,10,49.90
2025-06-16,P011,C0341,10,8.90
2025-12-12,P001,C0233,4,8.90
2025-12-07,P013,C0409,1,19.99
2025-10-02,P007,C0319,4,49.90
2025-04-13,P010,C0415,1,19.99
2025-12-25,P006,C0031,2,8.90
2025-08-03,P011,C0065,1,12.50
2025-03-11,P002,C0132,10,8.90
2025-06-13,P004,C0098,2,49.90
2025-05-13,P016,C0300,3,79.00
2025-03-16,P011,C0030,3,49.90
2025-08-03,P016,C0170,1,24.75
2025-07-29,P013,C0078,2,19.99
2025-05-11,P016,C0167,1,19.99
2025-08-07,P005,C0419,1,35.00
2025-02-18,P016,C0123,3,35.00
2025-10-07,P006,C0319,2,35.00
2025-11-25,P008,C0253,3,19.99
2025-01-26,P018,C0414,1,8.90
2025-01-05,P006,C0403,3,79.00
2025-06-30,P011,C0260,4,8.90
2025-01-12,P004,C0477,1,79.00
2025-10-13,P008,C0293,-2,79.00
2025-09-22,P002,C0182,3,35.00
2025-04-29,P006,C0245,3,49.90
2025-08-16,P007,C0432,1,19.99
2025-11-16,P002,C0059,1,35.00
2025-05-30,P004,C0490,-2,8.90
2025-04-24,P007,C0039,4,35.00
2025-10-01,P019,C0315,3,19.99
2025-02-17,P007,C0436,5,12.50
2025-02-28,P006,C0474,1,24.75
2025-03-21,P005,C0191,10,79.00
2025-07-06,P003,C0204,5,79.00
2025-10-18,P014,C0004,2,19.99
2025-09-18,P007,C0235,3,24.75
2025-09-14,P004,C0350,2,12.50
2025-12-15,P016,C0498,2,79.00
2025-01-29,P013,C0212,5,12.50
2025-06-22,P008,C0459,1,49.90
2025-08-08,P005,C0100,5,8.90
2025-08-28,P007,C0031,1,8.90
2025-12-06,P008,C0404,3,49.90
2025-09-24,P015,C0428,3,49.90
2025-05-06,P008,C0468,5,49.90
2025-08-08,P004,C0136,5,24.75
2025-12-13,P006,C0465,1,49.90
2025-05-21,P005,C0368,2,24.75
2025-10-21,P020,C0372,10,35.00
2025-12-08,P016,C0303,3,12.50
2025-08-07,P008,C0365,10,79.00
2025-02-10,P017,C0367,2,79.00
2025-04-29,P006,C0441,1,24.75
2025-09-05,P001,C0183,1,19.99
2025-08-20,P014,C0371,1,24.75
2025-09-11,P019,C0070,1,35.00
2025-09-06,P002,C0410,2,24.75
2025-09-10,P010,C0410,10,49.90
2025-07-28,P020,C0435,5,35.00
2025-12-01,P015,C0465,1,35.00
2025-11-16,P019,C0011,3,35.00
2025-03-04,P014,C0010,4,12.50
2025-09-29,P003,C0098,2,49.90
2025-04-23,P008,C0075,1,12.50
2025-07-16,P012,C0361,2,8.90
2025-03-21,P005,C0190,1,8.90
2025-08-11,P008,C0388,1,8.90
2025-03-26,P003,C0004,2,12.50
2025-01-30,P007,C0064,2,12.50
2025-07-14,P008,C0353,5,8.90
2025-11-09,P009,C0432,1,8.90
2025-12-11,P010,C0013,2,19.99
2025-04-26,P018,C0044,2,35.00
2025-01-22,P008,C0259,3,24.75
2025-01-02,P001,C0071,10,24.75
2025-04-09,P003,C0061,2,49.90
2025-07-08,P013,C0193,3,12.50
2025-02-12,P001,C0047,2,12.50
2025-07-22,P004,C0093,2,8.90
2025-09-26,P016,C0270,1,12.50
2025-07-02,P017,C0219,2,12.50
2025-05-08,P006,C0105,1,12.50
2025-08-20,P008,C0313,2,35.00
2025-07-11,P002,C0006,4,49.90
2025-11-10,P008,C0487,2,19.99
2025-07-08,P009,C0394,5,12.50
2025-12-13,P019,C0178,5,24.75
2025-11-06,P015,C0377,3,12.50
2025-02-25,P019,C0143,2,8.90
2025-07-27,P001,C0122,20,24.75
2025-07-28,P017,C0118,20,8.90
2025-04-16,P014,C0201,2,12.50
2025-08-23,P010,C0435,2,19.99
2025-11-08,P018,C0387,2,8.90
2025-05-28,P007,C0420,1,8.90
2025-05-20,P016,C0196,2,8.90
2025-03-26,P011,C0476,4,19.99
2025-11-14,P005,C0203,20,19.99
2025-09-04,P011,C0176,4,79.00
2025-10-17,P019,C0427,10,19.99
2025-05-22,P003,C0062,5,19.99
2025-07-25,P006,C0412,5,79.00
2025-01-02,P013,C0194,2,24.75
2025-01-15,P013,C0092,10,24.75
2025-02-02,P006,C0047,20,79.00
2025-11-25,P016,C0053,1,8.90
2025-02-28,P001,C0326,3,79.00
2025-09-07,P020,C0335,3,35.00
2025-10-12,P010,C0051,2,19.99
2025-01-12,P001,C0297,1,12.50
2025-02-06,P015,C0147,5,24.75
2025-01-28,P012,C0421,4,24.75
2025-11-26,P010,C0116,1,12.50
2025-04-11,P020,C0247,3,49.90
2025-08-31,P004,C0256,3,19.99
2025-06-02,P015,C0401,5,79.00
2025-06-28,P019,C0386,1,49.90
2025-02-17,P003,C0381,4,8.90
2025-01-13,P003,C0228,3,24.75
2025-09-23,P019,C0326,3,12.50
2025-08-10,P016,C0363,1,19.99
2025-05-19,P007,C0321,4,19.99
2025-05-15,P005,C0205,4,12.50
2025-07-27,P012,C0372,3,12.50
2025-05-11,P011,C0435,3,8.90
2025-09-13,P003,C0020,4,12.50
2025-12-25,P009,C0437,4,49.90
2025-04-23,P002,C0276,1,19.99
2025-06-22,P005,C0499,4,8.90
2025-11-03,P019,C0031,1,24.75
2025-01-24,P005,C0098,5,79.00
2025-02-16,P016,C0364,2,35.00
2025-12-04,P010,C0395,1,24.75
2025-10-08,P019,C0438,1,19.99
2025-06-03,P020,C0027,2,19.99
2025-09-22,P018,C0416,4,35.00
2025-10-26,P016,C0040,2,35.00
2025-10-14,P010,C0111,1,24.75
2025-08-06,P014,C0157,4,79.00
2025-06-17,P020,C0379,1,49.90
2025-03-23,P001,C0418,10,19.99
2025-02-12,P004,C0449,3,79.00
2025-03-03,P003,C0416,10,49.90
2025-09-13,P011,C0261,2,24.75
2025-08-08,P018,C0230,1,79.00
2025-03-06,P001,C0195,4,24.75
2025-09-18,P003,C0208,3,79.00
2025-12-27,P005,C0250,1,24.75
2025-11-15,P020,C0098,2,8.90
2025-02-20,P007,C0311,2,12.50
2025-02-04,P011,C0367,2,19.99
2025-04-01,P006,C0006,2,19.99
2025-01-04,P015,C0213,5,49.90
2025-10-01,P011,C0023,2,12.50
2025-09-03,P008,C0057,2,24.75
2025-07-14,P005,C0284,1,35.00
2025-09-21,P006,C0341,3,12.50
2025-01-20,P004,C0069,4,49.90
2025-08-09,P020,C0197,5,49.90
2025-11-24,P009,C0195,3,12.50
2025-11-20,P015,C0094,-2,19.99
2025-11-07,P020,C0039,3,79.00
2025-12-07,P013,C0056,3,12.50
2025-05-02,P015,C0314,4,12.50
2025-11-18,P014,C0489,2,8.90
2025-11-21,P006,C0161,2,24.75
2025-01-03,P006,C0217,2,12.50
2025-04-09,P007,C0234,10,49.90
2025-10-20,P012,C0217,1,79.00
2025-05-24,P005,C0348,1,35.00
2025-06-15,P013,C0168,5,12.50
2025-05-05,P011,C0475,1,8.90
2025-06-06,P018,C0444,2,19.99
2025-03-26,P014,C0032,3,49.90
2025-05-05,P018,C0113,1,12.50
2025-03-07,P017,C0243,4,8.90
2025-12-07,P008,C0358,10,19.99
2025-07-21,P014,C0043,1,79.00
2025-01-27,P014,C0081,2,35.00
2025-05-12,P017,C0162,1,79.00
2025-02-10,P008,C0188,1,24.75
2025-05-14,P017,C0487,5,19.99
2025-12-31,P010,C0348,1,49.90
2025-07-22,P014,C0118,1,12.50
2025-01-03,P013,C0016,10,35.00
2025-06-20,P010,C0101,2,19.99
2025-10-13,P005,C0076,5,12.50
2025-02-22,P012,C0337,3,24.75
2025-10-16,P013,C0432,2,8.90
2025-02-11,P018,C0468,4,12.50
2025-05-16,P002,C0468,1,24.75
2025-08-28,P009,C0189,1,19.99
2025-11-17,P005,C0181,1,24.75
2025-09-20,P018,C0051,1,24.75
2025-09-24,P011,C0203,4,35.00
2025-04-28,P019,C0241,1,8.90
2025-03-31,P006,C0474,3,8.90
2025-02-23,P005,C0464,5,35.00
2025-07-06,P018,C0035,3,35.00
2025-06-17,P014,C0073,1,19.99
2025-09-12,P011,C0370,5,19.99
2025-08-05,P003,C0304,5,24.75
2025-02-28,P011,C0217,10,79.00
2025-01-14,P018,C0028,1,19.99
2025-09-14,P011,C0368,4,49.90
2025-01-05,P009,C0240,2,8.90
2025-10-24,P010,C0023,1,8.90
2025-09-17,P004,C0158,10,35.00
2025-04-05,P004,C0275,4,12.50
2025-02-20,P010,C0276,2,8.90
2025-11-13,P010,C0441,3,79.00
2025-01-04,P010,C0195,4,19.99
2025-07-11,P013,C0489,4,19.99
2025-02-23,P001,C0331,4,35.00
2025-08-29,P004,C0103,4,24.75
2025-06-12,P005,C0390,2,24.75
2025-11-17,P016,C0459,1,24.75
2025-03-31,P013,C0013,4,49.90
2025-10-23,P008,C0465,1,35.00
2025-03-10,P017,C0161,1,35.00
2025-12-03,P020,C0234,2,35.00
2025-05-30,P006,C0103,1,79.00
2025-05-25,P018,C0316,2,49.90
2025-12-11,P012,C0267,3,79.00
2025-02-27,P002,C0453,2,35.00
2025-02-28,P008,C0025,10,19.99
2025-10-18,P006,C0036,1,8.90
2025-03-26,P009,C0093,1,49.90
2025-08-06,P012,C0305,2,8.90
2025-07-18,P013,C0374,2,79.00
2025-05-18,P006,C0328,1,8.90
2025-07-14,P016,C0174,1,12.50
2025-02-14,P018,C0001,3,8.90
2025-12-12,P008,C0483,1,49.90
2025-10-27,P017,C0427,4,12.50
2025-04-06,P011,C0341,2,12.50
2025-05-13,P013,C0126,10,24.75
2025-01-25,P002,C0059,5,24.75
2025-10-25,P016,C0416,3,24.75
2025-06-24,P017,C0014,3,35.00
2025-11-05,P005,C0266,5,8.90
2025-10-25,P002,C0124,1,24.75
2025-09-06,P013,C0118,1,35.00
2025-05-05,P004,C0442,3,12.50
2025-06-05,P008,C0090,3,19.99
2025-10-13,P015,C0213,2,79.00
2025-12-14,P019,C0016,5,24.75
2025-04-14,P008,C0306,1,8.90
2025-06-09,P019,C0256,2,24.75
2025-04-20,P007,C0126,2,49.90
2025-05-26,P001,C0109,0,79.00
2025-01-19,P004,C0231,4,8.90
2025-07-17,P009,C0094,1,8.90
2025-03-02,P006,C0298,1,35.00
2025-08-22,P015,C0131,4,35.00
2025-02-09,P003,C0211,4,12.50
2025-02-18,P012,C0223,10,12.50
2025-01-31,P017,C0068,1,35.00
2025-06-26,P011,C0097,2,12.50
2025-03-18,P008,C0427,1,24.75
2025-09-23,P013,C0007,1,12.50
2025-11-09,P017,C0051,1,79.00
2025-09-23,P007,C0144,1,35.00
2025-07-03,P002,C0018,5,79.00
2025-01-10,P002,C0181,3,8.90
2025-07-25,P007,C0135,1,12.50
2025-12-18,P005,C0367,1,35.00
2025-03-30,P016,C0354,1,19.99
2025-12-20,P002,C0068,2,49.90
2025-07-04,P018,C0224,1,19.99
2025-01-07,P019,C0275,5,49.90
2025-04-18,P008,C0214,2,24.75
2025-01-13,P015,C0492,1,8.90
2025-12-16,P018,C0253,2,8.90
2025-03-27,P009,C0488,10,8.90
2025-08-31,P019,C0022,1,35.00
2025-12-16,P014,C0273,3,49.90
2025-08-23,P010,C0405,3,19.99
2025-06-24,P010,C0384,3,79.00
2025-07-16,P001,C0407,1,12.50
2025-08-26,P018,C0279,2,24.75
2025-10-19,P010,C0170,1,8.90
2025-05-10,P017,C0086,4,19.99
2025-03-08,P002,C0446,10,12.50
2025-12-29,P008,C0410,4,35.00
2025-01-17,P005,C0250,4,24.75
2025-05-27,P001,C0211,1,12.50
2025-08-10,P001,C0438,2,24.75
2025-01-12,P018,C0293,10,8.90
2025-12-02,P013,C0130,1,49.90
2025-12-18,P019,C0246,2,79.00
2025-08-26,P019,C0499,1,35.00
2025-07-30,P006,C0468,5,8.90
2025-11-14,P014,C0080,1,79.00
2025-04-02,P008,C0455,1,19.99
2025-08-16,P017,C0191,4,24.75
2025-05-30,P012,C0295,4,19.99
2025-02-13,P004,C0452,3,12.50
2025-02-16,P012,C0341,3,49.90
2025-05-31,P012,C0188,3,24.75
2025-05-09,P014,C0071,3,49.90
2025-03-11,P002,C0361,4,79.00
2025-08-20,P010,C0201,4,79.00
2025-09-06,P011,C0110,10,24.75
2025-03-23,P005,C0302,2,12.50
2025-10-20,P002,C0487,5,24.75
2025-01-27,P020,C0390,5,79.00
2025-10-14,P009,C0353,20,79.00
2025-12-20,P016,C0158,1,8.90
2025-03-20,P016,C0093,4,8.90
2025-07-13,P006,C0305,1,12.50
2025-08-04,P005,C0070,1,8.90
2025-06-08,P005,C0132,2,8.90
2025-04-23,P005,C0119,2,12.50
2025-10-25,P010,C0049,2,79.00
2025-12-20,P008,C0147,2,35.00
2025-10-04,P009,C0461,1,19.99
2025-03-22,P020,C0206,10,79.00
2025-07-01,P010,C0231,1,24.75
2025-07-27,P004,C0228,1,19.99
2025-06-10,P003,C0219,1,79.00
2025-05-22,P013,C0444,1,49.90
2025-10-04,P004,C0108,2,49.90
2025-02-04,P005,C0035,3,24.75
2025-11-09,P015,C0272,5,49.90
2025-07-21,P019,C0220,1,35.00
2025-10-16,P002,C0101,1,49.90
2025-02-17,P001,C0292,2,24.75
2025-07-21,P002,C0231,0,49.90
2025-02-04,P009,C0345,4,12.50
2025-11-23,P020,C0274,1,24.75
2025-05-21,P017,C0082,10,35.00
2025-04-22,P015,C0215,2,35.00
2025-09-08,P008,C0438,5,79.00
2025-03-08,P012,C0222,2,49.90
2025-06-01,P002,C0148,-2,35.00
2025-04-09,P006,C0374,3,79.00
2025-11-23,P002,C0410,2,35.00
2025-05-16,P006,C0275,5,35.00
2025-10-02,P010,C0108,3,8.90
2025-05-17,P011,C0150,1,49.90
2025-12-15,P017,C0404,2,35.00
2025-06-12,P005,C0457,2,79.00
2025-08-31,P010,C0452,3,79.00
2025-10-05,P018,C0461,4,35.00
2025-04-28,P009,C0040,2,8.90
2025-09-15,P009,C0181,2,12.50
2025-02-13,P008,C0353,5,8.90
2025-11-05,P015,C0460,2,24.75
2025-08-19,P003,C0053,1,49.90
2025-10-07,P004,C0370,1,12.50
2025-01-05,P018,C0091,4,12.50
2025-08-24,P010,C0451,3,35.00
2025-08-09,P001,C0291,1,19.99
2025-02-21,P005,C0293,3,12.50
2025-06-24,P019,C0392,1,19.99
2025-03-23,P005,C0346,2,49.90
2025-03-21,P005,C0299,2,8.90
2025-06-27,P010,C0121,1,24.75
2025-12-01,P013,C0061,2,19.99
2025-08-12,P011,C0356,2,24.75
2025-06-14,P018,C0346,1,24.75
2025-04-17,P015,C0135,3,24.75
2025-09-30,P005,C0350,3,19.99
2025-01-11,P011,C0068,5,8.90
2025-06-09,P001,C0262,2,12.50
2025-06-25,P018,C0247,3,79.00
2025-05-14,P020,C0060,10,24.75
2025-11-18,P002,C0462,1,24.75
2025-10-19,P020,C0306,4,35.00
2025-07-26,P011,C0064,5,19.99
2025-05-03,P016,C0393,3,19.99
2025-10-09,P017,C0357,3,35.00
2025-02-27,P015,C0336,10,49.90
2025-04-24,P006,C0272,2,79.00
2025-08-18,P005,C0087,1,79.00
2025-04-28,P008,C0096,5,19.99
2025-08-13,P015,C0123,1,8.90
2025-02-28,P003,C0490,10,8.90
2025-10-15,P014,C0057,4,8.90
2025-03-30,P003,C0130,2,49.90
2025-07-25,P015,C0434,4,49.90
2025-09-09,P003,C0202,10,35.00
2025-05-17,P010,C0127,4,8.90
2025-07-14,P006,C0021,2,19.99
2025-08-31,P003,C0059,2,12.50
2025-04-22,P004,C0204,3,19.99
2025-02-01,P017,C0131,3,19.99
2025-08-19,P001,C0034,1,24.75
2025-05-26,P017,C0441,1,79.00
2025-01-15,P003,C0490,4,49.90
2025-12-26,P019,C0494,1,8.90
2025-07-24,P005,C0166,1,79.00
2025-07-21,P004,C0256,2,24.75
2025-02-08,P002,C0150,2,49.90
2025-07-08,P010,C0424,1,79.00
2025-01-02,P001,C0208,5,19.99
2025-03-28,P018,C0154,5,12.50
2025-04-26,P014,C0244,1,49.90
2025-12-26,P005,C0452,3,24.75
2025-11-08,P001,C0173,2,79.00
2025-12-10,P002,C0113,3,35.00
2025-09-20,P008,C0379,3,49.90
2025-12-22,P012,C0437,1,49.90
2025-05-01,P018,C0293,2,12.50
2025-08-18,P004,C0363,20,49.90
2025-02-16,P010,C0121,2,49.90
2025-12-10,P005,C0152,5,8.90
2025-07-19,P014,C0195,2,19.99
2025-04-24,P008,C0410,3,49.90
2025-09-24,P014,C0227,1,79.00
2025-07-17,P015,C0013,1,12.50
2025-11-25,P005,C0020,1,35.00
2025-11-16,P013,C0491,4,79.00
2025-05-04,P020,C0415,4,49.90
2025-02-08,P012,C0371,4,8.90
2025-10-20,P020,C0472,4,79.00
2025-06-02,P012,C0160,2,19.99
2025-03-22,P014,C0414,1,12.50
2025-11-23,P007,C0500,4,8.90
2025-12-28,P001,C0340,1,8.90
2025-09-07,P014,C0288,2,35.00
2025-04-03,P015,C0374,3,24.75
2025-11-17,P016,C0304,4,24.75
2025-10-29,P012,C0083,2,35.00
2025-12-29,P019,C0321,4,8.90
2025-11-20,P004,C0152,1,35.00
2025-05-07,P014,C0079,3,49.90
2025-03-24,P002,C0336,20,49.90
2025-05-29,P018,C0354,2,24.75
2025-03-20,P005,C0132,1,19.99
2025-05-31,P006,C0210,5,24.75
2025-07-31,P014,C0299,1,19.99
2025-09-25,P009,C0498,2,8.90
2025-10-04,P003,C0420,5,12.50
2025-10-06,P010,C0063,1,12.50
2025-12-03,P009,C0245,20,35.00
2025-03-27,P015,C0285,4,8.90
2025-08-05,P003,C0475,4,49.90
2025-06-08,P018,C0218,2,8.90
2025-12-09,P007,C0103,3,8.90
2025-07-01,P005,C0314,3,35.00
2025-11-19,P011,C0116,10,24.75
2025-12-22,P012,C0121,3,19.99
2025-03-07,P007,C0103,2,35.00
2025-10-17,P015,C0243,4,8.90
2025-05-18,P008,C0098,4,8.90
2025-09-21,P008,C0280,1,12.50
2025-06-26,P009,C0170,3,12.50
2025-03-14,P002,C0393,1,79.00
2025-01-28,P013,C0293,2,79.00
2025-08-12,P018,C0466,1,12.50
2025-07-01,P013,C0358,1,49.90
2025-11-20,P002,C0282,1,8.90
2025-08-10,P013,C0270,1,24.75
2025-11-14,P012,C0376,4,24.75
2025-04-10,P017,C0218,2,12.50
2025-07-01,P020,C0268,1,8.90
2025-01-06,P013,C0087,2,79.00
2025-11-04,P019,C0121,1,19.99
2025-12-05,P008,C0462,4,19.99
2025-05-05,P006,C0310,4,35.00
2025-02-21,P005,C0381,4,49.90
2025-08-14,P015,C0223,1,12.50
2025-02-02,P002,C0039,1,24.75
2025-10-08,P019,C0400,5,8.90
2025-05-08,P007,C0235,3,8.90
2025-04-08,P007,C0384,2,49.90
2025-03-01,P016,C0137,3,24.75
2025-03-28,P018,C0354,2,79.00
2025-05-21,P008,C0305,5,19.99
2025-01-13,P013,C0287,3,24.75
2025-12-24,P001,C0267,0,49.90
2025-07-04,P005,C0359,5,8.90
2025-12-29,P017,C0111,1,12.50
2025-08-14,P009,C0280,4,79.00
2025-07-24,P005,C0137,1,19.99
2025-08-01,P007,C0327,4,24.75
2025-10-14,P017,C0019,3,35.00
2025-05-11,P020,C0294,3,79.00
2025-01-01,P012,C0350,4,19.99
2025-02-25,P011,C0191,2,79.00
2025-11-27,P014,C0295,1,49.90
2025-08-03,P007,C0216,1,35.00
2025-03-14,P012,C0418,2,8.90
2025-08-05,P005,C0168,2,79.00
2025-08-05,P002,C0355,3,19.99
2025-04-27,P017,C0441,2,8.90
2025-12-19,P014,C0397,3,35.00
2025-01-21,P018,C0361,3,24.75
2025-04-07,P012,C0388,2,8.90
2025-01-25,P009,C0384,1,8.90
2025-03-02,P008,C0190,1,12.50
2025-09-13,P017,C0476,1,79.00
2025-05-21,P008,C0473,2,49.90
2025-11-12,P002,C0456,20,12.50
2025-07-31,P010,C0229,2,12.50
2025-05-21,P008,C0358,1,19.99
2025-07-15,P011,C0152,4,79.00
2025-11-17,P011,C0373,1,35.00
2025-08-06,P020,C0432,4,12.50
2025-01-11,P015,C0234,3,79.00
2025-11-01,P005,C0328,3,24.75
2025-12-03,P017,C0032,5,79.00
2025-07-01,P002,C0061,5,8.90
2025-11-19,P009,C0199,1,8.90
2025-06-30,P009,C0458,4,49.90
2025-10-12,P018,C0317,5,24.75
2025-06-09,P013,C0343,3,79.00
2025-09-13,P012,C0262,5,79.00
2025-03-16,P019,C0082,3,35.00
2025-11-18,P003,C0299,3,35.00
2025-10-12,P011,C0246,2,49.90
2025-02-08,P008,C0380,1,19.99
2025-12-24,P007,C0324,2,35.00
2025-03-25,P019,C0316,-2,79.00
2025-02-09,P015,C0477,2,19.99
2025-06-30,P018,C0333,3,8.90
2025-11-21,P020,C0042,2,49.90
2025-12-30,P015,C0176,4,19.99
2025-10-15,P018,C0023,5,49.90
2025-04-07,P001,C0307,2,49.90
2025-08-13,P009,C0114,4,8.90
2025-03-10,P019,C0108,4,49.90
2025-12-27,P020,C0261,3,35.00
2025-11-01,P004,C0249,3,19.99
2025-09-07,P006,C0344,2,24.75
2025-08-11,P008,C0440,1,8.90
2025-05-25,P005,C0308,1,19.99
2025-03-09,P002,C0234,3,79.00
2025-05-17,P019,C0232,3,49.90
2025-10-09,P010,C0313,4,79.00
2025-12-15,P015,C0429,1,8.90
2025-06-30,P008,C0076,3,8.90
2025-04-25,P008,C0206,4,8.90
2025-07-16,P019,C0410,10,49.90
2025-01-12,P010,C0098,4,24.75
2025-10-21,P009,C0243,3,8.90
2025-09-08,P015,C0106,1,49.90
2025-07-29,P007,C0468,10,8.90
2025-02-08,P007,C0059,1,24.75
2025-02-09,P013,C0406,1,8.90
2025-01-12,P018,C0465,2,12.50
2025-05-30,P018,C0095,2,35.00
2025-09-16,P017,C0150,2,24.75
2025-02-21,P005,C0047,1,12.50
2025-08-29,P014,C0336,2,19.99
2025-02-22,P014,C0053,3,35.00
2025-10-24,P013,C0108,1,12.50
2025-12-31,P011,C0228,2,35.00
2025-03-15,P014,C0073,5,24.75
2025-08-26,P005,C0422,3,12.50
2025-05-28,P008,C0479,3,79.00
2025-03-29,P017,C0040,1,19.99
2025-01-30,P001,C0486,2,24.75
2025-08-26,P007,C0088,1,8.90
2025-02-17,P003,C0022,1,12.50
2025-04-05,P003,C0010,3,24.75
2025-10-29,P014,C0360,10,19.99
2025-11-28,P007,C0030,5,12.50
2025-08-26,P019,C0116,3,49.90
2025-04-27,P018,C0288,2,12.50
2025-03-14,P019,C0103,2,12.50
2025-06-14,P012,C0205,4,79.00
2025-09-15,P013,C0132,4,24.75
2025-09-02,P018,C0234,2,19.99
2025-02-23,P010,C0125,2,49.90
2025-10-18,P006,C0420,10,79.00
2025-03-22,P016,C0016,10,35.00
2025-02-25,P015,C0174,2,79.00
2025-09-26,P011,C0146,1,24.75
2025-09-02,P007,C0302,5,79.00
2025-02-21,P019,C0042,1,12.50
2025-08-12,P016,C0462,10,49.90
2025-12-11,P017,C0190,1,24.75
2025-04-16,P007,C0325,0,8.90
2025-08-03,P003,C0069,20,12.50
2025-04-30,P011,C0043,3,12.50
2025-02-11,P011,C0470,3,8.90
2025-03-31,P001,C0368,1,79.00
2025-04-09,P010,C0059,4,24.75
2025-10-11,P010,C0398,1,19.99
2025-07-12,P006,C0189,5,19.99
2025-09-23,P017,C0450,4,24.75
2025-08-23,P019,C0496,3,79.00
2025-11-13,P006,C0257,3,79.00
2025-11-16,P005,C0016,2,19.99
2025-03-27,P020,C0112,3,49.90
2025-05-01,P005,C0211,2,12.50
2025-08-29,P001,C0383,2,35.00
2025-08-24,P015,C0206,1,35.00
2025-04-16,P007,C0385,1,8.90
2025-09-26,P008,C0499,2,12.50
2025-07-17,P013,C0254,1,24.75
2025-08-05,P016,,2,8.90
2025-07-18,P015,C0152,2,35.00
2025-04-03,P020,C0141,1,12.50
2025-10-22,P009,C0203,4,19.99
2025-10-19,P010,C0189,10,24.75
2025-03-08,P015,C0137,1,24.75
2025-01-01,P018,C0457,2,24.75
2025-06-27,P006,C0164,1,35.00
2025-05-22,P010,C0069,1,49.90
2025-10-01,P016,C0309,5,79.00
2025-01-25,P005,C0457,4,24.75
2025-05-13,P011,C0105,4,19.99
2025-11-26,P014,C0436,2,24.75
2025-12-17,P018,C0336,1,79.00
2025-09-12,P011,C0371,3,24.75
2025-12-11,P003,C0477,5,24.75
2025-08-16,P019,C0441,3,79.00
2025-03-02,P007,C0078,1,35.00
2025-05-26,P017,C0054,2,12.50
2025-04-23,P011,C0456,3,49.90
2025-07-22,P020,C0443,2,8.90
2025-11-14,P014,C0487,5,19.99
2025-05-24,P009,C0355,10,8.90
2025-03-22,P001,C0131,4,35.00
2025-10-17,P004,C0157,5,79.00
2025-11-02,P008,C0478,5,12.50
2025-11-27,P007,C0166,5,49.90
2025-12-10,P017,C0250,2,79.00
2025-05-20,P018,C0165,2,49.90
2025-10-23,P013,C0287,10,12.50
2025-04-06,P009,C0439,2,24.75
2025-12-02,P010,C0054,2,8.90
2025-07-11,P004,C0350,4,79.00
2025-12-28,P001,C0203,4,12.50
2025-08-14,P012,C0449,10,8.90
2025-12-13,P009,C0338,4,35.00
2025-10-23,P020,C0290,1,12.50
2025-12-20,P001,C0413,3,8.90
2025-12-20,P001,C0384,3,19.99
2025-02-27,P012,C0070,10,35.00
2025-09-02,P004,C0271,2,24.75
2025-05-20,P004,C0356,2,19.99
2025-06-23,P007,C0311,3,79.00
2025-02-03,P008,C0477,4,49.90
2025-04-01,P010,C0058,5,19.99
2025-10-05,P004,C0178,5,79.00
2025-03-29,P001,C0224,2,12.50
2025-01-23,P018,C0407,3,35.00
2025-03-01,P015,C0078,1,19.99
2025-03-18,P003,C0369,3,8.90
2025-10-18,P014,C0318,2,8.90
2025-12-09,P014,C0455,20,49.90
2025-01-19,P017,C0454,4,35.00
2025-03-04,P019,C0292,5,8.90
2025-11-26,P005,C0053,4,49.90
2025-06-23,P020,C0398,3,12.50
2025-10-12,P012,C0436,1,79.00
2025-03-25,P018,C0204,4,12.50
2025-09-29,P010,C0464,1,35.00
2025-03-28,P009,C0282,3,19.99
2025-05-09,P003,C0353,5,12.50
2025-07-05,P004,C0161,3,12.50
2025-05-14,P004,C0122,4,24.75
2025-07-31,P012,C0101,2,19.99
2025-12-25,P006,C0171,2,35.00
2025-06-23,P012,C0121,1,49.90
2025-12-29,P014,C0345,3,35.00
2025-10-02,P003,C0198,3,8.90
2025-09-27,P001,C0179,20,24.75
2025-11-25,P001,C0027,5,24.75
2025-01-11,P019,C0386,4,12.50
2025-06-28,P017,C0057,1,8.90
2025-11-22,P018,C0352,1,79.00
2025-12-30,P011,C0371,1,12.50
2025-06-11,P018,C0333,3,8.90
2025-10-29,P007,C0278,10,79.00
2025-05-30,P017,C0098,10,19.99
2025-12-27,P017,C0079,1,8.90
2025-02-11,P010,C0163,4,19.99
2025-11-17,P013,C0139,2,35.00
2025-05-24,P019,C0100,4,8.90
2025-09-19,P003,C0091,3,35.00
2025-04-06,P008,C0401,4,12.50
2025-12-10,P010,C0303,1,12.50
2025-02-10,P001,C0239,1,19.99
2025-03-08,P013,C0144,5,35.00
2025-02-26,P013,C0297,2,8.90
2025-04-27,P009,C0469,2,19.99
2025-04-03,P007,C0456,1,19.99
2025-08-05,P012,C0189,5,79.00
2025-08-11,P017,C0400,20,79.00
2025-06-15,P018,C0465,4,49.90
2025-07-04,P018,C0318,2,49.90
2025-11-06,P008,C0153,1,79.00
2025-08-23,P016,C0490,5,8.90
2025-08-02,P003,C0436,1,49.90
2025-02-06,P003,C0294,5,49.90
2025-12-04,P017,C0187,5,19.99
2025-05-14,P003,C0077,5,35.00
2025-05-28,P002,C0290,3,8.90
2025-11-09,P009,C0243,2,35.00
2025-01-28,P005,C0439,3,8.90
2025-10-10,P006,C0381,1,8.90
2025-12-31,P015,C0149,3,49.90
2025-09-22,P007,C0323,3,24.75
2025-02-17,P010,C0144,4,12.50
2025-08-05,P002,C0287,2,49.90
2025-10-08,P016,C0213,3,79.00
2025-08-20,P013,C0496,1,8.90
2025-12-24,P005,C0228,2,8.90
2025-09-14,P014,C0403,10,19.99
2025-11-27,P011,C0360,10,12.50
2025-05-22,P013,C0173,10,79.00
2025-03-16,P010,C0233,2,49.90
2025-05-04,P011,C0118,4,19.99
2025-05-06,P007,C0100,4,49.90
2025-01-24,P013,C0484,1,19.99
2025-06-28,P014,C0145,2,35.00
2025-09-24,P008,C0207,5,19.99
2025-04-04,P003,C0044,4,19.99
2025-05-26,P001,C0437,1,35.00
2025-02-12,P012,C0314,4,19.99
2025-05-02,P010,C0413,1,19.99
2025-03-16,P015,C0194,4,24.75
2025-07-11,P016,C0207,2,8.90
2025-12-09,P004,C0079,1,19.99
2025-09-18,P020,C0053,0,19.99
2025-11-02,P006,C0247,2,35.00
2025-07-26,P007,C0174,4,19.99
2025-02-20,P010,C0315,10,19.99
2025-12-08,P002,C0359,1,35.00
2025-09-09,P006,C0085,1,19.99
2025-10-14,P005,C0497,1,35.00
2025-07-14,P009,C0412,4,79.00
2025-02-01,P017,C0443,1,35.00
2025-06-18,P007,C0100,-2,19.99
2025-02-03,P020,C0216,1,24.75
2025-07-18,P003,C0294,1,49.90
2025-11-15,P010,C0305,10,79.00
2025-02-27,P016,C0339,3,8.90
2025-04-25,P016,C0197,4,19.99
2025-11-15,P011,C0443,2,8.90
2025-09-08,P008,C0129,1,8.90
2025-08-24,P006,C0289,1,8.90
2025-02-21,P006,C0235,5,49.90
2025-05-09,P012,C0089,1,35.00
2025-11-14,P020,C0146,2,12.50
2025-08-08,P018,C0445,10,24.75
2025-05-14,P006,C0230,3,8.90
2025-06-10,P014,C0381,1,49.90
2025-11-24,P008,C0103,5,35.00
2025-02-26,P008,C0325,1,24.75
2025-03-31,P020,C0263,1,12.50
2025-06-21,P017,C0452,5,12.50
2025-03-29,P007,C0181,1,24.75
2025-05-05,P002,C0287,1,24.75
2025-09-26,P009,C0403,1,8.90
2025-05-11,P008,C0110,3,35.00
2025-03-13,P002,C0128,2,12.50
2025-04-02,P002,C0401,2,24.75
2025-10-31,P016,C0122,1,19.99
2025-07-23,P017,C0029,1,79.00
2025-03-05,P015,C0051,2,8.90
2025-12-22,P014,C0120,4,24.75
2025-01-11,P010,C0243,4,79.00
2025-01-09,P006,C0321,4,12.50
2025-08-25,P004,C0237,-2,79.00
2025-06-28,P010,C0320,2,49.90
2025-08-04,P015,C0148,2,35.00
2025-01-23,P015,C0425,4,35.00
2025-01-21,P016,C0420,1,35.00
2025-11-22,P019,C0026,3,79.00
2025-05-20,P008,C0004,2,19.99
2025-10-30,P020,C0487,1,35.00
2025-09-09,P018,C0024,4,24.75
2025-04-22,P008,C0054,5,79.00
2025-11-12,P017,C0247,2,19.99
2025-09-07,P014,C0191,2,49.90
2025-07-05,P012,C0411,1,49.90
2025-12-08,P003,C0461,3,79.00
2025-09-25,P005,C0492,2,35.00
2025-06-10,P016,C0445,5,19.99
2025-03-10,P019,C0398,2,79.00
2025-01-05,P007,C0248,3,35.00
2025-08-04,P006,C0066,0,19.99
2025-03-17,P011,C0162,1,49.90
2025-01-21,P016,C0125,3,49.90
2025-11-09,P010,C0266,0,49.90
2025-09-29,P010,C0196,10,35.00
2025-08-26,P013,C0469,4,19.99
2025-07-13,P007,C0178,3,24.75
2025-09-27,P003,C0251,3,79.00
2025-02-01,P010,C0248,4,8.90
2025-07-02,P011,C0371,10,12.50
2025-08-03,P007,C0241,1,79.00
2025-02-25,P013,C0015,4,49.90
2025-01-20,P004,C0115,1,24.75
2025-08-12,P005,C0408,10,24.75
2025-04-21,P014,C0143,1,49.90
2025-09-07,P014,C0110,3,35.00
2025-03-11,P016,C0130,3,24.75
2025-08-14,P013,C0049,2,24.75
2025-02-14,P018,C0333,2,19.99
2025-08-21,P017,C0045,4,24.75
2025-09-23,P007,C0127,5,12.50
2025-03-05,P016,C0317,5,79.00
2025-03-08,P008,C0372,2,12.50
2025-03-04,P005,C0341,5,35.00
2025-12-08,P009,C0115,2,8.90
2025-07-26,P010,C0339,1,12.50
2025-08-21,P003,C0449,3,8.90
2025-08-14,P009,C0190,5,8.90
2025-05-29,P017,C0414,5,8.90
2025-11-23,P019,C0009,2,35.00
2025-10-11,P020,C0042,1,35.00
2025-07-12,P006,C0352,10,24.75
2025-02-28,P013,C0468,10,24.75
2025-10-01,P014,C0499,5,35.00
2025-08-23,P010,C0101,0,24.75
2025-08-09,P017,C0496,1,79.00
2025-09-30,P003,C0304,1,12.50
2025-06-07,P013,C0126,10,8.90
2025-09-06,P010,C0355,3,12.50
2025-08-15,P008,C0197,5,19.99
2025-10-18,P002,C0112,2,49.90
2025-09-27,P020,C0268,5,8.90
2025-04-08,P003,C0009,2,12.50
2025-09-22,P011,C0334,4,35.00
2025-06-27,P015,C0289,3,12.50
2025-01-28,P007,C0032,4,79.00
2025-11-13,P008,C0234,1,35.00
2025-03-18,P009,C0298,1,35.00
2025-09-24,P012,C0028,1,79.00
2025-01-16,P012,C0034,3,12.50
2025-05-15,P005,C0023,1,8.90
2025-10-17,P013,C0362,4,49.90
2025-01-01,P006,C0286,2,19.99
2025-05-21,P006,C0382,2,79.00
2025-12-16,P018,C0206,3,79.00
2025-03-04,P004,C0454,2,8.90
2025-07-21,P019,C0161,3,35.00
2025-05-30,P018,C0162,3,8.90
2025-09-12,P001,C0185,1,19.99
2025-05-23,P018,C0158,0,35.00
2025-09-13,P009,C0034,4,8.90
2025-03-04,P017,C0178,2,24.75
2025-06-30,P001,C0076,1,12.50
2025-12-15,P006,C0003,3,8.90
2025-01-12,P019,C0100,3,12.50
2025-07-01,P007,C0414,2,12.50
2025-01-02,P010,C0166,1,35.00
2025-01-22,P015,C0269,1,79.00
2025-02-20,P007,C0110,1,24.75
2025-08-29,P005,C0125,5,79.00
2025-08-01,P018,C0076,10,79.00
2025-07-05,P019,C0296,4,12.50
2025-01-05,P008,C0252,5,35.00
2025-03-06,P019,C0143,1,49.90
2025-12-13,P002,C0383,4,35.00
2025-11-12,P013,C0330,3,24.75
2025-08-18,P017,C0079,1,35.00
2025-12-03,P006,C0427,1,79.00
2025-11-22,P018,C0328,10,49.90
2025-02-04,P011,C0475,2,79.00
2025-11-03,P019,C0207,1,49.90
2025-06-03,P014,C0090,20,35.00
2025-02-08,P008,C0316,10,19.99
2025-05-29,P006,C0033,2,49.90
2025-01-20,P011,C0380,3,12.50
2025-11-23,P009,C0325,2,24.75
2025-09-30,P001,C0028,10,8.90
2025-05-03,P005,C0411,2,19.99
2025-04-14,P002,C0165,1,12.50
2025-10-08,P019,C0044,3,8.90
2025-05-02,P001,C0146,2,24.75
2025-10-18,P012,C0383,5,19.99
2025-07-23,P011,C0017,5,79.00
2025-07-25,P019,C0031,4,35.00
2025-01-09,P018,C0293,2,8.90
2025-07-16,P019,C0239,1,19.99
2025-09-01,P017,C0359,2,12.50
2025-04-16,P014,C0231,1,49.90
2025-01-20,P008,C0292,1,8.90
2025-01-20,P018,C0445,3,79.00
2025-06-04,P004,C0131,4,8.90
2025-12-22,P001,C0067,4,49.90
2025-11-25,P019,C0399,3,24.75
2025-12-09,P017,C0039,4,8.90
2025-06-10,P004,C0158,4,35.00
2025-08-06,P018,C0498,1,12.50
2025-08-16,P015,C0394,1,79.00
2025-02-02,P009,C0230,5,12.50
2025-05-19,P009,C0094,3,79.00
2025-08-04,P020,C0323,2,8.90
2025-06-08,P002,C0473,1,19.99
2025-09-28,P010,C0134,4,8.90
2025-11-28,P009,C0261,3,49.90
2025-02-20,P020,C0248,1,24.75
2025-04-27,P002,C0175,10,35.00
2025-06-04,P009,C0269,4,12.50
2025-07-22,P002,C0459,1,49.90
2025-03-03,P009,C0448,2,24.75
2025-08-13,P009,C0248,4,24.75
2025-07-24,P002,C0141,1,79.00
2025-12-26,P007,C0278,2,24.75
2025-04-29,P007,C0007,3,35.00
2025-03-16,P012,C0306,2,12.50
2025-06-23,P008,C0328,3,49.90
2025-11-05,P001,C0213,3,35.00
2025-07-26,P010,C0010,1,8.90
2025-08-15,P014,C0136,3,35.00
2025-06-05,P002,C0190,1,79.00
2025-10-24,P019,C0322,4,24.75
2025-10-25,P012,C0129,3,19.99
2025-05-27,P020,C0098,1,35.00
2025-06-14,P018,C0359,2,79.00
2025-11-06,P019,C0148,1,79.00
2025-09-03,P008,C0400,4,8.90
2025-08-20,P007,C0027,2,79.00
2025-04-17,P020,C0193,1,79.00
2025-10-03,P010,C0198,1,79.00
2025-11-04,P008,C0365,2,35.00
2025-06-24,P005,C0039,1,12.50
2025-07-11,P001,C0111,5,79.00
2025-05-21,P007,C0363,5,24.75
2025-02-05,P020,C0026,4,49.90
2025-07-17,P015,C0395,4,19.99
2025-10-29,P016,C0155,10,19.99
2025-09-12,P005,C0252,2,24.75
2025-11-01,P020,C0096,5,19.99
2025-12-09,P018,C0104,2,12.50
2025-09-22,P003,C0121,4,35.00
2025-07-16,P016,C0358,2,12.50
2025-08-04,P001,C0391,4,35.00
2025-10-30,P015,C0378,3,19.99
2025-02-17,P020,C0456,1,8.90
2025-05-14,P007,C0009,2,19.99
2025-04-03,P003,C0257,1,49.90
2025-09-03,P020,C0190,1,8.90
2025-10-11,P012,C0319,10,8.90
2025-05-07,P008,C0310,10,8.90
2025-05-03,P020,C0426,1,35.00
2025-11-09,P015,C0174,0,19.99
2025-01-30,P008,C0348,2,8.90
2025-01-14,P006,C0301,10,12.50
2025-10-08,P003,C0467,10,24.75
2025-08-14,P009,C0272,3,79.00
2025-11-09,P003,C0315,2,12.50
2025-02-15,P002,C0298,1,8.90
2025-05-15,P011,C0112,1,19.99
2025-02-16,P019,C0064,2,79.00
2025-02-19,P008,C0239,2,49.90
2025-12-21,P003,C0129,4,19.99
2025-01-23,P011,C0229,5,24.75
2025-06-20,P019,C0130,3,79.00
2025-09-08,P017,C0230,2,8.90
2025-09-04,P020,C0116,3,35.00
2025-03-01,P006,C0160,1,12.50
2025-04-03,P007,C0328,3,24.75
2025-02-05,P006,C0326,2,24.75
2025-06-11,P006,C0175,2,79.00
2025-01-06,P011,C0326,3,49.90
2025-01-12,P017,C0499,20,8.90
2025-12-13,P018,C0250,2,49.90
2025-02-09,P018,C0302,2,8.90
2025-11-25,P018,C0206,1,12.50
2025-08-01,P013,C0483,1,12.50
2025-11-14,P017,C0318,2,12.50
2025-07-22,P006,C0404,2,19.99
2025-12-11,P004,C0330,3,8.90
2025-02-03,P020,C0090,5,49.90
2025-09-18,P019,C0061,5,49.90
2025-08-17,P002,C0303,3,49.90
2025-08-23,P006,C0102,3,49.90
2025-03-12,P004,C0327,-2,8.90
2025-05-19,P015,C0095,1,35.00
2025-05-24,P014,C0165,2,79.00
2025-06-30,P011,C0487,3,12.50
2025-10-15,P001,C0395,1,79.00
2025-11-30,P006,C0425,2,8.90
2025-05-08,P011,C0270,3,24.75
2025-11-23,P006,C0213,3,35.00
2025-06-05,P009,C0029,2,19.99
2025-06-19,P010,C0396,3,19.99
2025-12-09,P006,C0379,4,35.00
2025-06-13,P001,C0032,1,19.99
2025-07-03,P019,C0366,5,8.90
2025-06-03,P016,C0398,10,79.00
2025-09-05,P003,C0346,3,12.50
2025-07-04,P002,C0001,5,24.75
2025-01-28,P007,C0354,3,19.99
2025-01-27,P016,C0313,3,79.00
2025-01-09,P016,C0151,10,12.50
2025-07-29,P012,C0365,3,24.75
2025-12-04,P011,C0422,4,19.99
2025-12-12,P015,C0410,10,19.99
2025-04-08,P001,C0256,1,8.90
2025-11-15,P020,C0182,1,19.99
2025-09-26,P019,C0041,2,8.90
2025-07-18,P001,C0141,1,35.00
2025-02-27,P016,C0036,3,35.00
2025-04-28,P013,C0304,2,12.50
2025-01-11,P003,C0222,10,8.90
2025-04-10,P019,C0338,1,35.00
2025-02-13,P012,C0324,3,12.50
2025-04-23,P015,C0460,1,12.50
2025-08-27,P011,C0280,10,8.90
2025-04-05,P001,C0287,2,8.90
2025-08-28,P008,C0183,1,49.90
2025-06-28,P003,C0490,2,12.50
2025-11-23,P016,C0493,2,79.00
2025-01-07,P006,C0470,1,35.00
2025-05-19,P015,C0365,1,8.90
2025-05-16,P001,C0287,1,12.50
2025-11-12,P008,C0159,3,24.75
2025-12-26,P006,C0476,4,19.99
2025-10-10,P016,C0345,2,19.99
2025-10-04,P020,C0239,2,8.90
2025-10-02,P011,C0497,2,8.90
2025-02-01,P017,C0493,3,19.99
2025-03-28,P017,C0478,1,8.90
2025-01-10,P014,C0173,1,24.75
2025-12-13,P007,C0154,0,24.75
2025-11-17,P018,C0206,10,35.00
2025-03-24,P004,C0374,10,19.99
2025-01-31,P004,C0052,5,12.50
2025-07-29,P004,C0367,2,49.90
2025-03-25,P005,C0373,2,49.90
2025-01-02,P004,C0073,20,79.00
2025-02-22,P005,C0130,10,12.50
2025-12-01,P012,C0472,2,12.50
2025-02-01,P001,,3,24.75
2025-02-23,P005,C0495,3,19.99
2025-04-18,P008,C0018,1,24.75
2025-07-01,P006,C0250,1,24.75
2025-12-16,P017,C0472,1,24.75
2025-09-16,P010,C0033,2,19.99
2025-06-13,P012,C0120,2,8.90
2025-10-02,P018,C0284,1,24.75
2025-12-11,P017,C0440,2,79.00
2025-11-07,P015,C0051,5,12.50
2025-05-15,P020,C0118,3,24.75
2025-04-18,P007,C0314,10,79.00
2025-04-27,P016,C0177,5,8.90
2025-02-11,P014,C0245,5,49.90
2025-03-04,P006,C0031,4,35.00
2025-11-24,P017,C0315,1,12.50
2025-01-24,P008,C0441,2,8.90
2025-06-26,P020,C0100,2,24.75
2025-10-25,P015,C0132,3,19.99
2025-07-15,P007,C0056,5,8.90
2025-02-03,P005,C0445,5,49.90
2025-10-30,P003,C0287,2,19.99
2025-03-20,P007,C0377,4,8.90
2025-02-06,P019,C0085,2,24.75
2025-04-01,P003,C0064,4,24.75
2025-04-21,P011,C0400,-2,12.50
2025-06-10,P010,C0445,3,24.75
2025-12-03,P007,C0459,1,12.50
2025-03-08,P019,C0047,5,19.99
2025-08-30,P013,C0118,1,79.00
2025-07-11,P018,C0012,2,12.50
2025-07-19,P019,C0357,5,8.90
2025-12-16,P006,C0270,4,8.90
2025-02-26,P008,C0335,10,35.00
2025-12-25,P019,C0385,1,79.00
2025-03-29,P006,C0024,5,24.75
2025-02-10,P004,C0023,5,12.50
2025-11-14,P016,C0382,3,35.00
2025-02-01,P013,C0459,3,35.00
2025-09-15,P020,C0233,3,35.00
2025-07-12,P015,C0348,2,79.00
2025-10-11,P012,C0372,5,24.75
2025-10-31,P014,C0168,4,8.90
2025-08-16,P020,C0382,2,79.00
2025-04-26,P001,C0070,1,12.50
2025-12-19,P001,C0263,10,8.90
2025-03-30,P012,C0262,4,35.00
2025-11-20,P003,C0265,4,79.00
2025-10-12,P008,C0465,2,35.00
2025-06-03,P009,C0250,1,79.00
2025-12-27,P005,C0186,10,8.90
2025-12-01,P002,C0042,2,12.50
2025-11-25,P010,C0427,2,19.99
2025-01-17,P005,C0237,5,79.00
2025-06-20,P009,C0467,4,8.90
2025-05-20,P007,C0180,1,35.00
2025-10-05,P018,C0289,20,49.90
2025-06-22,P005,C0045,2,24.75
2025-03-20,P001,C0124,2,8.90
2025-11-06,P014,C0234,1,35.00
2025-02-01,P010,C0291,3,19.99
2025-06-23,P006,C0125,10,79.00
2025-01-29,P009,C0092,4,12.50
2025-07-28,P007,C0431,1,8.90
2025-03-26,P003,C0358,2,79.00
2025-11-03,P010,C0443,4,79.00
2025-11-17,P002,C0436,1,8.90
2025-07-30,P008,C0364,4,24.75
2025-01-21,P020,C0371,3,12.50
2025-07-31,P012,C0277,1,12.50
2025-04-05,P001,C0032,1,12.50
2025-10-02,P016,C0487,4,49.90
2025-10-16,P020,C0026,1,79.00
2025-02-12,P009,C0483,2,24.75
2025-10-09,P017,C0437,5,19.99
2025-07-16,P018,C0352,1,12.50
2025-04-26,P001,C0012,1,79.00
2025-01-22,P004,C0392,1,8.90
2025-01-10,P004,C0368,20,8.90
2025-05-11,P012,C0166,2,35.00
2025-02-14,P020,C0304,3,79.00
2025-10-21,P008,C0158,1,49.90
2025-02-21,P009,C0234,4,79.00
2025-06-14,P015,C0039,3,24.75
2025-12-05,P009,C0045,1,12.50
2025-11-07,P007,C0326,10,8.90
2025-10-13,P005,C0329,4,49.90
2025-12-09,P001,C0046,2,24.75
2025-09-04,P004,C0350,3,19.99
2025-09-13,P001,C0368,2,12.50
2025-09-03,P001,C0428,1,12.50
2025-07-17,P004,C0421,1,35.00
2025-01-18,P003,C0282,1,24.75
2025-01-21,P018,C0214,1,49.90
2025-04-03,P017,C0414,1,35.00
2025-11-04,P006,C0465,2,49.90
2025-11-23,P019,C0203,1,35.00
2025-02-27,P019,C0281,1,19.99
2025-02-23,P010,C0346,4,19.99
2025-04-17,P010,C0143,5,49.90
2025-06-01,P009,C0310,1,24.75
2025-08-20,P017,C0373,4,19.99
2025-05-05,P005,C0241,1,49.90
2025-08-02,P009,C0423,1,24.75
2025-01-10,P013,C0202,4,24.75
2025-11-17,P007,C0199,2,49.90
2025-01-17,P006,C0448,4,8.90
2025-05-07,P009,C0049,2,12.50
2025-05-31,P010,C0220,2,24.75
2025-03-02,P006,C0099,1,49.90
2025-01-12,P018,C0032,5,8.90
2025-08-21,P014,C0043,10,8.90
2025-03-06,P005,C0087,1,35.00
2025-08-20,P020,C0077,1,24.75
2025-01-10,P006,C0155,3,35.00
2025-05-16,P014,C0370,10,12.50
2025-03-23,P015,C0457,5,8.90
2025-12-23,P007,C0354,4,49.90
2025-12-13,P017,C0305,5,35.00
2025-11-02,P020,C0075,5,19.99
2025-01-17,P012,C0027,2,79.00
2025-05-10,P006,C0160,2,12.50
2025-12-14,P014,C0058,4,35.00
2025-06-06,P020,C0278,10,19.99
2025-08-06,P008,C0141,5,49.90
2025-07-21,P005,C0321,2,24.75
2025-12-29,P005,C0093,4,24.75
2025-03-06,P004,C0224,2,79.00
2025-08-05,P009,C0254,2,19.99
2025-11-17,P014,C0444,4,12.50
2025-01-18,P015,C0144,2,79.00
2025-06-22,P012,C0163,20,12.50
2025-01-08,P011,C0349,1,35.00
2025-08-03,P010,C0110,2,8.90
2025-02-28,P008,C0493,5,24.75
2025-09-03,P006,C0474,2,79.00
2025-01-03,P016,C0237,2,12.50
2025-02-10,P020,C0073,1,12.50
2025-10-31,P005,C0108,3,35.00
2025-01-23,P007,C0205,2,19.99
2025-03-11,P001,C0109,2,49.90
2025-07-21,P019,C0178,5,8.90
2025-03-20,P018,C0409,2,19.99
2025-09-04,P002,C0386,4,8.90
2025-01-12,P006,C0028,3,24.75
2025-11-25,P006,C0467,2,12.50
2025-10-13,P012,C0482,10,35.00
2025-06-23,P001,C0087,3,49.90
2025-03-12,P017,C0242,4,8.90
2025-01-09,P016,C0438,0,24.75
2025-04-24,P009,C0308,1,24.75
2025-05-29,P006,C0484,1,49.90
2025-05-17,P006,C0327,1,49.90
2025-06-20,P003,C0466,1,12.50
2025-01-10,P005,C0468,2,24.75
2025-12-11,P018,C0471,2,49.90
2025-09-07,P005,C0032,1,24.75
2025-08-02,P004,C0208,5,12.50
2025-06-25,P013,C0059,3,12.50
2025-01-26,P017,C0221,4,35.00
2025-01-03,P008,C0440,5,19.99
2025-01-19,P018,C0157,1,19.99
2025-03-06,P018,C0225,1,24.75
2025-05-06,P006,C0177,4,35.00
2025-01-08,P001,C0243,4,49.90
2025-08-09,P002,C0093,2,79.00
2025-08-14,P016,C0228,2,12.50
2025-01-27,P008,C0120,2,49.90
2025-04-05,P009,C0332,4,8.90
2025-03-29,P018,C0444,4,79.00
2025-02-25,P018,C0164,4,19.99
2025-10-08,P001,C0372,2,19.99
2025-09-16,P005,C0057,1,49.90
2025-04-21,P012,C0211,2,35.00
2025-03-27,P011,C0066,1,24.75
2025-10-07,P005,C0383,-2,24.75
2025-12-04,P016,C0036,3,24.75
2025-01-12,P004,C0095,5,49.90
2025-11-26,P009,C0021,10,19.99
2025-07-19,P010,C0162,2,35.00
2025-11-05,P012,C0421,5,8.90
2025-06-14,P004,C0361,1,19.99
2025-12-23,P017,C0062,1,8.90
2025-11-03,P016,C0464,1,35.00
2025-06-16,P012,C0033,3,79.00
2025-06-13,P001,C0151,5,8.90
2025-06-06,P011,C0179,1,12.50
2025-05-25,P020,C0198,10,24.75
2025-06-30,P019,C0364,1,12.50
2025-02-18,P001,C0202,1,19.99
2025-06-11,P007,C0373,4,35.00
2025-06-15,P015,C0482,5,8.90
2025-05-17,P004,C0011,1,35.00
2025-02-12,P018,C0436,1,35.00
2025-02-01,P009,C0418,20,8.90
2025-08-11,P013,C0411,10,12.50
2025-06-23,P002,C0014,1,79.00
2025-04-23,P007,C0354,3,35.00
2025-12-23,P018,C0068,1,12.50
2025-04-08,P018,C0301,5,12.50
2025-06-29,P006,C0017,3,12.50
2025-08-18,P007,C0197,10,12.50
2025-02-14,P008,C0314,5,35.00
2025-11-27,P017,C0466,5,35.00
2025-05-13,P002,C0132,2,35.00
2025-09-23,P009,C0340,3,8.90
2025-11-18,P010,C0348,20,8.90
2025-08-04,P002,C0149,5,35.00
2025-04-17,P018,C0461,10,79.00
2025-08-11,P009,C0319,1,24.75
2025-12-16,P012,C0175,4,49.90
2025-02-20,P018,C0351,3,8.90
2025-03-30,P019,C0358,3,24.75
2025-11-14,P010,C0266,2,8.90
2025-05-24,P002,C0039,2,24.75
2025-10-04,P018,C0014,10,12.50
2025-03-01,P015,C0211,2,24.75
2025-11-20,P019,C0144,1,24.75
2025-07-18,P004,C0346,-2,12.50
2025-03-15,P015,C0292,0,24.75
2025-11-10,P007,C0067,4,24.75
2025-05-07,P011,C0061,1,19.99
2025-02-18,P019,C0088,2,8.90
2025-03-01,P003,C0448,5,79.00
2025-03-12,P004,C0111,1,79.00
2025-01-06,P001,C0255,5,19.99
2025-10-28,P016,C0434,2,19.99
2025-09-06,P008,C0353,3,24.75
2025-03-01,P004,C0113,2,8.90
2025-12-27,P018,C0225,4,49.90
2025-08-27,P009,C0422,3,12.50
2025-06-05,P009,C0481,3,24.75
2025-07-26,P020,C0317,2,19.99
2025-06-07,P015,C0012,5,35.00
2025-02-08,P005,C0061,1,49.90
2025-08-15,P007,C0215,2,8.90
2025-07-30,P008,C0480,3,35.00
2025-10-16,P006,C0400,2,35.00
2025-07-22,P015,C0475,4,8.90
2025-01-05,P002,C0032,5,35.00
2025-09-30,P019,C0040,10,12.50
2025-01-31,P015,C0058,2,35.00
2025-05-04,P001,C0127,10,24.75
2025-11-22,P002,C0447,3,8.90
2025-07-02,P005,C0132,3,12.50
2025-10-17,P014,C0175,1,19.99
2025-02-04,P017,C0172,2,8.90
2025-08-20,P006,C0272,3,49.90
2025-06-16,P010,C0195,20,79.00
2025-06-21,P016,C0084,5,35.00
2025-05-19,P001,C0424,1,79.00
2025-08-06,P020,C0326,2,24.75
2025-01-04,P005,C0137,20,12.50
2025-10-06,P014,C0060,3,24.75
2025-08-23,P004,C0048,1,8.90
2025-08-18,P002,C0398,1,12.50
2025-06-18,P007,C0070,1,24.75
2025-10-19,P016,C0183,2,24.75
2025-08-10,P005,C0159,5,79.00
2025-08-14,P015,C0434,2,79.00
2025-02-21,P012,C0116,2,12.50
2025-03-06,P011,C0451,3,19.99
2025-12-03,P006,C0321,2,8.90
2025-07-15,P019,C0075,5,24.75
2025-09-18,P008,C0232,4,35.00
2025-10-23,P013,C0441,3,8.90
2025-01-27,P001,C0100,5,19.99
2025-04-07,P006,C0344,4,24.75
2025-07-02,P013,C0334,1,35.00
2025-08-02,P011,C0116,5,8.90
2025-11-16,P019,C0412,5,79.00
2025-10-04,P002,C0324,1,49.90
2025-03-29,P006,C0194,5,49.90
2025-04-20,P010,C0249,4,49.90
2025-12-21,P013,C0273,1,24.75
2025-10-03,P004,C0074,5,8.90
2025-10-24,P012,C0152,2,24.75
2025-09-29,P014,C0151,2,12.50
2025-04-07,P010,C0076,1,24.75
2025-07-01,P020,C0259,5,35.00
2025-04-15,P019,C0017,4,35.00
2025-03-11,P008,C0481,1,8.90
2025-08-10,P005,C0271,5,19.99
2025-10-19,P001,C0408,20,8.90
2025-11-11,P013,C0109,5,8.90
2025-07-07,P006,C0259,4,35.00
2025-09-29,P020,C0471,2,79.00
2025-05-25,P005,C0456,2,8.90
2025-02-16,P002,C0328,3,79.00
2025-05-12,P005,C0282,2,49.90
2025-02-01,P012,C0063,3,49.90
2025-04-10,P017,C0269,2,79.00
2025-02-21,P008,C0198,3,24.75
2025-03-02,P007,C0217,1,12.50
2025-02-28,P020,C0123,4,35.00
2025-11-07,P001,C0314,1,19.99
2025-10-31,P006,C0212,1,49.90
2025-11-04,P006,C0248,1,35.00
2025-09-24,P011,C0483,2,19.99
2025-09-21,P010,C0372,3,12.50
2025-08-06,P018,C0184,3,8.90
2025-11-27,P019,C0496,-2,19.99
2025-07-03,P009,C0296,5,35.00
2025-07-16,P012,C0298,-2,8.90
2025-06-26,P013,C0417,5,49.90
2025-03-29,P005,C0420,3,19.99
2025-05-17,P016,C0194,10,35.00
2025-11-01,P011,C0380,1,24.75
2025-08-04,P008,C0146,1,35.00
2025-08-08,P005,C0127,10,24.75
2025-10-28,P011,C0333,2,35.00
2025-11-04,P012,C0386,1,8.90
2025-01-25,P006,C0072,2,35.00
2025-05-28,P002,C0235,3,12.50
2025-02-13,P017,C0300,2,24.75
2025-02-26,P017,C0416,4,49.90
2025-01-30,P018,C0420,2,79.00
2025-02-09,P014,C0403,0,49.90
2025-02-10,P012,C0201,3,8.90
2025-10-12,P020,C0094,4,79.00
2025-06-12,P015,C0247,3,8.90
2025-07-30,P019,C0153,4,24.75
2025-01-07,P014,C0310,2,24.75
2025-02-24,P017,C0417,1,8.90
2025-11-28,P003,C0081,2,24.75
2025-02-03,P015,C0260,4,12.50
2025-06-11,P005,C0469,3,19.99
2025-04-14,P007,C0276,1,79.00
2025-03-13,P009,C0079,5,35.00
2025-12-05,P020,C0092,1,35.00
2025-12-22,P007,C0210,5,79.00
2025-09-07,P020,C0040,20,12.50
2025-02-20,P007,C0423,3,49.90
2025-08-09,P014,C0075,2,24.75
2025-07-28,P002,C0445,5,49.90
2025-04-15,P013,C0482,3,79.00
2025-06-15,P020,C0420,1,12.50
2025-08-06,P017,C0393,2,79.00
2025-08-29,P001,C0002,2,24.75
2025-02-03,P007,C0119,3,79.00
2025-09-02,P013,C0123,1,12.50
2025-02-17,P003,C0293,2,35.00
2025-05-13,P008,C0368,2,24.75
2025-12-05,P002,C0093,3,8.90
2025-03-23,P018,C0295,1,79.00
2025-03-20,P003,C0106,3,35.00
2025-12-19,P001,C0410,3,49.90
2025-12-19,P009,C0176,3,79.00
2025-02-22,P014,C0085,2,12.50
2025-09-27,P016,C0380,5,35.00
2025-07-21,P009,C0389,2,8.90
2025-02-13,P019,C0157,3,19.99
2025-04-10,P009,C0118,10,79.00
2025-12-28,P005,C0275,10,49.90
2025-09-25,P019,C0025,2,79.00
2025-02-25,P002,C0184,1,49.90
2025-04-15,P020,C0249,10,19.99
2025-06-24,P013,C0021,4,8.90
2025-03-14,P019,C0027,0,19.99
2025-09-03,P019,C0381,1,8.90
2025-04-26,P013,C0263,2,79.00
2025-05-07,P014,C0426,2,12.50
2025-12-14,P016,C0113,1,19.99
2025-07-27,P019,C0355,20,79.00
2025-01-11,P014,C0022,1,49.90
2025-11-16,P015,C0154,2,35.00
2025-02-25,P016,C0226,10,35.00
2025-11-21,P018,C0441,1,24.75
2025-05-16,P010,C0147,4,35.00
2025-12-08,P015,C0058,10,8.90
2025-05-19,P015,C0186,2,8.90
2025-12-23,P009,C0081,1,35.00
2025-01-25,P004,C0328,1,35.00
2025-04-24,P008,C0180,2,19.99
2025-06-17,P019,C0213,1,35.00
2025-12-09,P007,C0231,3,8.90
2025-01-03,P007,C0046,1,35.00
2025-05-27,P013,C0467,2,12.50
2025-06-27,P008,C0075,2,35.00
2025-07-18,P013,C0194,5,35.00
2025-05-15,P014,C0271,1,35.00
2025-02-23,P006,C0497,2,24.75
2025-06-12,P016,C0427,1,24.75
2025-05-16,P011,C0414,1,49.90
2025-03-28,P006,C0169,1,12.50
2025-03-06,P006,C0071,4,35.00
2025-03-19,P015,C0389,2,12.50
2025-03-08,P014,C0235,4,19.99
2025-11-04,P017,C0169,3,49.90
2025-03-19,P016,C0002,1,49.90
2025-10-08,P015,C0494,3,8.90
2025-05-05,P011,C0442,1,24.75
2025-08-09,P020,C0011,2,8.90
2025-09-18,P009,C0330,3,12.50
2025-11-12,P011,C0233,3,19.99
2025-07-01,P020,C0092,1,49.90
2025-11-24,P005,C0321,1,49.90
2025-11-05,P017,C0200,2,8.90
2025-07-11,P001,C0006,5,79.00
2025-05-06,P019,C0498,10,79.00
2025-09-05,P005,C0417,3,49.90
2025-05-15,P001,C0128,1,49.90
2025-01-07,P006,C0366,3,79.00
2025-10-02,P003,C0264,4,24.75
2025-12-31,P001,C0144,3,19.99
2025-04-06,P013,C0440,4,49.90
2025-04-06,P007,C0028,2,8.90
2025-05-25,P009,C0216,3,49.90
2025-11-15,P006,C0435,3,49.90
2025-05-14,P010,C0480,10,49.90
2025-09-11,P017,C0251,20,19.99
2025-05-03,P015,C0179,2,35.00
2025-07-16,P011,C0458,5,35.00
2025-06-11,P008,C0208,-2,19.99
2025-07-17,P012,C0109,3,49.90
2025-08-07,P016,C0440,4,49.90
2025-01-25,P003,C0270,3,8.90
2025-10-27,P014,C0296,3,19.99
2025-10-24,P015,C0214,4,79.00
2025-05-17,P017,C0453,1,24.75
2025-05-15,P001,C0214,2,12.50
2025-03-10,P011,C0056,10,79.00
2025-08-01,P003,C0330,4,19.99
2025-10-03,P006,C0272,1,19.99
2025-10-02,P013,C0321,0,19.99
2025-02-25,P013,C0186,5,19.99
2025-06-25,P018,C0467,1,19.99
2025-03-25,P018,C0136,1,12.50
2025-11-13,P007,C0422,1,12.50
2025-11-03,P018,C0032,2,12.50
2025-02-22,P019,C0336,1,8.90
2025-10-09,P019,C0396,3,24.75
2025-04-11,,C0375,-2,19.99
2025-03-22,P018,C0076,5,12.50
2025-11-17,P002,C0076,3,24.75
2025-03-16,P002,C0344,1,24.75
2025-12-28,P014,C0288,3,19.99
2025-02-06,P019,C0147,3,8.90
2025-09-22,P004,C0087,1,19.99
2025-03-08,P010,,0,35.00
2025-12-30,P009,C0049,5,35.00
2025-12-23,P007,C0236,2,19.99
2025-05-22,P012,C0148,1,12.50
2025-08-04,P006,C0396,3,19.99
2025-06-06,P018,C0484,1,49.90
2025-03-02,P009,C0369,4,8.90
2025-02-05,P009,C0203,2,79.00
2025-11-29,P018,C0371,3,12.50
2025-09-30,P018,C0264,20,12.50
2025-05-07,P010,C0135,2,12.50
2025-07-14,P008,C0176,4,19.99
2025-01-23,P014,C0312,1,35.00
2025-07-12,P011,C0404,1,12.50
2025-01-31,P016,C0229,2,49.90
2025-04-12,P012,C0116,3,8.90
2025-11-19,P006,C0073,-2,24.75
2025-04-13,P015,C0347,3,24.75
2025-02-06,P006,C0235,2,49.90
2025-04-24,P019,C0342,1,79.00
2025-05-07,P006,C0460,1,12.50
2025-06-11,P003,C0462,4,49.90
2025-12-08,P020,C0087,5,12.50
2025-02-14,P018,C0482,3,79.00
2025-06-12,P012,C0304,3,12.50
2025-03-21,P014,C0384,3,24.75
2025-10-06,P005,C0002,3,24.75
2025-02-02,P003,C0250,2,24.75
2025-06-14,P001,C0488,-2,79.00
2025-09-03,P012,C0153,2,12.50
2025-06-10,P002,C0448,1,79.00
2025-10-15,P012,C0180,4,8.90
2025-10-03,P009,C0077,2,12.50
2025-05-30,P017,C0450,2,49.90
2025-07-10,P011,C0414,1,79.00
2025-11-07,P002,C0060,4,19.99
2025-02-06,P005,C0044,5,12.50
2025-03-11,P012,C0042,10,24.75
2025-08-31,P013,C0337,10,24.75
2025-04-05,P014,C0333,2,8.90
2025-11-18,P018,C0205,5,79.00
2025-07-02,P007,C0480,1,24.75
2025-04-10,P018,C0280,1,24.75
2025-03-10,P008,C0373,2,49.90
2025-08-19,P003,C0350,2,12.50
2025-01-01,P015,C0227,5,49.90
2025-03-07,P008,C0424,1,8.90
2025-02-12,P012,C0233,3,35.00
2025-03-13,P008,C0121,3,19.99
2025-07-05,P001,C0268,2,24.75
2025-09-10,P005,C0071,2,24.75
2025-05-06,P005,C0118,4,8.90
2025-04-25,P010,C0012,20,35.00
2025-06-15,P004,C0093,2,24.75
2025-07-24,P017,C0426,1,35.00
2025-01-13,P016,C0058,1,24.75
2025-03-27,P020,C0260,4,24.75
2025-08-13,P008,C0189,3,49.90
2025-07-25,P017,C0034,2,79.00
2025-04-11,P010,C0397,3,8.90
2025-09-13,P012,C0236,3,19.99
2025-11-30,P015,C0405,1,19.99
2025-11-30,P004,C0346,0,8.90
2025-12-02,P007,C0366,5,8.90
2025-09-12,P015,C0080,4,8.90
2025-12-02,P001,C0098,1,12.50
2025-04-11,P015,C0045,1,24.75
2025-04-07,P010,C0215,1,35.00
2025-01-20,P008,C0094,10,12.50
2025-01-10,P003,C0272,1,19.99
2025-10-08,P002,C0113,1,24.75
2025-12-31,P018,C0491,2,35.00
2025-10-27,P013,C0319,2,49.90
2025-08-30,P018,C0282,20,49.90
2025-01-28,P005,C0337,4,12.50
2025-06-26,P012,C0341,3,35.00
2025-08-14,P006,C0008,10,79.00
2025-10-31,P011,C0095,1,24.75
2025-05-14,P016,C0161,2,49.90
2025-12-31,P017,C0242,2,8.90
2025-07-25,P006,C0177,3,49.90
2025-02-17,P013,C0307,4,24.75
2025-09-09,P003,C0452,1,79.00
2025-06-28,P012,C0494,10,8.90
2025-07-23,P005,C0395,4,24.75
2025-07-29,P005,C0208,3,12.50
2025-05-16,P004,C0495,1,79.00
2025-03-24,P002,C0218,5,79.00
2025-09-21,P001,C0016,2,8.90
2025-01-05,P007,C0162,4,35.00
2025-05-15,P002,C0432,4,49.90
2025-05-03,P006,C0347,1,49.90
2025-09-07,P012,C0421,1,24.75
2025-04-16,P001,C0228,4,79.00
2025-02-23,P004,C0457,3,8.90
2025-01-30,P001,C0036,2,24.75
2025-12-09,P005,C0301,3,8.90
2025-09-02,P018,C0392,3,12.50
2025-09-11,P019,C0210,3,35.00
2025-08-12,P020,C0083,5,24.75
2025-06-23,P020,C0327,1,8.90
2025-02-17,P008,C0339,4,12.50
2025-07-09,P004,C0230,4,19.99
2025-03-30,P003,C0468,3,49.90
2025-01-19,P015,C0200,3,24.75
2025-06-19,P008,C0391,1,35.00
2025-02-10,P004,C0500,3,12.50
2025-05-27,P003,C0308,1,19.99
2025-06-05,P017,C0191,10,49.90
2025-02-27,P012,C0226,1,49.90
2025-12-20,P017,C0316,2,35.00
2025-08-04,P020,C0032,2,12.50
2025-12-07,P020,C0253,1,24.75
2025-08-16,P003,C0474,1,79.00
2025-04-16,P001,C0475,2,49.90
2025-02-25,P005,C0086,1,49.90
2025-02-16,P004,C0376,4,35.00
2025-04-22,P015,C0356,4,79.00
2025-03-18,P019,C0404,10,35.00
2025-09-19,P004,C0019,1,8.90
2025-06-22,P009,C0085,3,79.00
2025-10-09,P020,C0478,2,12.50
2025-03-24,P008,C0180,3,35.00
2025-10-25,P008,C0345,2,19.99
2025-08-10,P018,C0259,3,12.50
2025-10-18,P002,C0294,5,79.00
2025-02-03,P002,C0241,3,19.99
2025-04-24,P007,C0033,2,35.00
2025-04-29,P004,C0026,1,35.00
2025-08-18,P004,C0246,4,24.75
2025-01-16,P007,C0204,1,49.90
2025-11-09,P007,C0206,1,79.00
2025-03-15,P012,C0329,1,79.00
2025-08-12,P008,C0251,1,8.90
2025-09-26,P006,C0222,4,12.50
2025-08-24,P006,C0207,4,49.90
2025-10-26,P005,C0130,3,19.99
2025-08-26,P010,C0075,1,24.75
2025-01-31,P003,C0317,2,8.90
2025-12-29,P014,C0451,3,79.00
2025-06-26,P007,C0156,1,49.90
2025-01-05,P015,C0228,5,35.00
2025-12-08,P003,C0027,2,49.90
2025-02-19,P010,C0292,5,8.90
2025-12-22,P012,C0085,10,49.90
2025-02-11,P005,C0215,5,12.50
2025-05-11,P014,C0098,4,19.99
2025-04-19,P006,C0193,5,35.00
2025-01-25,P015,C0194,1,8.90
2025-12-24,P004,C0387,10,19.99
2025-09-05,P019,C0415,2,79.00
2025-11-24,P005,C0320,1,19.99
2025-08-12,P009,C0125,2,8.90
2025-07-08,P005,C0230,3,79.00
2025-07-31,P016,C0169,3,12.50
2025-03-20,P012,C0381,2,24.75
2025-06-18,P005,C0009,4,12.50
2025-05-19,P013,C0215,2,24.75
2025-09-22,P008,C0322,1,49.90
2025-03-06,P018,C0300,1,8.90
2025-02-25,P004,C0394,20,24.75
2025-03-27,P013,C0233,1,35.00
2025-02-05,P015,C0115,3,35.00
2025-02-24,P018,C0073,0,12.50
2025-04-24,P020,C0263,3,24.75
2025-07-22,P020,C0269,10,49.90
2025-04-02,P005,C0479,1,12.50
2025-05-05,P006,C0234,2,8.90
2025-08-04,P005,C0267,20,35.00
2025-12-03,P016,C0061,2,19.99
2025-02-20,P016,C0093,5,19.99
2025-02-21,P012,C0224,4,35.00
2025-10-24,P003,C0135,4,8.90
2025-06-15,P019,C0148,5,8.90
2025-07-08,P006,C0237,4,12.50
2025-05-15,P014,C0237,2,8.90
2025-12-22,P002,C0113,2,19.99
2025-04-18,P014,C0082,2,19.99
2025-01-01,P012,C0489,2,79.00
2025-04-28,P017,C0063,20,8.90
2025-08-07,P017,C0438,4,24.75
2025-08-18,P019,C0384,10,12.50
2025-08-21,P020,C0308,10,12.50
2025-03-05,P002,C0110,1,12.50
2025-10-04,P006,C0273,5,12.50
2025-10-10,P008,C0238,2,12.50
2025-03-11,P018,C0099,1,35.00
2025-07-14,P007,C0244,1,24.75
2025-12-19,P002,C0425,5,12.50
2025-05-17,P010,C0454,3,19.99
2025-12-22,P018,C0063,2,79.00
2025-03-15,P007,C0400,3,49.90
2025-04-17,P016,C0435,2,19.99
2025-07-28,P013,C0385,3,79.00
2025-09-14,P006,C0236,4,24.75
2025-10-05,P007,C0147,1,35.00
2025-11-14,P019,C0149,4,49.90
2025-06-26,P006,C0111,4,79.00
2025-07-22,P019,C0462,5,35.00
2025-07-22,P004,C0454,1,79.00
2025-01-19,P007,C0437,1,49.90
2025-03-26,P019,C0268,5,79.00
2025-08-10,P008,C0035,10,49.90
2025-12-16,P014,C0291,5,12.50
2025-01-18,P012,C0302,2,79.00
2025-06-01,P005,C0281,1,79.00
2025-02-03,P008,C0442,1,35.00
2025-08-06,P002,C0251,20,12.50
2025-03-16,P010,C0090,4,24.75
2025-04-02,P002,C0131,20,12.50
2025-04-26,P018,C0357,2,8.90
2025-05-06,P009,C0396,1,24.75
2025-10-06,P016,C0284,1,12.50
2025-12-28,P003,C0310,2,79.00
2025-12-11,P008,C0226,3,79.00
2025-11-13,P016,C0147,4,12.50
2025-05-24,P015,C0465,1,8.90
2025-11-07,P008,C0164,10,79.00
2025-02-17,P002,C0189,1,24.75
2025-08-19,P007,C0369,3,8.90
2025-04-23,P008,C0365,2,8.90
2025-02-21,P020,C0468,4,8.90
2025-08-25,P018,C0242,5,24.75
2025-12-08,P019,C0443,5,49.90
2025-06-23,P018,C0489,2,35.00
2025-08-02,P009,C0063,1,12.50
2025-08-03,P002,C0054,3,12.50
2025-11-22,P009,C0207,10,35.00
2025-02-02,P007,C0362,5,35.00
2025-09-07,P004,C0376,10,24.75
2025-02-19,P020,C0344,5,49.90
2025-12-19,P007,C0418,4,19.99
2025-02-14,P002,C0276,3,35.00
2025-01-30,P010,C0078,4,49.90
2025-05-08,P015,C0017,10,24.75
2025-05-16,P010,C0179,1,8.90
2025-08-04,P001,C0266,1,79.00
2025-07-13,P002,C0065,1,12.50
2025-06-29,P018,C0489,1,79.00
2025-12-20,P001,C0052,4,49.90
2025-07-28,P001,C0159,4,49.90
2025-12-14,P004,C0149,1,24.75
2025-08-16,P005,C0181,1,12.50
2025-07-29,P012,C0379,3,12.50
2025-01-07,P016,C0154,2,8.90
2025-01-09,P003,C0113,5,79.00
2025-03-20,P015,C0441,3,35.00
2025-08-27,P005,C0326,0,8.90
2025-11-13,P008,C0360,2,49.90
2025-12-13,P003,C0244,2,49.90
2025-02-19,P010,C0282,3,49.90
2025-07-14,P008,C0209,5,49.90
2025-11-18,P004,C0318,0,12.50
2025-01-22,P001,C0091,1,49.90
2025-05-21,P005,C0098,2,24.75
2025-10-08,P016,C0043,2,12.50
2025-05-24,P012,C0197,2,24.75
2025-11-07,P016,C0135,5,19.99
2025-11-15,P011,C0477,1,49.90
2025-03-06,P019,C0089,4,12.50
2025-11-07,P008,C0004,5,12.50
2025-10-31,P005,C0064,2,19.99
2025-05-21,P004,C0382,1,79.00
2025-10-08,P019,C0031,10,79.00
2025-04-17,P002,C0288,3,8.90
2025-05-21,P018,C0158,1,49.90
2025-12-07,P004,C0392,3,12.50
2025-02-10,P017,C0113,1,79.00
2025-11-14,P017,C0153,4,24.75
2025-03-13,P016,C0071,3,8.90
2025-10-22,P005,C0053,3,12.50
2025-05-10,P005,C0218,1,12.50
2025-08-17,P008,C0336,0,19.99
2025-05-09,P004,C0070,2,19.99
2025-02-26,P014,C0135,4,35.00
2025-11-17,P020,C0132,2,24.75
2025-08-28,P011,C0132,4,12.50
2025-10-19,P015,C0056,4,35.00
2025-01-16,P008,C0481,1,79.00
2025-02-23,P008,C0486,1,49.90
2025-09-25,P019,C0237,2,24.75
2025-04-02,P019,C0353,10,12.50
2025-08-18,P010,C0027,5,79.00
2025-07-12,P001,C0379,2,49.90
2025-02-18,P003,C0029,2,19.99
2025-04-22,P015,C0201,4,12.50
2025-12-24,P013,C0417,1,79.00
2025-03-27,P006,C0378,3,12.50
2025-08-08,P007,C0127,20,24.75
2025-09-13,P006,C0064,3,49.90
2025-08-21,P010,C0235,5,19.99
2025-01-01,P004,C0099,1,79.00
2025-05-04,P001,C0463,1,8.90
2025-01-17,P004,C0306,1,49.90
2025-11-14,P001,C0218,4,35.00
2025-05-15,P017,C0438,1,8.90
2025-06-10,P017,C0035,2,19.99
2025-09-11,P005,C0336,10,8.90
2025-04-18,P020,C0055,5,24.75
2025-07-29,P003,C0252,10,49.90
2025-11-20,P007,C0371,2,49.90
2025-08-20,P019,C0419,4,8.90
2025-12-24,P012,C0046,2,49.90
2025-08-13,P001,C0408,2,19.99
2025-10-25,P016,C0382,5,79.00
2025-07-15,P014,C0269,1,79.00
2025-04-23,P005,C0146,1,49.90
2025-12-01,P016,C0189,5,79.00
2025-05-23,P005,C0472,5,19.99
2025-10-02,P011,C0326,1,24.75
2025-02-17,P011,C0268,4,8.90
2025-02-07,P014,C0162,2,19.99
2025-10-10,P009,C0158,1,49.90
2025-06-23,P014,C0280,1,49.90
2025-07-21,P014,C0282,4,49.90
2025-07-22,P007,C0226,3,8.90
2025-08-29,P020,C0006,2,8.90
2025-04-02,P019,C0392,5,24.75
2025-08-07,P013,C0186,1,12.50
2025-04-14,P009,C0485,2,49.90
2025-11-28,P014,C0430,3,8.90
2025-10-14,P008,C0002,5,79.00
2025-03-01,P005,C0091,4,12.50
2025-04-22,P015,C0251,2,49.90
2025-11-18,P001,C0088,2,8.90
2025-04-23,P015,C0372,5,49.90
2025-03-27,P016,C0219,5,24.75
2025-05-04,P004,C0299,10,19.99
2025-05-06,P014,C0217,1,24.75
2025-02-27,P017,C0480,1,24.75
2025-10-30,P007,C0407,4,24.75
2025-10-07,P005,C0112,1,19.99
2025-12-19,P016,C0310,3,79.00
2025-06-15,P003,C0071,3,49.90
2025-05-10,P015,C0331,1,24.75
2025-07-14,P003,C0144,3,24.75
2025-03-14,P018,C0456,2,79.00
2025-07-16,P011,C0282,2,79.00
2025-04-01,P013,C0058,2,8.90
2025-07-31,P007,C0054,4,8.90
2025-02-19,P005,C0144,10,19.99
2025-10-22,P008,C0310,5,12.50
2025-07-02,P005,C0229,2,24.75
2025-02-10,P019,C0050,1,12.50
2025-11-16,P004,C0184,1,19.99
2025-07-22,P017,C0494,10,35.00
2025-05-31,P018,C0072,5,8.90
2025-07-12,P014,C0306,1,79.00
2025-09-15,P016,C0493,1,12.50
2025-09-14,P012,C0498,3,12.50
2025-07-05,P006,C0343,2,49.90
2025-05-29,P011,C0077,1,35.00
2025-11-15,P005,C0358,2,19.99
2025-08-02,P013,C0377,4,24.75
2025-06-25,P010,C0151,1,24.75
2025-04-27,P009,C0404,2,12.50
2025-12-05,P016,C0282,3,19.99
2025-03-31,P010,C0272,5,35.00
2025-05-31,P018,C0241,2,79.00
2025-02-10,P004,C0168,-2,12.50
2025-05-20,P009,C0408,4,35.00
2025-12-06,P003,C0305,3,35.00
2025-10-16,P016,C0147,10,35.00
2025-07-21,P018,C0123,1,49.90
2025-08-27,P010,C0288,1,49.90
2025-12-21,P003,C0319,1,79.00
2025-08-09,P009,C0401,2,49.90
2025-06-07,P014,C0239,1,12.50
2025-04-20,P001,C0422,3,19.99
2025-12-19,P007,C0440,1,79.00
2025-07-15,P002,C0402,3,49.90
2025-06-26,P014,C0303,1,19.99
2025-01-17,P012,C0440,1,12.50
2025-03-22,P016,C0139,4,49.90
2025-05-01,P012,C0440,1,24.75
2025-02-05,P018,C0442,3,49.90
2025-05-25,P014,C0093,1,24.75
2025-01-21,P006,C0392,5,19.99
2025-10-03,P016,C0272,3,8.90
2025-04-12,P017,C0228,2,24.75
2025-12-16,P016,C0093,1,19.99
2025-04-10,P019,C0102,5,79.00
2025-12-18,P019,C0441,2,19.99
2025-04-24,P013,C0196,3,79.00
2025-03-02,P018,C0117,4,35.00
2025-12-30,P017,C0046,3,12.50
2025-08-22,P015,C0260,3,8.90
2025-04-08,P012,C0418,20,19.99
2025-12-25,P014,C0437,1,49.90
2025-12-31,P001,C0464,1,12.50
2025-05-15,P015,C0209,4,19.99
2025-01-20,P006,C0491,3,35.00
2025-06-05,P009,C0410,5,79.00
2025-12-31,P014,C0271,2,8.90
2025-08-03,P020,C0411,10,24.75
2025-05-12,P011,C0105,2,19.99
2025-03-04,P018,C0005,1,19.99
2025-09-12,P010,C0350,4,19.99
2025-02-14,P018,C0364,5,8.90
2025-07-19,P010,C0291,2,49.90
2025-11-04,P006,C0292,3,24.75
2025-03-31,P006,C0360,5,19.99
2025-08-20,P004,C0317,1,19.99
2025-09-02,P005,C0429,3,19.99
2025-12-09,P015,C0191,2,8.90
2025-08-03,P002,C0308,1,8.90
2025-10-03,P016,C0353,2,24.75
2025-06-11,P006,C0403,2,79.00
2025-07-21,P013,C0057,1,35.00
2025-06-05,P019,C0109,1,12.50
2025-02-13,P006,C0476,1,12.50
2025-01-29,P011,C0227,10,8.90
2025-06-12,P004,C0127,4,8.90
2025-02-26,P004,C0123,5,35.00
2025-06-13,P012,C0321,1,35.00
2025-09-12,P013,C0137,4,19.99
2025-09-16,P002,C0369,5,19.99
2025-04-11,P012,C0167,3,49.90
2025-10-07,P004,C0215,1,35.00
2025-07-06,P003,C0121,2,8.90
2025-12-08,P016,C0338,5,12.50
2025-05-09,P010,C0064,3,12.50
2025-06-28,P001,C0407,3,24.75
2025-06-01,P018,C0051,10,19.99
2025-06-03,P007,C0079,2,24.75
2025-06-04,P014,C0374,2,35.00
2025-08-20,P016,C0010,1,35.00
2025-02-03,P020,C0438,5,79.00
2025-01-25,P013,C0196,4,12.50
2025-07-18,P013,C0331,1,35.00
2025-08-13,P003,C0393,3,12.50
2025-04-15,P018,C0330,1,35.00
2025-03-25,P020,C0079,4,8.90
2025-04-06,P002,C0172,10,35.00
2025-05-08,P001,C0266,4,24.75
2025-05-06,P018,C0482,3,49.90
2025-08-02,P019,C0396,4,35.00
2025-09-30,P012,C0417,10,79.00
2025-08-31,P012,C0289,3,12.50
2025-09-23,P020,C0395,3,12.50
2025-05-05,P010,C0136,5,19.99
2025-01-20,P007,C0238,1,49.90
2025-12-17,P006,C0045,5,12.50
2025-05-26,P001,C0417,4,19.99
2025-02-28,P002,C0129,1,8.90
2025-02-26,P012,C0321,5,35.00
2025-01-20,P013,C0170,3,79.00
2025-07-24,P005,C0107,1,12.50
2025-12-22,P018,C0376,3,19.99
2025-02-01,P012,C0172,3,19.99
2025-01-16,P001,C0353,2,49.90
2025-09-08,P008,C0301,0,19.99
2025-08-24,P020,C0173,0,24.75
2025-07-04,P015,C0388,4,49.90
2025-12-24,P019,C0415,2,35.00
2025-12-06,P008,C0004,5,49.90
2025-06-30,P015,C0477,5,35.00
2025-04-14,P002,C0228,1,49.90
2025-02-21,P016,C0202,2,24.75
2025-05-30,P006,C0488,10,8.90
2025-11-09,P005,C0108,3,12.50
2025-08-11,P001,C0068,3,35.00
2025-07-31,P016,C0217,4,49.90
2025-10-12,P011,C0423,10,24.75
2025-06-28,P010,C0165,1,12.50
2025-09-10,P019,C0168,1,19.99
2025-01-14,P012,C0432,4,49.90
2025-10-23,P008,C0142,5,79.00
2025-06-29,P018,C0348,4,49.90
2025-02-27,P019,C0382,10,12.50
2025-05-03,P015,C0461,4,49.90
2025-07-10,P010,C0114,4,79.00
2025-01-13,P014,C0001,1,8.90
2025-07-14,P020,C0229,1,12.50
2025-07-05,P006,C0362,1,79.00
2025-11-25,P007,C0134,3,24.75
2025-03-16,P002,C0300,2,12.50
2025-03-03,P020,C0233,1,19.99
2025-12-25,P002,C0176,2,49.90
2025-05-31,P008,C0383,-2,12.50
2025-04-12,P016,C0265,2,79.00
2025-11-24,P001,C0072,2,8.90
2025-03-12,P005,C0332,1,79.00
2025-09-26,P017,C0478,4,8.90
2025-06-21,P012,C0038,1,8.90
2025-04-28,P018,C0328,1,12.50
2025-12-24,P012,C0337,4,79.00
2025-11-12,P003,C0009,2,12.50
2025-09-20,P014,C0210,4,19.99
2025-06-10,P010,C0334,4,35.00
2025-06-03,P003,C0127,3,49.90
2025-06-03,P002,C0142,4,12.50
2025-08-31,P005,C0145,2,24.75
2025-06-25,P016,C0496,5,35.00
2025-02-04,P020,C0319,2,12.50
2025-07-14,P013,C0476,3,24.75
2025-07-18,P016,C0271,3,12.50
2025-07-01,P004,C0485,3,35.00
2025-07-28,P020,C0137,1,49.90
2025-01-09,P016,C0284,2,24.75
2025-12-26,P012,C0405,1,8.90
2025-08-16,P016,C0063,2,12.50
2025-11-24,P018,C0004,1,24.75
2025-11-28,P019,C0280,5,79.00
2025-02-01,P017,C0048,2,35.00
2025-11-03,P010,C0041,3,12.50
2025-05-07,P013,C0068,3,49.90
2025-09-25,P014,C0387,2,24.75
2025-09-06,P010,C0314,2,79.00
2025-06-10,P007,C0311,3,8.90
2025-03-13,P011,C0167,1,12.50
2025-09-30,P017,C0381,1,12.50
2025-07-19,P002,C0275,3,24.75
2025-10-26,P012,C0214,20,24.75
2025-08-21,P011,C0349,4,8.90
2025-08-19,P012,C0158,1,12.50
2025-03-08,P001,C0441,5,49.90
2025-07-25,P001,C0083,1,19.99
2025-04-14,P003,C0124,1,8.90
2025-06-15,P017,C0432,1,35.00
2025-09-27,P010,C0281,2,8.90
2025-10-24,P011,C0309,3,24.75
2025-06-24,P004,C0358,3,35.00
2025-12-06,P003,C0452,2,49.90
2025-07-13,P002,C0031,3,19.99
2025-12-09,P019,C0128,2,19.99
2025-11-04,P002,C0399,5,19.99
2025-06-04,P013,C0121,4,12.50
2025-01-24,P015,C0424,2,79.00
2025-11-16,P005,C0105,1,24.75
2025-08-23,P009,C0357,3,35.00
2025-09-16,P014,C0046,3,79.00
2025-12-04,P002,C0163,2,79.00
2025-12-11,P003,C0392,20,24.75
2025-10-29,P002,C0050,1,24.75
2025-10-16,P016,C0464,3,79.00
2025-02-07,P002,C0415,2,79.00
2025-09-30,P001,C0470,2,12.50
2025-09-18,P004,C0456,4,35.00
2025-03-18,P002,C0343,2,79.00
2025-05-13,P020,C0415,2,8.90
2025-03-27,P019,C0002,0,19.99
2025-02-24,P002,C0308,20,8.90
2025-02-01,P007,C0110,5,35.00
2025-03-19,P014,C0209,1,19.99
2025-01-25,P018,C0205,1,35.00
2025-09-11,P008,C0002,4,79.00
2025-11-04,P009,C0098,2,35.00
2025-02-16,P017,C0309,2,12.50
2025-06-24,P014,C0015,1,12.50
2025-05-14,P005,C0483,4,79.00
2025-11-08,P019,C0462,4,49.90
2025-02-09,P013,C0459,5,12.50
2025-05-30,P007,C0194,5,35.00
2025-10-13,P012,C0479,2,12.50
2025-05-13,P009,C0409,1,24.75
2025-06-29,P013,C0484,2,35.00
2025-04-24,P005,C0045,4,19.99
2025-04-29,P019,C0210,10,8.90
2025-06-23,P008,C0432,-2,8.90
2025-07-18,P001,C0427,5,35.00
2025-05-07,P006,C0438,1,49.90
2025-06-14,P008,C0184,2,24.75
2025-07-18,P014,C0292,2,49.90
2025-04-08,P003,C0194,2,19.99
2025-11-14,P007,C0440,0,24.75
2025-06-22,P017,C0387,1,8.90
2025-01-19,P013,C0163,2,19.99
2025-12-12,P019,C0484,1,79.00
2025-12-27,P013,C0186,2,79.00
2025-12-30,P014,C0007,5,79.00
2025-11-11,P017,C0196,1,24.75
2025-06-15,P014,C0171,2,8.90
2025-02-24,P004,C0074,3,8.90
2025-09-09,P010,C0468,1,8.90
2025-12-29,P005,C0456,1,35.00
2025-02-23,P001,C0178,4,35.00
2025-02-18,P020,C0075,1,8.90
2025-11-15,P017,C0123,4,35.00
2025-11-10,P020,C0325,10,79.00
2025-09-23,P010,C0061,4,8.90
2025-12-23,P007,C0440,1,8.90
2025-01-06,P017,C0109,5,12.50
2025-09-01,P016,C0039,5,19.99
2025-08-07,P011,C0044,3,49.90
2025-09-12,P005,C0216,10,35.00
2025-04-06,P019,C0351,4,12.50
2025-03-06,P019,C0079,4,49.90
2025-08-02,P009,C0137,5,8.90
2025-01-02,P010,C0249,4,24.75
2025-01-04,P007,C0387,3,79.00
2025-08-25,P012,C0422,10,19.99
2025-02-06,P017,C0030,2,19.99
2025-10-27,P009,C0118,2,8.90
2025-12-23,P001,C0066,3,19.99
2025-06-26,P002,C0204,3,24.75
2025-04-06,P019,C0270,2,8.90
2025-09-18,P008,C0271,2,24.75
2025-10-09,P013,C0382,2,12.50
2025-03-28,P006,C0008,20,8.90
2025-02-16,P002,C0002,3,79.00
2025-08-10,P013,C0415,2,12.50
2025-07-20,P003,C0137,2,49.90
2025-04-25,P006,C0243,3,8.90
2025-10-19,P010,C0368,1,8.90
2025-12-25,P004,C0457,10,49.90
2025-05-02,P002,C0033,4,12.50
2025-06-09,P014,C0203,4,19.99
2025-08-05,P019,C0452,10,19.99
2025-10-22,P002,C0336,1,19.99
2025-01-14,P019,C0372,1,35.00
2025-01-15,P017,C0026,2,8.90
2025-06-05,P013,C0260,2,35.00
2025-10-13,P013,C0403,4,35.00
2025-11-27,P004,C0375,1,24.75
2025-08-16,P006,C0093,1,19.99
2025-10-22,P010,C0123,3,8.90
2025-02-15,P002,C0205,1,12.50
2025-09-03,P017,C0283,4,19.99
2025-09-18,P009,C0484,20,49.90
2025-09-09,P016,C0249,2,12.50
2025-06-11,P004,C0374,5,24.75
2025-03-21,P011,C0128,1,12.50
2025-01-25,P008,C0472,1,79.00
2025-01-23,P019,C0219,1,79.00
2025-02-23,P008,C0342,1,19.99
2025-10-09,P011,C0456,2,12.50
2025-01-26,P014,C0493,1,19.99
2025-07-08,P005,C0369,5,24.75
2025-03-22,P018,C0024,5,24.75
2025-12-07,P020,C0377,4,79.00
2025-11-14,P003,C0421,3,8.90
2025-08-24,P011,C0026,4,79.00
2025-02-18,P002,C0244,2,24.75
2025-01-12,P014,C0470,1,19.99
2025-06-15,P018,C0272,4,49.90
2025-08-18,P007,C0368,5,49.90
2025-06-22,P013,C0117,3,35.00
2025-10-31,P008,C0191,5,49.90
2025-10-24,P017,C0108,3,24.75
2025-07-08,P002,C0440,1,12.50
2025-09-08,P015,C0157,-2,35.00
2025-01-27,P006,C0299,5,12.50
2025-08-01,P002,C0297,1,79.00
2025-02-19,P007,C0481,3,35.00
2025-02-06,P012,C0489,2,8.90
2025-11-24,P013,C0034,1,12.50
2025-12-04,P006,C0364,4,79.00
2025-12-30,P016,C0181,3,35.00
2025-03-15,P019,C0403,1,19.99
2025-04-06,P013,C0270,2,79.00
2025-11-12,P017,C0452,3,35.00
2025-02-10,P004,C0067,1,79.00
2025-02-19,P010,C0227,1,8.90
2025-12-23,P017,C0136,4,35.00
2025-08-27,P017,C0037,2,24.75
2025-04-22,P001,C0164,4,24.75
2025-11-21,P014,C0101,3,79.00
2025-03-24,P012,C0240,4,19.99
2025-03-02,P010,C0095,1,19.99
2025-05-16,P006,C0089,1,49.90
2025-10-21,P012,C0203,1,49.90
2025-07-15,P004,C0075,2,35.00
2025-11-01,P006,C0477,4,8.90
2025-12-07,P009,C0139,4,8.90
2025-11-04,P001,C0312,2,35.00
2025-10-27,P015,C0352,-2,12.50
2025-03-10,P010,C0440,1,35.00
2025-05-27,P010,C0492,3,35.00
2025-05-13,P017,C0348,5,35.00
2025-09-28,P004,C0173,2,24.75
2025-01-08,P010,C0254,4,24.75
2025-05-22,P015,C0415,1,49.90
2025-07-24,P019,C0309,4,79.00
2025-02-27,P002,C0372,5,12.50
2025-08-25,P006,C0093,5,24.75
2025-11-22,P020,C0086,-2,24.75
2025-08-20,P017,C0041,1,12.50
2025-05-05,P012,C0063,1,49.90
2025-12-20,P016,C0325,2,8.90
2025-07-25,P007,C0438,1,19.99
2025-04-06,P018,C0333,4,12.50
2025-10-09,P010,C0491,2,49.90
2025-01-31,P011,C0414,4,24.75
2025-05-20,P006,C0279,4,8.90
2025-12-06,P020,C0345,1,19.99
2025-07-17,P010,C0138,1,49.90
2025-04-07,P003,C0258,1,24.75
2025-05-22,P013,C0195,1,8.90
2025-08-02,P020,C0060,2,49.90
2025-05-03,P014,C0189,2,24.75
2025-01-22,P007,C0281,1,35.00
2025-03-07,P010,C0329,2,19.99
2025-01-05,P001,C0382,10,24.75
2025-09-28,P009,C0100,2,19.99
2025-11-14,P010,C0410,2,8.90
2025-03-15,P010,C0467,2,19.99
2025-10-09,P003,C0498,5,35.00
2025-03-12,P009,C0074,1,24.75
2025-12-05,P003,C0432,4,49.90
2025-06-21,P005,C0359,5,19.99
2025-10-17,P003,C0284,1,12.50
2025-12-23,P011,C0314,3,12.50
2025-05-22,P010,C0453,2,49.90
2025-02-11,P008,C0191,2,24.75
2025-07-28,P014,C0116,5,35.00
2025-09-18,P002,C0183,1,12.50
2025-05-17,P014,C0404,2,79.00
2025-11-01,P020,C0472,3,8.90
2025-09-24,P017,C0085,1,35.00
2025-03-19,P002,C0294,1,12.50
2025-04-09,P007,C0422,2,12.50
2025-09-26,P006,C0412,3,19.99
2025-02-02,P012,C0404,1,12.50
2025-03-29,P019,C0256,4,35.00
2025-09-22,P010,C0092,1,12.50
2025-01-11,P016,C0126,3,24.75
2025-06-13,P001,C0250,1,19.99
2025-11-06,P018,C0181,10,49.90
2025-10-24,P010,C0075,3,19.99
2025-03-05,P005,C0161,1,19.99
2025-01-10,P018,C0363,3,8.90
2025-08-08,P004,C0313,4,12.50
2025-05-26,P017,C0035,10,35.00
2025-04-04,P010,C0097,1,8.90
2025-12-09,P008,C0193,3,12.50
2025-05-30,P019,C0376,1,12.50
2025-11-02,P020,C0235,10,24.75
2025-12-31,P007,C0408,4,19.99
2025-09-12,P009,C0363,2,79.00
2025-06-26,P008,C0310,1,49.90
2025-12-13,P013,C0139,5,19.99
2025-12-02,P005,C0220,1,24.75
2025-01-30,P011,C0271,4,19.99
2025-08-28,P018,C0308,3,19.99
2025-08-06,P013,C0063,1,79.00
2025-11-26,P008,C0387,4,35.00
2025-11-16,P020,C0058,4,8.90
2025-02-10,P010,C0495,3,8.90
2025-12-21,P014,C0435,20,49.90
2025-10-15,P004,C0037,5,12.50
2025-06-16,P014,C0168,2,49.90
2025-09-02,P010,C0227,4,8.90
2025-11-26,P016,C0418,10,35.00
2025-02-13,P001,C0482,1,24.75
2025-06-01,P010,C0164,1,79.00
2025-01-31,P016,C0278,1,24.75
2025-12-03,P002,C0462,2,35.00
2025-02-13,P011,C0325,1,35.00
2025-09-14,P019,C0494,10,19.99
2025-10-28,P012,C0138,2,49.90
2025-01-17,P010,C0313,1,24.75
2025-05-16,P013,C0073,2,12.50
2025-03-25,P014,C0497,1,8.90
2025-08-05,P012,C0208,1,8.90
2025-08-06,P004,C0495,4,35.00
2025-12-11,P012,C0169,5,19.99
2025-12-08,P015,C0120,1,24.75
2025-06-19,P015,C0455,4,12.50
2025-08-24,P020,C0443,1,35.00
2025-04-15,P001,C0043,4,79.00
2025-03-26,P017,C0474,1,79.00
2025-12-04,P012,C0114,3,49.90
2025-03-11,P010,C0062,1,12.50
2025-03-18,P003,C0058,5,24.75
2025-02-22,P013,C0469,2,79.00
2025-11-18,P001,C0500,-2,19.99
2025-11-12,P011,C0366,2,79.00
2025-06-12,P013,C0206,20,8.90
2025-03-09,P011,C0484,3,12.50
2025-09-20,P019,C0429,4,49.90
2025-05-14,P018,C0332,2,12.50
2025-12-25,P004,C0486,1,12.50
2025-03-10,P007,C0121,3,49.90
2025-05-06,P015,C0471,1,19.99
2025-07-13,P002,C0216,2,49.90
2025-04-13,P018,C0184,1,19.99
2025-02-28,P014,C0073,1,24.75
2025-11-06,P018,C0130,1,49.90
2025-06-08,P011,C0289,1,79.00
2025-09-30,P016,C0443,2,49.90
2025-08-28,P007,C0323,2,35.00
2025-12-22,P002,C0123,20,19.99
2025-06-23,P011,C0242,4,49.90
2025-08-02,P003,C0385,2,24.75
2025-07-15,P009,C0321,4,19.99
2025-01-22,P009,C0225,1,35.00
2025-06-09,P020,C0014,2,49.90
2025-12-27,P013,C0379,10,19.99
2025-11-29,P012,C0140,2,49.90
2025-11-03,P018,C0357,5,8.90
2025-11-20,P003,C0291,3,24.75
2025-11-18,P012,C0070,2,12.50
2025-02-01,P003,C0179,4,8.90
2025-07-19,P013,C0257,10,35.00
2025-09-30,P011,C0287,4,24.75
2025-04-29,P010,C0404,3,12.50
2025-07-01,P007,C0170,4,12.50
2025-01-13,P016,C0143,2,35.00
2025-09-29,P017,C0412,1,35.00
2025-03-20,P001,C0283,4,49.90
2025-11-12,P004,C0156,3,12.50
2025-12-13,P012,C0148,1,12.50
2025-03-09,P010,C0247,1,8.90
2025-07-30,P004,C0057,1,49.90
2025-12-15,P010,C0258,3,79.00
2025-02-02,P004,C0498,1,24.75
2025-06-13,P012,C0036,2,79.00
2025-03-06,P015,C0121,2,49.90
2025-04-15,P004,C0100,1,8.90
2025-12-07,,C0119,1,19.99
2025-12-02,P015,C0105,1,12.50
2025-07-13,P001,C0343,4,8.90
2025-08-06,P020,C0295,1,35.00
2025-06-19,P005,C0451,3,8.90
2025-04-09,P005,C0097,2,49.90
2025-06-12,P017,C0068,3,79.00
2025-11-12,P011,C0102,4,19.99
2025-05-22,P005,C0003,4,49.90
2025-01-05,P006,C0405,1,24.75
2025-06-21,P006,C0184,-2,35.00
2025-04-09,P011,C0032,3,12.50
2025-05-28,P016,C0474,5,79.00
2025-02-17,P011,C0347,3,19.99
2025-08-17,P010,C0493,3,19.99
2025-10-23,P008,C0257,10,79.00
2025-08-02,P020,C0336,3,24.75
2025-06-07,P006,C0323,1,24.75
2025-03-29,P012,C0093,5,8.90
2025-03-06,P016,C0328,1,35.00
2025-12-17,P005,C0036,1,24.75
2025-01-03,P017,C0189,1,19.99
2025-06-06,P019,C0327,4,24.75
2025-02-16,P014,C0340,2,12.50
2025-11-24,P017,C0004,2,79.00
2025-04-08,P011,C0058,1,79.00
2025-04-22,P006,C0104,4,24.75
2025-01-31,P005,C0452,10,79.00
2025-10-05,P008,C0116,1,35.00
2025-12-25,P012,C0390,4,12.50
2025-02-24,P020,C0490,2,19.99
2025-02-19,P013,C0327,2,19.99
2025-08-05,P005,C0169,10,49.90
2025-04-09,P018,C0463,3,49.90
2025-03-04,P005,C0173,1,8.90
2025-01-21,P014,C0186,5,49.90
2025-12-23,P009,C0386,2,79.00
2025-02-14,P012,C0113,3,8.90
2025-07-30,P012,C0484,4,8.90
2025-02-17,P016,C0354,1,49.90
2025-08-28,P013,C0180,20,35.00
2025-10-08,P020,C0068,2,12.50
2025-05-16,P002,C0432,4,8.90
2025-03-07,P011,C0136,1,24.75
2025-10-25,P008,C0205,10,19.99
2025-05-22,P016,C0444,10,8.90
2025-10-22,P011,C0474,4,24.75
2025-07-27,P020,C0439,1,19.99
2025-07-16,P005,C0401,1,35.00
2025-06-08,P011,C0438,3,79.00
2025-04-08,P017,C0500,2,24.75
2025-06-22,P002,C0277,3,79.00
2025-12-24,P014,C0132,3,24.75
2025-05-24,P016,C0196,1,79.00
2025-04-08,P004,C0148,1,24.75
2025-01-22,P019,C0406,3,24.75
2025-10-31,P011,C0381,1,79.00
2025-12-19,P001,C0081,4,79.00
2025-07-20,P004,C0406,2,79.00
2025-01-11,P007,C0167,5,35.00
2025-05-29,P013,C0379,2,19.99
2025-08-30,P011,C0420,0,79.00
2025-11-29,P015,C0269,2,35.00
2025-12-03,P008,C0203,2,49.90
2025-05-02,P017,C0321,2,24.75
2025-09-16,P010,C0125,10,24.75
2025-05-11,P005,C0486,1,8.90
2025-08-14,P012,C0060,1,12.50
2025-01-31,P018,C0178,2,24.75
2025-09-05,P005,C0290,2,24.75
2025-10-24,P017,C0220,3,49.90
2025-09-25,P009,C0092,2,49.90
2025-05-05,P010,C0279,3,12.50
2025-09-20,P010,C0191,3,24.75
2025-01-19,P017,C0164,5,49.90
2025-11-05,P003,C0347,1,19.99
2025-06-15,P006,C0332,1,24.75
2025-11-03,P006,C0457,10,35.00
2025-03-03,P005,C0487,2,49.90
2025-08-06,P008,C0448,4,35.00
2025-04-02,P002,C0355,2,49.90
2025-04-05,P003,C0297,4,35.00
2025-06-11,P016,C0005,3,8.90
2025-11-19,P020,C0440,3,19.99
2025-03-24,P011,C0246,2,24.75
2025-06-04,P019,C0137,5,12.50
2025-03-27,P006,C0463,5,79.00
2025-09-18,P009,C0335,1,8.90
2025-07-09,P014,C0332,4,19.99
2025-05-21,P018,C0059,1,49.90
2025-02-09,P009,C0437,4,35.00
2025-10-21,P013,C0275,5,79.00
2025-12-08,P001,C0170,4,49.90
2025-08-24,P010,C0146,3,24.75
2025-10-12,P015,C0377,20,79.00
2025-11-01,P020,C0450,4,49.90
2025-12-27,P011,C0011,4,49.90
2025-07-15,P001,C0336,5,19.99
2025-10-05,P016,C0308,10,49.90
2025-07-29,P010,C0271,3,24.75
2025-09-17,P005,C0341,3,35.00
2025-03-18,P010,C0375,3,12.50
2025-03-09,P011,C0007,3,12.50
2025-07-12,P019,C0194,1,12.50
2025-12-22,P004,C0490,1,35.00
2025-03-30,P009,C0251,3,19.99
2025-03-15,P012,C0271,2,19.99
2025-01-24,P007,C0423,5,79.00
2025-10-11,P020,C0264,2,79.00
2025-04-22,P002,C0037,2,79.00
2025-02-05,P007,C0307,3,24.75
2025-07-13,P008,C0412,4,19.99
2025-07-06,P020,C0351,2,8.90
2025-09-13,P019,C0051,3,12.50
2025-08-25,P010,C0234,2,8.90
2025-05-26,P018,C0354,1,79.00
2025-07-06,P001,C0084,2,79.00
2025-05-21,P012,C0073,3,49.90
2025-05-20,P008,C0021,2,49.90
2025-01-23,P009,C0092,3,35.00
2025-01-03,P004,C0443,5,35.00
2025-09-01,P020,C0128,4,24.75
2025-10-26,P003,C0461,5,79.00
2025-03-28,P002,C0345,1,24.75
2025-06-02,P010,C0123,2,12.50
2025-08-11,P009,C0070,2,79.00
2025-05-29,P014,C0269,2,8.90
2025-11-06,P011,C0281,2,35.00
2025-11-05,P012,C0104,2,49.90
2025-03-29,P013,C0196,1,49.90
2025-09-05,P008,C0217,1,79.00
2025-08-12,P016,C0146,4,49.90
2025-05-02,P001,C0130,1,24.75
2025-09-21,P001,C0344,1,49.90
2025-05-15,P010,C0090,1,8.90
2025-01-02,P001,C0380,4,19.99
2025-02-05,P005,C0136,3,8.90
2025-09-17,P007,C0100,5,49.90
2025-01-12,P013,C0184,4,35.00
2025-03-16,P009,C0359,2,79.00
2025-12-25,P013,C0131,2,49.90
2025-01-11,P015,C0310,5,35.00
2025-01-11,P008,C0035,2,35.00
2025-09-28,P009,C0322,4,79.00
2025-10-20,P018,C0084,4,8.90
2025-12-10,P001,C0347,1,24.75
2025-06-20,P017,C0417,4,12.50
2025-09-26,P011,C0458,4,79.00
2025-09-06,P010,C0369,3,49.90
2025-05-17,P006,C0042,2,19.99
2025-08-28,P001,C0083,3,19.99
2025-08-09,P015,C0151,5,19.99
2025-12-01,P020,C0247,1,49.90
2025-08-20,P020,C0356,4,79.00
2025-06-23,P005,C0335,2,12.50
2025-04-17,P014,C0475,5,79.00
2025-01-20,P012,C0212,1,79.00
2025-02-25,P020,C0353,5,79.00
2025-04-10,P020,C0235,3,24.75
2025-07-16,P017,C0421,1,12.50
2025-02-28,P018,C0197,1,19.99
2025-12-18,P001,C0298,2,79.00
2025-05-31,P015,C0111,1,12.50
2025-03-24,P002,C0490,2,12.50
2025-06-24,P002,C0043,2,35.00
2025-09-18,P009,C0061,2,19.99
2025-12-06,P018,C0468,-2,79.00
2025-02-27,P019,C0009,10,79.00
2025-03-30,P005,C0386,3,19.99
2025-07-17,P012,C0428,3,12.50
2025-06-16,P002,C0285,5,49.90
2025-04-12,P004,C0411,1,79.00
2025-12-27,P003,C0425,3,12.50
2025-06-16,P016,C0317,3,19.99
2025-01-29,P009,C0423,3,79.00
2025-10-10,P007,C0441,2,79.00
2025-03-04,P020,C0466,4,24.75
2025-07-30,P006,C0246,2,24.75
2025-02-08,P002,C0096,1,35.00
2025-06-25,P012,C0412,4,19.99
2025-12-25,P007,C0023,4,8.90
2025-03-04,P001,C0477,1,49.90
2025-06-09,P009,C0228,2,35.00
2025-03-30,P001,C0449,-2,49.90
2025-10-22,P004,C0066,2,12.50
2025-08-23,P017,C0176,1,24.75
2025-10-15,P013,C0160,5,19.99
2025-01-30,P002,C0375,2,24.75
2025-03-31,P017,C0068,3,35.00
2025-01-09,P001,C0231,5,79.00
2025-07-02,P017,C0470,5,8.90
2025-12-06,P003,C0463,3,8.90
2025-06-16,P008,C0387,10,12.50
2025-09-24,P003,C0219,2,79.00
2025-09-06,P010,C0324,4,19.99
2025-07-12,P009,C0443,2,79.00
2025-11-08,P016,C0320,1,79.00
2025-10-26,P011,C0371,2,35.00
2025-08-31,P005,C0207,2,79.00
2025-09-13,P016,C0426,2,79.00
2025-09-02,P005,C0126,3,19.99
2025-05-10,P009,C0492,1,79.00
2025-11-13,P008,C0017,4,24.75
2025-11-22,P015,C0055,5,24.75
2025-09-12,P005,C0275,3,8.90
2025-08-08,P007,C0034,4,12.50
2025-05-17,P005,C0002,3,79.00
2025-12-31,P013,C0456,2,19.99
2025-02-25,P003,C0147,2,12.50
2025-05-21,P008,C0485,1,19.99
2025-06-21,P007,C0129,2,49.90
2025-06-26,P013,C0052,1,79.00
2025-01-25,P005,C0481,1,19.99
2025-07-03,P007,C0233,4,8.90
2025-02-02,P018,C0209,10,49.90
2025-10-14,P008,C0144,2,35.00
2025-10-21,P017,C0007,3,8.90
2025-09-23,P010,C0331,3,35.00
2025-03-16,P007,C0061,1,19.99
2025-06-09,P003,C0463,4,19.99
2025-09-06,P017,C0190,3,19.99
2025-08-23,P002,C0396,2,19.99
2025-04-15,P007,C0160,4,79.00
2025-04-01,P020,C0192,5,49.90
2025-07-02,P015,C0406,1,24.75
2025-04-23,P013,C0103,1,24.75
2025-02-20,P009,C0336,1,12.50
2025-01-19,P019,C0374,4,35.00
2025-10-26,P004,C0041,4,24.75
2025-09-29,P020,C0413,3,49.90
2025-03-24,P001,C0221,1,24.75
2025-10-26,P011,C0410,2,49.90
2025-01-09,P005,C0286,4,49.90
2025-01-27,P016,C0256,1,35.00
2025-11-25,P013,C0367,2,24.75
2025-08-18,P007,C0126,2,24.75
2025-10-27,P002,C0472,1,35.00
2025-03-02,P017,C0150,4,24.75
2025-04-10,P004,C0378,1,12.50
2025-03-31,P004,C0275,2,24.75
2025-10-22,P012,C0346,2,35.00
2025-04-05,P010,C0229,4,19.99
2025-12-15,P010,C0316,20,12.50
2025-09-25,P019,C0439,1,49.90
2025-04-04,P015,C0144,3,79.00
2025-07-24,P008,C0005,5,35.00
2025-10-22,P008,C0390,1,49.90
2025-05-11,P013,C0320,2,49.90
2025-03-14,P020,C0075,2,49.90
2025-06-15,P017,C0121,10,24.75
2025-03-20,P007,C0388,1,19.99
2025-02-15,P015,C0414,2,24.75
2025-02-18,P007,C0141,2,24.75
2025-02-10,P004,C0452,3,8.90
2025-07-17,P010,C0152,5,79.00
2025-10-07,P011,C0399,1,35.00
2025-02-18,P011,C0378,3,19.99
2025-04-21,P005,C0464,1,19.99
2025-05-16,P017,C0154,2,12.50
2025-09-20,P004,C0271,5,19.99
2025-06-05,P001,C0220,5,19.99
2025-12-15,P018,C0366,1,79.00
2025-01-28,P010,C0084,20,8.90
2025-10-22,P007,C0323,5,12.50
2025-03-04,P017,C0263,5,8.90
2025-11-18,P001,C0183,2,35.00
2025-01-10,P009,C0006,3,35.00
2025-02-09,P012,C0265,1,19.99
2025-04-17,P009,C0215,1,35.00
2025-02-10,P005,C0245,2,19.99
2025-07-23,P018,C0381,20,8.90
2025-05-31,P015,C0473,3,35.00
2025-06-18,P006,C0409,2,79.00
2025-03-13,P017,C0329,10,35.00
2025-08-26,P017,C0248,1,49.90
2025-03-24,P003,C0056,3,19.99
2025-05-02,P008,C0166,1,12.50
2025-12-07,P017,C0468,2,79.00
2025-12-02,P013,C0268,1,49.90
2025-04-17,P019,C0378,1,8.90
2025-03-10,P001,C0478,1,24.75
2025-08-18,P010,C0434,3,24.75
2025-01-01,P009,C0026,3,79.00
2025-10-30,P001,C0465,2,19.99
2025-07-10,P017,C0125,3,24.75
2025-07-29,P016,C0473,1,12.50
2025-09-13,P010,C0105,1,79.00
2025-02-14,P014,C0409,4,79.00
2025-05-29,P010,C0481,5,49.90
2025-07-22,P011,C0134,1,8.90
2025-12-11,P005,C0331,2,49.90
2025-11-23,P006,C0300,4,49.90
2025-04-11,P006,C0489,3,79.00
2025-12-16,P015,C0055,10,35.00
2025-08-26,P019,C0207,2,8.90
2025-04-05,P002,C0169,2,79.00
2025-02-14,P012,C0155,4,35.00
2025-04-13,P019,C0027,20,19.99
2025-05-05,P008,C0475,3,12.50
2025-02-24,P010,C0052,2,49.90
2025-02-07,P011,C0049,5,35.00
2025-08-18,P013,C0140,1,12.50
2025-12-13,P017,C0040,5,19.99
2025-10-29,P018,C0226,2,35.00
2025-03-25,,C0298,1,19.99
2025-02-20,P019,C0065,4,12.50
2025-07-26,P013,C0425,3,35.00
2025-08-28,P010,C0170,2,24.75
2025-12-25,P012,C0356,1,35.00
2025-04-18,P018,C0147,5,24.75
2025-01-22,P011,C0148,3,8.90
2025-05-24,P009,C0429,10,35.00
2025-04-29,P019,C0336,4,8.90
2025-06-24,P006,C0305,4,79.00
2025-07-29,P013,C0157,3,8.90
2025-09-30,P019,C0297,5,24.75
2025-11-15,P020,C0420,5,12.50
2025-09-19,P010,C0340,1,12.50
2025-01-28,P001,C0356,2,35.00
2025-01-14,P003,C0232,3,35.00
2025-11-13,P018,C0038,20,35.00
2025-04-27,P005,C0457,2,49.90
2025-05-01,P007,C0182,1,79.00
2025-04-30,P019,C0037,4,79.00
2025-02-06,P001,C0071,2,79.00
2025-03-14,P016,C0302,3,12.50
2025-09-06,P020,C0359,1,35.00
2025-10-14,P007,C0190,4,12.50
2025-02-27,P012,C0413,3,24.75
2025-06-06,P006,C0242,3,19.99
2025-08-04,P002,C0380,5,19.99
2025-09-01,P014,C0031,1,12.50
2025-05-16,P004,C0098,1,35.00
2025-04-09,P004,C0102,2,12.50
2025-07-20,P004,C0218,4,8.90
2025-10-13,P005,C0185,2,24.75
2025-08-18,P002,C0451,2,49.90
2025-09-01,P010,C0485,5,19.99
2025-08-12,P018,C0420,1,24.75
2025-07-13,P008,C0025,2,49.90
2025-07-22,P010,C0205,2,19.99
2025-11-08,P011,C0121,2,49.90
2025-03-12,P017,C0099,1,12.50
2025-05-14,P005,C0479,4,24.75
2025-12-11,P007,C0207,3,79.00
2025-02-03,P003,C0343,2,24.75
2025-02-23,P002,C0185,5,8.90
2025-04-26,P017,C0234,1,35.00
2025-10-23,P002,C0144,1,49.90
2025-06-26,P012,C0380,20,79.00
2025-04-26,P002,C0072,0,49.90
2025-03-31,P019,C0137,2,49.90
2025-04-27,P009,C0166,5,19.99
2025-12-25,P006,C0109,10,24.75
2025-07-23,P019,C0290,3,49.90
2025-03-08,P008,C0396,2,49.90
2025-12-12,P011,C0381,3,24.75
2025-07-19,P005,C0169,10,79.00
2025-08-11,P008,C0114,10,19.99
2025-07-23,P006,C0167,4,24.75
2025-05-13,P019,C0402,4,19.99
2025-05-06,P006,C0450,2,19.99
2025-01-09,P015,C0456,2,49.90
2025-12-22,P018,C0366,3,12.50
2025-05-10,P004,C0295,5,79.00
2025-01-24,P013,C0002,3,35.00
2025-03-18,P004,C0441,4,24.75
2025-01-12,P012,C0138,1,8.90
2025-10-13,P020,C0248,3,35.00
2025-05-04,P018,C0356,1,49.90
2025-10-21,P010,C0384,5,79.00
2025-11-01,P013,C0281,1,19.99
2025-04-27,P006,C0266,2,12.50
2025-07-13,P003,C0155,1,12.50
2025-06-11,P010,C0033,3,19.99
2025-12-13,P018,C0257,3,79.00
2025-01-04,P015,C0229,4,35.00
2025-12-23,P010,C0042,1,19.99
2025-01-11,P002,C0201,3,79.00
2025-09-13,P012,C0257,4,24.75
2025-08-28,P013,C0065,1,8.90
2025-06-18,P016,C0458,2,35.00
2025-04-28,P006,C0334,1,24.75
2025-03-10,P002,C0075,4,24.75
2025-10-04,P013,C0067,1,49.90
2025-12-08,P019,C0391,1,49.90
2025-01-01,P002,C0472,4,8.90
2025-02-27,P002,C0089,2,24.75
2025-08-14,P010,C0170,2,35.00
2025-11-23,P013,C0421,2,79.00
2025-04-06,P006,C0133,5,49.90
2025-02-18,P009,C0231,3,19.99
2025-08-11,P009,C0199,2,12.50
2025-08-07,P004,C0207,1,19.99
2025-11-23,P005,C0385,5,19.99
2025-08-02,P015,C0196,4,49.90
2025-10-23,P003,C0325,1,8.90
2025-10-15,P011,C0378,2,35.00
2025-01-29,P017,C0136,2,8.90
2025-06-16,P010,C0134,1,12.50
2025-04-02,P014,C0276,2,79.00
2025-08-08,P003,C0015,3,49.90
2025-09-14,P011,C0029,-2,12.50
2025-07-10,P012,C0314,2,24.75
2025-06-12,P020,C0196,1,19.99
2025-06-20,P016,C0439,2,19.99
2025-06-09,P002,C0464,2,12.50
2025-01-26,P010,C0328,2,19.99
2025-05-05,P006,C0204,2,12.50
2025-10-26,P012,C0376,1,19.99
2025-04-04,P020,C0462,1,24.75
2025-12-25,P014,C0032,3,24.75
2025-06-27,P003,C0301,1,12.50
2025-12-10,P019,C0150,4,19.99
2025-08-08,P007,C0170,5,49.90
2025-05-12,P018,C0498,5,24.75
2025-02-28,P011,C0133,5,35.00
2025-03-29,P015,C0399,5,49.90
2025-04-25,P017,C0429,1,49.90
2025-07-12,P002,C0435,5,8.90
2025-08-01,P002,C0327,4,49.90
2025-01-20,P012,C0010,3,12.50
2025-03-14,P005,C0342,5,24.75
2025-01-21,P010,C0086,10,12.50
2025-05-05,P020,C0026,5,35.00
2025-06-13,P008,C0250,5,12.50
2025-08-20,P009,C0086,1,12.50
2025-06-07,P001,C0379,2,79.00
2025-01-19,P002,C0132,1,35.00
2025-08-12,P017,C0067,1,12.50
2025-01-20,P001,C0110,5,12.50
2025-11-16,P001,C0059,2,49.90
2025-01-29,P018,C0285,2,24.75
2025-09-09,P020,C0179,2,35.00
2025-04-30,P017,C0494,4,49.90
2025-11-25,P008,C0449,3,24.75
2025-11-01,P010,C0273,2,12.50
2025-10-08,P018,C0140,3,35.00
2025-12-05,P006,C0151,5,12.50
2025-12-25,P010,C0378,4,49.90
2025-02-11,P009,C0210,1,19.99
2025-10-23,P002,C0472,3,24.75
2025-11-13,P014,C0429,-2,35.00
2025-07-08,P010,C0194,2,24.75
2025-11-18,P007,C0101,1,35.00
2025-10-11,P019,C0159,2,35.00
2025-06-21,P012,C0471,4,79.00
2025-10-26,P014,C0401,3,35.00
2025-10-05,P013,C0380,5,19.99
2025-11-12,P003,C0403,4,79.00
2025-01-22,P004,C0266,1,19.99
2025-05-10,P009,C0493,5,19.99
2025-03-17,P012,C0162,2,24.75
2025-09-30,P012,C0399,1,19.99
2025-12-16,P006,C0112,1,12.50
2025-01-17,P016,C0009,1,79.00
2025-08-03,P001,C0033,3,49.90
2025-06-06,P013,C0260,4,35.00
2025-02-21,P017,C0039,2,12.50
2025-03-06,P014,C0092,1,19.99
2025-08-07,P002,C0315,3,8.90
2025-07-10,P019,C0100,3,35.00
2025-04-30,P002,C0233,-2,19.99
2025-05-06,P016,C0059,1,12.50
2025-04-28,P006,C0095,4,19.99
2025-11-20,P005,C0175,1,24.75
2025-08-11,P017,C0167,1,49.90
2025-06-29,P009,C0179,1,79.00
2025-04-24,P011,C0274,3,35.00
2025-07-05,P018,C0059,1,79.00
2025-03-31,P009,C0218,5,8.90
2025-09-18,P005,C0390,10,79.00
2025-12-31,P003,C0005,5,49.90
2025-02-24,P014,C0421,1,8.90
2025-12-03,P006,C0363,2,49.90
2025-09-22,P010,C0077,2,12.50
2025-03-12,P001,C0071,5,35.00
2025-11-27,P009,C0129,10,24.75
2025-05-10,P013,C0305,2,35.00
2025-12-27,P019,C0354,3,35.00
2025-06-16,P009,C0119,2,24.75
2025-12-16,P019,C0445,5,49.90
2025-02-14,P015,C0312,5,35.00
2025-09-02,P005,C0264,1,8.90
2025-11-14,P016,C0346,2,35.00
2025-07-26,P019,C0231,1,49.90
2025-06-30,P015,C0237,1,19.99
2025-05-30,P018,C0384,1,79.00
2025-07-28,P001,C0200,3,8.90
2025-02-10,P005,C0189,3,24.75
2025-11-12,P014,C0288,2,8.90
2025-05-12,P016,C0414,4,35.00
2025-12-13,P018,C0125,1,24.75
2025-04-28,P011,C0201,1,8.90
2025-06-07,P020,C0182,4,24.75
2025-04-19,P012,C0160,1,12.50
2025-12-13,P009,C0016,3,79.00
2025-12-13,P009,C0195,2,19.99
2025-04-22,P019,C0447,2,49.90
2025-03-29,P013,C0008,1,24.75
2025-04-09,P018,C0406,20,19.99
2025-09-14,P008,C0257,1,8.90
2025-12-19,P010,C0235,4,49.90
2025-03-04,P012,C0354,1,8.90
2025-04-19,P019,C0121,2,8.90
2025-02-15,P007,C0328,4,12.50
2025-12-07,P019,C0309,1,35.00
2025-02-16,P006,C0160,2,24.75
2025-02-11,P008,C0246,10,79.00
2025-10-31,P010,C0329,3,79.00
2025-10-16,P016,C0478,3,19.99
2025-01-24,P017,C0076,5,12.50
2025-07-24,P018,C0351,5,12.50
2025-09-27,P017,C0462,2,79.00
2025-04-04,P002,C0078,1,8.90
2025-07-23,P012,C0047,3,19.99
2025-04-08,P003,C0452,4,12.50
2025-06-08,P002,C0332,3,79.00
2025-06-17,P013,C0396,5,12.50
2025-11-04,P011,C0245,2,24.75
2025-11-15,P012,C0399,5,8.90
2025-03-27,P017,C0128,1,35.00
2025-12-19,P007,C0312,20,8.90
2025-09-18,P008,C0378,1,8.90
2025-08-24,P017,C0389,3,12.50
2025-07-07,P015,C0356,3,8.90
2025-12-13,P002,C0152,4,24.75
2025-07-02,P009,C0372,2,35.00
2025-12-01,P016,C0110,3,12.50
2025-01-02,P018,C0261,4,8.90
2025-11-18,P020,C0380,1,35.00
2025-08-24,P007,C0251,4,79.00
2025-10-23,P018,C0268,5,19.99
2025-10-04,P018,C0068,1,12.50
2025-09-30,P020,C0290,10,79.00
2025-06-22,P012,C0257,5,35.00
2025-06-15,P020,C0367,1,24.75
2025-07-07,P002,C0331,5,19.99
2025-04-04,P006,C0145,5,12.50
2025-11-20,P011,C0377,1,8.90
2025-07-20,P005,C0413,3,49.90
2025-09-01,P020,C0292,5,8.90
2025-10-04,P003,C0479,2,24.75
2025-04-27,P016,C0494,1,12.50
2025-09-12,P007,C0380,2,49.90
2025-01-22,P012,C0135,3,79.00
2025-07-03,P011,C0212,3,79.00
2025-02-17,P010,C0294,2,35.00
2025-08-31,P005,C0422,3,8.90
2025-12-04,P015,C0406,1,79.00
2025-01-19,P005,C0371,3,49.90
2025-11-01,P001,C0352,2,19.99
2025-01-21,P018,C0178,3,12.50
2025-11-19,P001,C0130,3,35.00
2025-03-02,P016,C0172,3,24.75
2025-06-04,P016,C0319,-2,35.00
2025-01-31,P019,C0436,1,49.90
2025-08-16,P003,C0055,1,19.99
2025-05-15,P019,C0077,5,49.90
2025-08-03,P003,C0042,1,8.90
2025-02-05,P006,C0252,5,49.90
2025-02-01,P016,C0254,3,8.90
2025-01-13,P010,C0017,1,8.90
2025-12-19,P018,C0423,3,79.00
2025-07-14,P017,C0218,1,35.00
2025-05-25,P007,C0171,2,49.90
2025-09-08,P012,C0081,2,35.00
2025-02-05,P020,C0140,5,24.75
2025-07-16,P017,C0073,1,8.90
2025-04-04,P011,C0285,3,35.00
2025-09-22,P019,C0063,3,35.00
2025-05-01,P005,C0367,10,79.00
2025-12-09,P003,C0154,1,12.50
2025-04-14,P010,C0192,0,79.00
2025-12-26,P002,C0147,1,49.90
2025-10-05,P005,C0118,2,12.50
2025-03-12,P002,C0354,3,24.75
2025-05-17,P014,C0075,4,12.50
2025-08-29,P010,C0065,4,19.99
2025-03-25,P019,C0441,1,12.50
2025-09-09,P015,C0348,2,35.00
2025-10-12,P001,C0412,5,24.75
2025-09-24,P018,C0114,3,49.90
2025-04-30,P009,C0430,4,8.90
2025-10-26,P020,C0111,10,49.90
2025-02-17,P019,C0242,5,8.90
2025-09-16,P018,C0340,0,19.99
2025-05-23,P019,C0063,2,19.99
2025-03-07,P019,C0167,2,8.90
2025-02-07,P019,C0301,1,19.99
2025-05-22,P009,C0407,1,79.00
2025-05-13,P018,C0177,3,19.99
2025-03-02,P007,C0380,-2,8.90
2025-07-25,P009,C0344,2,19.99
2025-02-13,P002,C0074,1,12.50
2025-09-30,P015,C0295,2,19.99
2025-04-24,P018,C0358,10,79.00
2025-01-30,P003,C0399,1,19.99
2025-05-28,P018,C0473,2,49.90
2025-09-24,P004,C0014,1,12.50
2025-11-09,P008,C0179,1,79.00
2025-10-08,P012,C0332,4,79.00
2025-08-15,P017,C0331,1,24.75
2025-11-04,P019,C0079,4,24.75
2025-07-23,P018,C0131,4,24.75
2025-01-22,P009,C0462,2,35.00
2025-09-03,P009,C0023,3,79.00
2025-12-20,P018,C0388,1,24.75
2025-02-02,P010,C0424,1,8.90
2025-07-29,P012,C0026,1,8.90
2025-09-11,P007,C0283,3,49.90
2025-04-28,P009,C0439,5,35.00
2025-09-23,P001,C0195,3,19.99
2025-05-05,P002,C0326,1,19.99
2025-10-29,P012,C0127,2,8.90
2025-07-13,P005,C0276,2,79.00
2025-10-12,P007,C0149,1,12.50
2025-04-08,P014,C0095,5,49.90
2025-04-08,P005,C0232,1,35.00
2025-01-12,P019,C0383,2,12.50
2025-09-11,P008,C0367,20,79.00
2025-10-16,P005,C0136,1,12.50
2025-07-22,P011,C0440,1,79.00
2025-08-01,P014,C0418,2,8.90
2025-05-16,P016,C0484,1,79.00
2025-04-30,P001,C0228,2,24.75
2025-08-15,P012,C0234,5,19.99
2025-02-21,P013,C0441,5,24.75
2025-05-04,P013,C0181,3,8.90
2025-05-21,P017,C0445,1,19.99
2025-12-18,P009,C0187,5,8.90
2025-03-28,P001,C0500,1,19.99
2025-12-26,P007,C0420,1,12.50
2025-03-29,P011,C0007,2,49.90
2025-08-16,P008,C0033,1,19.99
2025-12-13,P016,C0139,1,19.99
2025-03-23,P020,C0118,1,12.50
2025-06-27,P017,C0168,10,35.00
2025-01-28,P008,C0319,2,35.00
2025-06-19,P016,C0497,2,35.00
2025-03-01,P008,C0212,3,12.50
2025-12-02,P008,C0434,2,19.99
2025-12-23,P002,C0498,1,24.75
2025-02-21,P017,C0279,5,35.00
2025-05-05,P015,C0089,2,79.00
2025-05-01,P003,C0388,1,49.90
2025-02-12,P015,C0303,4,79.00
2025-02-03,P005,C0293,2,35.00
2025-08-20,P014,C0150,5,35.00
2025-07-28,P007,C0434,2,49.90
2025-05-23,P018,C0226,2,8.90
2025-07-13,P020,C0062,3,35.00
2025-05-27,P013,C0378,3,35.00
2025-04-02,P006,C0203,1,19.99
2025-08-20,P009,C0356,1,12.50
2025-02-01,P004,C0231,3,19.99
2025-03-27,P013,C0256,1,24.75
2025-07-13,P001,C0009,4,79.00
2025-09-04,P015,C0435,5,79.00
2025-11-06,P016,C0467,2,24.75
2025-01-03,P019,C0104,4,35.00
2025-01-03,P005,C0214,2,79.00
2025-09-11,P012,C0099,2,24.75
2025-03-25,P018,C0171,3,12.50
2025-03-21,P005,C0474,1,49.90
2025-08-19,P017,C0397,20,35.00
2025-09-18,P014,C0433,2,19.99
2025-03-29,P018,C0263,5,24.75
2025-08-24,P006,C0019,4,19.99
2025-10-18,P005,C0460,1,79.00
2025-09-01,P010,C0250,2,49.90
2025-06-19,P001,C0251,1,49.90
2025-09-05,P007,C0351,3,8.90
2025-04-30,P003,C0181,2,79.00
2025-01-12,P018,C0419,2,35.00
2025-12-16,P007,C0425,1,8.90
2025-04-11,P005,C0151,2,19.99
2025-04-15,P016,C0254,4,19.99
2025-04-30,P010,C0418,1,12.50
2025-04-23,P010,C0151,3,24.75
2025-01-13,P007,C0211,1,12.50
2025-01-25,P014,C0304,2,79.00
2025-03-04,P008,C0229,2,19.99
2025-02-20,P009,C0472,4,24.75
2025-01-14,P015,C0402,1,49.90
2025-04-16,P004,C0288,2,35.00
2025-04-18,P020,C0096,2,24.75
2025-04-28,P001,C0450,4,79.00
2025-10-13,P007,C0494,2,79.00
2025-09-02,P001,C0367,1,79.00
2025-02-28,P018,C0458,2,8.90
2025-04-24,P019,C0170,4,79.00
2025-06-17,P018,C0344,3,49.90
2025-09-08,P013,C0279,1,79.00
2025-10-08,P008,C0454,1,19.99
2025-07-14,P001,C0123,2,35.00
2025-08-31,P005,C0214,5,8.90
2025-08-26,P004,C0206,5,35.00
2025-09-07,P017,C0064,20,8.90
2025-05-09,P003,C0079,1,24.75
2025-08-27,P008,C0308,1,19.99
2025-11-07,P009,C0157,4,12.50
2025-12-16,P007,C0339,3,35.00
2025-10-03,P007,C0252,2,12.50
2025-05-20,P008,C0488,4,24.75
2025-04-16,P002,C0381,1,35.00
2025-01-18,P012,C0049,10,8.90
2025-03-04,P001,C0055,3,35.00
2025-11-02,P013,C0497,3,8.90
2025-08-16,P016,C0383,4,49.90
2025-04-11,P009,C0161,2,8.90
2025-10-11,P003,C0301,2,12.50
2025-08-24,P015,C0321,1,8.90
2025-05-23,P016,C0470,2,12.50
2025-08-25,P006,C0439,2,49.90
2025-01-20,P002,C0312,1,24.75
2025-06-08,P010,C0285,3,49.90
2025-01-25,P014,C0048,1,12.50
2025-03-16,P013,C0020,2,12.50
2025-10-30,P011,C0373,1,35.00
2025-02-21,P013,C0272,5,24.75
2025-04-22,P006,C0106,3,24.75
2025-10-11,P003,C0113,20,12.50
2025-05-26,P007,C0450,1,24.75
2025-04-11,P015,C0270,5,19.99
2025-03-19,P002,C0372,5,8.90
2025-02-12,P002,C0351,5,12.50
2025-04-28,P007,C0434,5,49.90
2025-06-26,P016,C0288,2,49.90
2025-11-23,P020,C0200,1,35.00
2025-08-11,P014,C0444,1,12.50
2025-09-21,P005,C0366,1,24.75
2025-08-31,P005,C0301,10,35.00
2025-11-30,P001,C0030,2,35.00
2025-02-21,P002,C0405,2,35.00
2025-01-15,P010,C0125,2,8.90
2025-08-31,P004,C0340,20,35.00
2025-01-17,P019,C0102,4,19.99
2025-04-29,P014,C0157,5,35.00
2025-12-13,P006,C0250,5,8.90
2025-03-28,P019,C0301,2,49.90
2025-12-04,P003,C0391,1,8.90
2025-08-04,P010,C0377,2,35.00
2025-08-19,P013,C0350,1,24.75
2025-01-17,P005,C0430,1,49.90
2025-05-06,P001,C0332,2,19.99
2025-03-17,P010,C0112,0,35.00
2025-06-11,P006,C0435,5,49.90
2025-01-21,P006,C0287,1,79.00
2025-12-12,P008,C0249,4,8.90
2025-02-26,P004,C0253,1,24.75
2025-03-14,P018,C0438,3,12.50
2025-06-25,P007,C0010,10,12.50
2025-08-30,P014,C0258,20,19.99
2025-11-17,P005,C0309,1,12.50
2025-06-21,P011,C0112,4,35.00
2025-07-18,P004,C0179,2,12.50
2025-02-09,P017,C0415,10,35.00
2025-08-29,P013,C0379,4,79.00
2025-01-19,P016,C0015,1,49.90
2025-11-23,P016,C0464,2,24.75
2025-10-11,P018,C0252,5,79.00
2025-06-20,P018,C0284,2,49.90
2025-02-13,P003,C0313,1,49.90
2025-08-09,P016,C0415,4,79.00
2025-10-07,P008,C0492,1,24.75
2025-09-04,P014,C0146,5,19.99
2025-02-23,P016,C0200,2,24.75
2025-11-24,P008,C0095,1,49.90
2025-06-02,P002,C0346,3,19.99
2025-12-20,P014,C0036,5,79.00
2025-08-16,P001,C0293,5,35.00
2025-09-22,P020,C0093,3,35.00
2025-11-08,P020,C0314,2,79.00
2025-03-05,P004,C0406,-2,35.00
2025-08-27,P008,C0061,10,79.00
2025-04-15,P007,C0331,1,12.50
2025-11-08,P013,C0454,3,8.90
2025-04-10,P010,C0174,4,49.90
2025-01-02,P009,C0239,2,49.90
2025-12-12,P015,C0358,2,79.00
2025-03-19,P015,C0322,2,35.00
2025-06-22,P002,C0465,10,24.75
2025-01-11,P020,C0156,5,12.50
2025-01-15,P009,C0388,5,79.00
2025-07-03,P010,C0094,1,8.90
2025-04-21,P001,C0121,4,79.00
2025-09-28,P019,C0256,2,8.90
2025-11-19,P019,C0378,1,12.50
2025-12-06,P007,C0126,2,79.00
2025-11-06,P010,C0313,2,12.50
2025-02-26,P019,C0118,1,79.00
2025-12-25,P014,C0288,1,24.75
2025-12-10,P008,C0461,1,19.99
2025-06-17,P011,C0285,2,35.00
2025-07-28,P012,C0347,0,24.75
2025-06-15,P001,C0014,1,24.75
2025-03-03,P003,C0451,2,49.90
2025-09-08,P010,C0306,4,49.90
2025-11-20,P019,C0291,4,12.50
2025-01-28,P001,C0144,5,24.75
2025-11-11,P020,C0101,3,24.75
2025-08-05,P017,C0236,3,8.90
2025-02-25,P012,C0339,5,79.00
2025-06-17,P009,C0256,1,12.50
2025-01-07,P014,C0032,10,49.90
2025-03-04,P003,C0324,5,24.75
2025-07-05,P018,C0030,2,12.50
2025-10-04,P017,C0293,1,8.90
2025-05-07,P018,C0476,5,49.90
2025-05-11,P019,C0389,4,79.00
2025-09-23,P017,C0483,5,12.50
2025-10-21,P019,C0066,5,8.90
2025-09-07,P010,C0235,1,49.90
2025-07-17,P020,C0131,2,8.90
2025-08-13,P019,C0157,3,24.75
2025-10-22,P013,C0293,1,49.90
2025-01-14,P011,C0482,2,79.00
2025-08-26,P008,C0070,2,24.75
2025-11-16,P016,C0490,2,12.50
2025-10-03,P020,C0396,2,24.75
2025-07-31,P017,C0246,2,8.90
2025-06-20,P012,C0402,5,24.75
2025-06-18,P014,C0450,10,79.00
2025-10-23,P002,C0142,1,24.75
2025-07-19,P014,C0377,1,12.50
2025-05-16,P002,C0429,10,12.50
2025-05-15,P009,C0173,20,79.00
2025-08-04,P016,C0058,3,24.75
2025-08-26,P004,C0389,1,49.90
2025-02-27,P018,C0172,3,79.00
2025-01-19,P001,C0117,1,8.90
2025-10-31,P010,C0066,2,12.50
2025-06-22,P020,C0317,1,24.75
2025-05-15,P015,C0240,2,35.00
2025-08-24,P004,C0191,3,49.90
2025-02-15,P017,C0223,2,79.00
2025-04-13,P014,C0078,1,19.99
2025-06-25,P018,C0227,1,35.00
2025-09-05,P003,C0083,5,8.90
2025-01-03,P020,C0078,2,12.50
2025-01-31,P011,C0434,2,49.90
2025-02-20,P007,C0388,5,35.00
2025-08-15,P015,C0164,2,8.90
2025-09-08,P018,C0225,1,35.00
2025-08-26,P018,C0427,3,24.75
2025-07-15,P004,C0257,2,49.90
2025-06-29,P018,C0486,3,8.90
2025-08-06,P010,C0473,0,12.50
2025-08-02,P005,C0498,1,12.50
2025-09-06,P001,C0355,10,19.99
2025-11-20,P015,C0094,1,35.00
2025-10-08,P007,C0090,4,49.90
2025-11-30,P009,C0067,4,12.50
2025-07-06,P017,C0368,10,49.90
2025-01-16,P008,C0477,2,79.00
2025-06-08,P007,C0034,2,49.90
2025-01-22,P010,C0405,3,12.50
2025-04-09,P011,C0056,2,8.90
2025-10-20,P009,C0209,4,35.00
2025-04-26,P009,C0463,2,12.50
2025-07-31,P007,C0111,2,19.99
2025-06-29,P001,C0269,4,35.00
2025-05-21,P007,C0082,1,49.90
2025-06-13,P016,C0465,4,24.75
2025-07-12,P010,C0306,3,35.00
2025-05-01,P005,C0470,3,24.75
2025-09-29,P005,C0325,3,35.00
2025-08-25,P005,C0354,5,35.00
2025-04-22,P005,C0497,3,24.75
2025-01-07,P018,C0330,10,35.00
2025-01-07,P019,C0201,1,12.50
2025-08-14,P012,C0341,2,24.75
2025-10-05,P019,C0287,5,12.50
2025-07-19,P006,C0279,2,12.50
2025-10-01,P020,C0076,3,79.00
2025-12-21,P017,C0474,2,19.99
2025-11-02,P014,C0456,1,12.50
2025-02-14,P004,C0306,3,8.90
2025-05-02,P017,C0035,1,79.00
2025-03-01,P003,C0499,5,79.00
2025-02-14,P006,C0070,2,49.90
2025-04-09,P019,C0446,1,49.90
2025-05-12,P008,C0244,2,12.50
2025-07-03,P004,C0350,3,8.90
2025-10-02,P016,C0156,0,35.00
2025-04-01,P004,C0182,1,79.00
2025-03-24,P012,C0374,1,49.90
2025-08-26,P003,C0089,3,79.00
2025-11-09,P004,C0344,3,19.99
2025-05-25,P003,C0063,4,12.50
2025-03-29,P017,C0194,2,49.90
2025-03-31,P003,C0125,1,12.50
2025-07-05,P015,C0301,5,19.99
2025-10-12,P003,C0454,5,49.90
2025-11-09,P011,C0108,1,49.90
2025-12-02,P006,C0006,3,49.90
2025-04-29,P001,C0379,3,24.75
2025-05-04,P010,C0291,1,8.90
2025-01-13,P011,C0172,5,8.90
2025-10-18,P018,C0101,10,19.99
2025-12-26,P017,C0434,5,49.90
2025-08-10,P010,C0463,2,79.00
2025-08-13,P009,C0201,4,12.50
2025-06-21,P018,C0223,2,19.99
2025-06-22,P006,C0396,2,79.00
2025-02-09,P004,C0156,4,8.90
2025-01-08,P009,C0457,10,24.75
2025-04-29,P007,C0403,5,8.90
2025-03-10,P009,C0445,1,49.90
2025-10-15,P006,C0498,2,24.75
2025-08-29,P020,C0253,5,49.90
2025-07-23,P019,C0232,2,19.99
2025-12-02,P009,C0024,3,12.50
2025-06-20,P019,C0404,4,12.50
2025-11-16,P006,C0285,1,19.99
2025-06-10,P019,C0133,2,19.99
2025-05-20,P016,C0308,1,8.90
2025-10-10,P001,C0155,3,49.90
2025-08-04,P004,C0304,2,24.75
2025-01-10,P013,C0111,3,79.00
2025-01-17,P013,C0385,3,24.75
2025-04-12,P001,C0478,2,35.00
2025-12-19,P001,C0101,2,12.50
2025-08-17,P015,C0362,3,8.90
2025-09-28,P013,C0339,5,12.50
2025-12-20,P003,C0143,1,35.00
2025-12-12,P015,C0186,2,24.75
2025-07-27,P016,C0065,1,24.75
2025-05-25,P012,C0298,1,24.75
2025-10-01,P015,C0465,2,19.99
2025-08-18,P019,C0030,4,12.50
2025-05-14,P006,C0259,4,19.99
2025-02-02,P004,C0188,2,19.99
2025-12-30,P012,C0340,1,35.00
2025-10-17,P019,C0336,1,49.90
2025-04-26,P002,C0379,3,49.90
2025-02-07,P015,C0174,5,49.90
2025-02-09,P004,C0127,2,12.50
2025-01-21,P002,C0136,3,49.90
2025-01-04,P018,C0156,4,35.00
2025-07-05,P008,C0013,2,12.50
2025-01-07,P017,C0127,10,49.90
2025-10-07,P010,C0080,1,12.50
2025-11-16,P008,C0335,5,79.00
2025-05-10,P010,C0124,3,19.99
2025-01-25,P013,C0419,2,12.50
2025-03-23,P009,C0402,5,79.00
2025-12-16,P010,C0160,4,19.99
2025-12-29,P013,C0308,2,35.00
2025-09-20,P017,C0153,2,49.90
2025-11-12,P015,C0282,2,35.00
2025-03-13,P017,C0417,2,79.00
2025-01-07,P018,C0141,2,35.00
2025-10-10,P014,C0302,2,49.90
2025-01-23,P015,C0054,3,49.90
2025-03-18,P006,C0089,20,49.90
2025-10-17,P014,C0040,20,49.90
2025-06-04,P011,C0310,1,49.90
2025-10-16,P007,C0155,5,35.00
2025-12-08,P016,C0395,4,12.50
2025-05-31,P018,C0416,4,49.90
2025-07-22,P015,C0491,3,19.99
2025-03-04,P019,C0202,5,24.75
2025-01-08,P012,C0078,1,24.75
2025-01-03,P020,C0259,3,12.50
2025-06-19,P019,C0003,10,49.90
2025-01-04,P003,C0343,10,8.90
2025-06-09,P010,C0349,1,12.50
2025-09-20,P018,C0296,3,35.00
2025-07-06,P004,C0441,1,79.00
2025-08-30,P004,C0459,1,8.90
2025-02-23,P014,C0095,1,35.00
2025-12-06,P009,C0240,3,49.90
2025-12-23,P007,C0313,4,35.00
2025-09-25,P001,C0293,2,49.90
2025-08-28,P001,C0208,1,24.75
2025-10-22,P003,C0263,4,79.00
2025-01-20,P008,C0058,1,35.00
2025-09-08,P010,C0082,1,24.75
2025-11-22,P005,C0082,1,49.90
2025-12-15,P020,C0404,0,35.00
2025-12-08,P018,C0317,10,49.90
2025-04-01,P014,C0384,1,8.90
2025-09-27,P013,C0238,5,8.90
2025-11-12,P015,C0222,2,24.75
2025-01-14,P011,C0006,4,8.90
2025-10-18,P018,C0353,1,79.00
2025-01-27,P003,C0394,1,8.90
2025-08-18,P010,C0028,2,35.00
2025-07-16,P012,C0387,2,19.99
2025-09-01,P003,C0228,1,12.50
2025-03-21,P002,C0464,5,49.90
2025-08-26,P010,C0301,3,35.00
2025-01-21,P017,C0333,2,35.00
2025-11-11,P001,C0053,3,8.90
2025-01-19,P013,C0454,2,49.90
2025-02-19,P014,C0408,3,35.00
2025-06-21,P004,C0332,1,8.90
2025-12-26,P001,C0418,0,49.90
2025-12-19,P006,C0184,5,19.99
2025-01-30,P019,C0458,1,79.00
2025-12-18,P015,C0331,10,24.75
2025-03-11,P009,C0445,2,19.99
2025-07-02,P010,C0400,10,19.99
2025-04-23,P007,C0112,10,19.99
2025-02-16,P008,C0266,3,24.75
2025-07-19,P006,C0112,4,19.99
2025-11-24,P012,C0297,20,79.00
2025-01-01,P015,C0368,2,49.90
2025-10-13,P009,C0333,2,19.99
2025-09-11,P018,C0305,10,12.50
2025-05-27,P017,C0107,3,35.00
2025-06-09,P017,C0194,2,35.00
2025-04-09,P012,C0032,4,19.99
2025-08-17,P014,C0304,4,79.00
2025-06-27,P019,C0290,10,12.50
2025-05-02,P009,C0181,1,12.50
2025-01-01,P003,C0117,10,79.00
2025-05-02,P014,C0425,1,8.90
2025-05-23,P016,C0045,1,35.00
2025-05-20,P011,C0046,4,12.50
2025-04-03,P013,C0152,3,35.00
2025-10-05,P008,C0359,4,8.90
2025-04-21,P014,C0091,4,49.90
2025-05-29,P001,C0183,5,8.90
2025-12-12,P018,C0495,1,35.00
2025-12-17,P008,C0250,4,8.90
2025-06-12,P014,C0445,2,12.50
2025-03-10,P006,C0336,1,12.50
2025-07-13,P001,C0033,1,79.00
2025-03-16,P018,C0281,0,19.99
2025-12-04,P016,C0358,4,19.99
2025-03-22,P014,C0410,5,79.00
2025-12-05,P013,C0445,1,24.75
2025-01-30,P013,C0096,4,19.99
2025-11-12,P014,C0068,1,49.90
2025-05-07,P005,C0455,2,49.90
2025-10-14,P017,C0127,3,19.99
2025-10-03,P013,C0380,3,12.50
2025-04-21,P006,C0088,5,8.90
2025-11-06,P005,C0238,2,12.50
2025-12-08,P016,C0094,3,24.75
2025-04-13,P009,C0054,10,35.00
2025-01-25,P018,C0068,2,24.75
2025-12-10,P005,C0244,1,24.75
2025-04-17,P007,C0049,1,12.50
2025-06-17,P001,C0459,1,19.99
2025-03-06,P010,C0279,5,79.00
2025-09-14,P011,C0292,10,24.75
2025-09-20,P010,C0237,5,49.90
2025-03-25,P005,C0296,3,19.99
2025-09-17,P017,C0155,2,24.75
2025-05-21,P007,C0425,1,19.99
2025-08-05,P016,C0319,4,12.50
2025-07-15,P016,C0073,4,19.99
2025-03-02,P013,C0053,10,8.90
2025-12-21,P010,C0387,4,35.00
2025-11-13,P010,C0128,2,24.75
2025-05-09,P013,C0257,1,19.99
2025-12-28,P001,C0205,2,19.99
2025-06-17,P016,C0050,3,35.00
2025-10-06,P008,C0389,2,49.90
2025-09-17,P016,C0402,2,79.00
2025-03-15,P005,C0324,10,49.90
